dias_descanso_eq1,dias_descanso_eq2,racha_eq1,racha_eq2,victorias_eq1_vs_eq2,victorias_eq2_vs_eq1,delta_rating_of,delta_rating_def,delta_margen_victoria,delta_simple_rating,delta_ws_total,delta_racha,puntos_eq1,puntos_eq2,asistencias_eq1,asistencias_eq2,minutos_eq1,minutos_eq2,pct_tiros_eq1,pct_tiros_eq2,pct_triples_eq1,pct_triples_eq2,pct_libres_eq1,pct_libres_eq2,equipo1_gana
0,0,0,0,1,0,2.0999999999999943,-3.200000000000003,5.01,4.6899999999999995,21.00999999999999,0,132,109,33,20,240,239,0.4059090909090909,0.4455833333333334,0.32245454545454544,0.3196666666666667,0.22727272727272727,0.36116666666666664,1
0,0,0,0,1,1,-0.6999999999999886,3.200000000000003,-3.7800000000000002,-3.7,32.39,0,110,103,22,17,240,239,0.3978,0.3783333333333333,0.1309,0.24644444444444444,0.4617,0.5701111111111111,1
0,0,0,0,0,1,-1.5,-1.2000000000000028,-0.33000000000000007,0.050000000000000044,-37.67999999999999,0,109,115,22,32,241,241,0.4944,0.43674999999999997,0.1404,0.20716666666666664,0.5277999999999999,0.6204166666666667,0
0,0,0,0,1,1,6.099999999999994,-0.09999999999999432,5.98,5.54,-40.08,0,120,116,25,21,241,240,0.4757777777777778,0.42939999999999995,0.21288888888888888,0.27240000000000003,0.6444444444444444,0.5083,1
0,0,0,0,1,1,4.099999999999994,3.3000000000000114,0.68,0.8099999999999999,13.359999999999971,0,97,116,24,28,240,239,0.40358333333333335,0.2776666666666667,0.31075,0.26666666666666666,0.4000000000000001,0.3110666666666667,0
0,0,0,0,0,1,-4.0,4.799999999999997,-8.71,-8.41,20.89999999999999,0,109,124,18,27,240,239,0.42346153846153844,0.3553571428571428,0.17223076923076922,0.2547857142857143,0.4423076923076923,0.2978571428571429,0
0,0,0,0,0,1,-11.200000000000003,2.5999999999999943,-13.829999999999998,-13.21,16.35000000000001,0,106,136,25,29,238,241,0.5200769230769231,0.6117692307692308,0.22176923076923077,0.4217692307692308,0.47438461538461535,0.3856923076923077,0
0,0,0,0,1,1,8.0,-5.799999999999997,13.62,14.07,-48.23000000000001,0,105,110,19,20,239,241,0.3709,0.441,0.3082,0.3083,0.3917,0.4083,0
0,0,0,0,1,0,-3.6999999999999886,4.300000000000011,-7.869999999999999,-6.76,-19.430000000000007,0,123,111,29,26,241,242,0.42849999999999994,0.4176153846153846,0.21291666666666664,0.23392307692307693,0.46725,0.3490769230769231,1
0,0,0,0,0,1,-6.5,7.400000000000006,-14.19,-13.3,-20.109999999999985,0,124,126,21,28,240,239,0.4175,0.5073636363636363,0.1738,0.32427272727272727,0.6535,0.5535454545454546,0
0,0,0,0,0,1,-1.1000000000000085,-9.0,7.66,7.39,-12.990000000000009,0,113,116,27,25,266,264,0.501,0.5345454545454545,0.28650000000000003,0.2711818181818182,0.3903,0.4540909090909091,0
0,0,0,0,0,1,-3.299999999999997,3.0,-6.279999999999999,-6.23,22.630000000000003,0,104,140,21,38,240,240,0.3609166666666666,0.5715714285714285,0.21133333333333335,0.30992857142857144,0.397,0.5690714285714286,0
0,0,0,1,0,1,-13.799999999999997,8.0,-21.549999999999997,-20.42,-10.329999999999984,-1,102,122,27,21,240,240,0.3618571428571428,0.33314285714285713,0.06271428571428572,0.17935714285714285,0.30357142857142855,0.4015,0
0,0,0,0,1,1,0.3999999999999915,-1.2000000000000028,1.5599999999999998,1.7100000000000002,31.929999999999993,0,120,109,27,30,240,240,0.3870769230769231,0.3822307692307692,0.2522307692307692,0.26469230769230767,0.3538461538461538,0.35623076923076924,1
0,0,0,0,1,1,-0.3999999999999915,8.5,-8.979999999999999,-8.729999999999999,-4.340000000000003,0,87,102,29,23,241,240,0.2397857142857143,0.2716923076923077,0.08571428571428573,0.14746153846153848,0.2857142857142857,0.18461538461538465,0
0,2,0,-1,1,1,0.10000000000000853,4.700000000000003,-4.52,-4.57,-6.239999999999995,1,115,117,21,24,241,240,0.40709999999999996,0.414,0.2333,0.31,0.5782,0.46299999999999997,0
0,2,1,-1,1,0,0.9000000000000057,-6.200000000000003,6.99,6.25,-3.4099999999999966,2,116,101,28,22,240,239,0.5579999999999999,0.3831818181818182,0.5272727272727273,0.3,0.5722727272727273,0.3674545454545454,1
2,0,-1,-1,1,0,-1.4000000000000057,-3.4000000000000057,1.9400000000000004,1.8899999999999997,-14.359999999999985,0,115,107,25,19,239,238,0.3981818181818182,0.31975000000000003,0.17427272727272727,0.14725000000000002,0.729181818181818,0.45808333333333334,1
2,2,1,1,1,0,7.299999999999997,-0.8999999999999915,7.9799999999999995,7.6899999999999995,-63.28,0,125,120,25,22,240,240,0.5435555555555556,0.3673,0.3174444444444445,0.2732,0.6804444444444445,0.4333,1
0,0,1,-1,1,1,6.700000000000003,-0.8999999999999915,7.639999999999999,7.08,-3.25,2,113,101,28,25,240,238,0.4499166666666667,0.2656923076923077,0.24458333333333335,0.21153846153846154,0.26733333333333337,0.3013076923076923,1
0,2,-1,1,1,1,2.0,0.0,1.8699999999999997,1.91,-37.05999999999999,-2,123,98,19,28,240,241,0.397,0.5072666666666666,0.3236666666666667,0.043333333333333335,0.3875,0.30666666666666664,1
2,2,-1,1,1,1,-2.4000000000000057,-2.200000000000003,-0.33999999999999986,0.17999999999999972,-30.369999999999997,-2,128,108,20,24,240,240,0.39653846153846156,0.35625,0.27992307692307694,0.2945,0.35892307692307696,0.49583333333333335,1
0,2,1,-1,1,1,1.8000000000000114,-2.1999999999999886,4.04,3.95,-17.940000000000012,2,122,133,24,30,241,239,0.34561538461538466,0.3699090909090909,0.27692307692307694,0.3559090909090909,0.34615384615384615,0.4848181818181818,0
2,2,-1,1,1,1,-3.799999999999997,8.700000000000003,-12.64,-12.07,12.670000000000009,-2,86,127,18,35,242,241,0.38375000000000004,0.446,0.1995,0.25735714285714284,0.4559166666666667,0.17857142857142858,0
3,2,1,1,1,1,-0.29999999999999716,-4.599999999999994,4.22,4.0,25.48999999999998,0,123,116,33,35,241,239,0.577777777777778,0.4747,0.42,0.3667,0.5247777777777778,0.5357000000000001,1
2,0,-1,1,1,1,1.2999999999999972,-5.200000000000003,6.449999999999999,5.92,5.799999999999997,-2,103,105,26,25,240,238,0.4766666666666667,0.32320000000000004,0.2806666666666667,0.14589999999999997,0.2862222222222222,0.4488,0
2,0,-1,-1,1,1,4.800000000000011,5.700000000000003,-0.77,-0.8699999999999997,2.7199999999999847,0,104,109,20,30,240,242,0.3236666666666667,0.3136,0.37033333333333335,0.1686,0.6666666666666666,0.2757,0
0,0,0,-1,1,1,-6.200000000000003,3.6999999999999886,-9.67,-9.209999999999999,13.250000000000028,1,106,114,20,33,241,242,0.41479999999999995,0.4549,0.2166,0.3412,0.4042,0.348,0
3,2,-2,2,1,1,-5.599999999999994,2.0,-7.209999999999999,-6.549999999999999,-21.629999999999995,-4,118,124,27,19,240,239,0.5481111111111111,0.40825,0.2675555555555556,0.412625,0.6258888888888889,0.52225,0
2,3,-1,2,0,1,-14.900000000000006,6.8999999999999915,-21.979999999999997,-20.950000000000003,14.550000000000011,-3,116,135,25,27,239,239,0.40358333333333335,0.4042307692307693,0.26508333333333334,0.3800769230769231,0.65,0.5049230769230769,0
0,2,0,1,0,1,-6.200000000000003,8.099999999999994,-14.43,-14.53,19.890000000000015,-1,95,114,23,21,238,241,0.37071428571428566,0.38838461538461544,0.30271428571428566,0.20292307692307693,0.3826428571428572,0.40707692307692306,0
0,3,0,2,1,0,8.299999999999997,3.4000000000000057,4.97,5.49,8.749999999999986,-2,124,111,38,21,241,240,0.5381666666666667,0.4306,0.4110833333333333,0.24233333333333332,0.5046666666666667,0.3247333333333334,1
0,0,0,0,1,1,6.099999999999994,-3.299999999999997,9.29,9.55,-9.460000000000008,0,112,101,29,29,239,241,0.4473333333333333,0.4187272727272727,0.37377777777777776,0.18581818181818183,0.5885555555555555,0.4090909090909091,1
0,0,-1,0,1,1,-0.8999999999999915,6.400000000000006,-7.27,-7.42,10.410000000000018,-1,109,106,23,21,241,240,0.4547,0.3536,0.24000000000000005,0.2021,0.6875,0.4417,1
0,0,0,1,1,1,1.4000000000000057,3.299999999999997,-1.8,-1.8099999999999998,-22.44999999999999,-1,114,102,26,22,239,239,0.44527272727272726,0.28123076923076923,0.3060909090909091,0.10784615384615384,0.4040909090909091,0.22438461538461538,1
1,0,2,-1,1,0,-0.7999999999999972,-1.5,0.74,0.87,38.629999999999995,3,131,127,32,32,240,240,0.5236666666666667,0.3912222222222222,0.37155555555555553,0.29,0.4187777777777778,0.5015555555555555,1
0,2,0,-2,1,1,4.599999999999994,-3.9000000000000057,8.46,7.97,10.219999999999999,2,114,118,28,15,263,265,0.5651818181818182,0.46811111111111114,0.357,0.2718888888888889,0.5006363636363637,0.48711111111111116,0
0,4,-2,0,1,1,-7.400000000000006,2.3999999999999915,-9.59,-9.07,9.120000000000005,-2,115,102,23,20,241,238,0.38571428571428573,0.4246923076923077,0.23042857142857143,0.18530769230769228,0.2435,0.4143076923076923,1
2,2,-2,2,1,1,1.2999999999999972,-5.200000000000003,6.449999999999999,5.92,5.799999999999997,-4,125,103,25,24,241,241,0.3769166666666666,0.43175,0.32525,0.15691666666666668,0.5555833333333333,0.41391666666666665,1
0,0,2,2,1,0,5.700000000000003,-8.200000000000003,14.0,14.11,29.00999999999999,0,128,104,26,24,239,240,0.4651428571428572,0.3856363636363636,0.29464285714285715,0.26836363636363636,0.29707142857142854,0.4646363636363636,1
0,1,2,0,0,1,-0.09999999999999432,1.4000000000000057,-1.3600000000000003,-1.2799999999999998,-9.31000000000001,2,104,112,19,27,242,240,0.32707692307692315,0.42610000000000003,0.19030769230769232,0.30360000000000004,0.4359230769230769,0.4417,0
3,3,1,-1,1,1,-7.099999999999994,-4.700000000000003,-2.35,-2.38,-25.409999999999982,2,119,115,26,25,241,241,0.3519,0.4429090909090909,0.22949999999999998,0.3024545454545455,0.4015000000000001,0.4894545454545455,1
3,0,1,-2,1,1,7.799999999999997,-3.3999999999999915,11.309999999999999,10.73,-35.7,3,119,121,32,24,240,240,0.4833,0.5164444444444444,0.3227,0.3592222222222222,0.5413,0.586,0
6,1,3,-1,1,0,4.699999999999989,-2.3000000000000114,6.629999999999999,6.159999999999999,15.069999999999993,4,119,108,24,18,242,241,0.28584615384615386,0.38361538461538464,0.20484615384615387,0.2243076923076923,0.20876923076923076,0.329,1
5,3,0,-3,1,1,-1.5,-0.19999999999998863,-1.3399999999999999,-1.6199999999999999,25.62999999999998,3,106,98,24,14,241,240,0.388,0.3752222222222222,0.23700000000000002,0.21888888888888888,0.43179999999999996,0.5185555555555555,1
3,2,0,3,0,1,-3.200000000000003,2.0999999999999943,-5.4399999999999995,-5.220000000000001,3.8700000000000045,-3,104,110,22,21,240,240,0.3507777777777778,0.3641,0.26666666666666666,0.265,0.3015555555555556,0.49640000000000006,0
3,0,-1,-2,0,1,-9.400000000000006,-1.2000000000000028,-8.18,-8.370000000000001,12.830000000000013,1,125,127,30,29,266,265,0.4083636363636364,0.46011111111111114,0.16836363636363635,0.34444444444444444,0.5227272727272727,0.6111111111111112,0
2,3,1,-1,1,1,3.6000000000000085,-2.5999999999999943,6.41,6.62,-3.480000000000018,2,123,126,37,36,239,241,0.45709999999999995,0.3774545454545455,0.27999999999999997,0.44245454545454543,0.29,0.2778181818181818,0
2,2,0,-1,1,1,-0.8999999999999915,6.400000000000006,-7.27,-7.42,10.410000000000018,1,101,106,22,20,241,241,0.40700000000000003,0.399,0.255,0.3663,0.58,0.6333,0
4,0,0,-2,1,1,3.5999999999999943,-4.400000000000006,8.14,7.77,32.08,2,110,102,27,24,239,240,0.31142857142857144,0.25645454545454544,0.12321428571428572,0.1888181818181818,0.29764285714285715,0.5,1
2,0,1,3,1,1,0.29999999999999716,4.599999999999994,-4.22,-4.0,-25.48999999999998,-2,109,105,21,25,239,239,0.3543,0.3232222222222222,0.2434,0.4086666666666667,0.38570000000000004,0.4444444444444444,1
4,0,-2,-1,1,1,5.0,1.5,3.46,3.25,-13.469999999999999,-1,111,98,25,17,240,240,0.31769230769230766,0.4246666666666667,0.27899999999999997,0.10908333333333332,0.3640769230769231,0.45483333333333337,1
2,1,-1,-1,0,1,-11.400000000000006,-0.20000000000000284,-11.0,-10.92,15.41000000000001,0,139,144,37,31,266,266,0.43390000000000006,0.5224444444444445,0.2723,0.4099999999999999,0.3295,0.5292222222222223,0
3,3,1,1,1,1,1.7999999999999972,-4.5,6.2,5.890000000000001,-29.35000000000001,0,114,120,33,25,240,239,0.41988888888888887,0.5226,0.39677777777777773,0.24610000000000004,0.4277777777777778,0.485,0
4,3,-3,-1,0,1,-5.5,4.200000000000003,-9.82,-9.09,3.510000000000005,-2,96,113,24,26,240,240,0.32208333333333333,0.3981538461538462,0.21408333333333332,0.1489230769230769,0.3333333333333333,0.2949230769230769,0
2,2,1,1,1,0,4.599999999999994,-8.200000000000003,12.73,12.15,-16.830000000000005,0,124,106,34,23,242,239,0.4375384615384616,0.4990833333333333,0.2645384615384615,0.3958333333333333,0.3076923076923077,0.37083333333333335,1
4,4,-1,-2,1,1,-3.200000000000003,1.7999999999999972,-4.819999999999999,-4.699999999999999,25.78,1,138,133,31,37,239,240,0.4756,0.4519,0.36429999999999996,0.2083,0.6820999999999999,0.4,1
5,2,4,2,1,0,5.799999999999997,-2.5,8.319999999999999,7.36,-39.28,2,134,110,37,21,239,238,0.52775,0.4612727272727273,0.28633333333333333,0.12745454545454546,0.25,0.5681818181818182,1
3,4,-2,4,1,1,-4.099999999999994,3.200000000000003,-6.879999999999999,-6.6,16.049999999999997,-6,135,132,33,23,265,266,0.4958,0.35263636363636364,0.24690000000000004,0.256,0.4159,0.43636363636363634,1
7,2,-1,-4,1,1,-3.0999999999999943,5.1000000000000085,-8.13,-8.02,27.459999999999994,3,95,105,17,23,241,241,0.39872727272727276,0.3751111111111111,0.1848181818181818,0.2158888888888889,0.48700000000000004,0.6111111111111112,0
4,3,-1,0,1,1,-7.799999999999997,3.3999999999999915,-11.309999999999999,-10.73,35.7,-1,133,120,32,28,242,240,0.4823636363636364,0.5710000000000001,0.3189090909090909,0.2826666666666667,0.41663636363636364,0.48888888888888893,1
2,8,1,-1,0,1,-5.0,-1.3999999999999915,-3.5399999999999996,-3.48,25.009999999999977,2,107,116,27,30,239,240,0.44744444444444437,0.47925000000000006,0.2757777777777778,0.361625,0.45366666666666666,0.546875,0
4,4,0,2,1,1,4.699999999999989,6.0,-1.44,-1.1300000000000001,12.230000000000004,-2,102,99,23,25,239,239,0.3406363636363636,0.32910000000000006,0.22727272727272727,0.2091,0.35609090909090907,0.5714,1
2,5,0,-2,0,1,9.200000000000003,-2.799999999999997,11.96,11.74,5.339999999999989,2,106,119,27,27,239,240,0.41446153846153844,0.3608461538461538,0.19230769230769232,0.18207692307692308,0.45769230769230773,0.32376923076923075,0
3,6,3,-1,1,0,5.8999999999999915,-9.700000000000003,15.629999999999999,15.149999999999999,3.549999999999983,4,105,93,28,22,242,239,0.36976923076923074,0.3293333333333333,0.34869230769230775,0.27466666666666667,0.23076923076923078,0.3541666666666667,1
1,1,2,0,1,0,4.599999999999994,-8.200000000000003,12.73,12.15,-16.830000000000005,2,104,89,32,24,238,240,0.46307692307692305,0.3450909090909091,0.21169230769230768,0.12445454545454546,0.33076923076923076,0.43509090909090903,1
7,2,1,-2,1,1,3.3999999999999915,-4.400000000000006,7.640000000000001,7.51,-13.319999999999993,3,105,106,26,19,240,241,0.5408999999999999,0.44480000000000003,0.1954,0.4952,0.2433,0.2667,0
1,3,-1,-2,1,0,1.7999999999999972,-0.4000000000000057,2.3699999999999997,2.67,14.459999999999994,1,122,99,26,20,242,242,0.4515454545454545,0.39442857142857146,0.1650909090909091,0.18335714285714286,0.684,0.24107142857142858,1
3,3,2,0,1,1,-0.5,5.200000000000003,-5.71,-5.71,42.34000000000001,2,102,108,21,21,239,240,0.465,0.45289999999999997,0.1349090909090909,0.17970000000000003,0.4393636363636364,0.5112,0
2,1,-4,-2,1,1,-3.200000000000003,3.200000000000003,-6.58,-6.06,-0.15000000000000568,-2,88,106,19,24,240,239,0.37836363636363635,0.3533636363636364,0.14645454545454545,0.24127272727272728,0.4818181818181818,0.4642727272727273,0
1,6,0,2,0,1,-1.1000000000000085,-9.0,7.66,7.39,-12.990000000000009,-2,119,125,27,29,241,240,0.4467,0.49529999999999996,0.333,0.3083,0.4824,0.4034,0
2,2,0,3,0,1,-13.299999999999997,5.5,-18.22,-17.38,17.250000000000014,-3,109,124,20,21,241,241,0.4614999999999999,0.4716363636363637,0.37229999999999996,0.2242727272727273,0.2334,0.41627272727272724,0
2,2,5,1,1,1,12.299999999999997,2.6000000000000085,9.659999999999998,9.51,-15.52000000000001,4,120,109,25,26,239,240,0.5630833333333334,0.4400833333333334,0.321,0.3105,0.5555833333333333,0.2871666666666666,1
6,2,-3,0,1,1,-3.5,-1.2000000000000028,-2.1999999999999997,-1.8599999999999999,-0.6200000000000045,-3,98,128,23,31,240,239,0.5288461538461539,0.50625,0.20146153846153844,0.24441666666666664,0.2692307692307692,0.18058333333333332,0
4,3,-1,0,1,1,-2.1000000000000085,-0.5,-1.6099999999999999,-1.9899999999999998,-21.799999999999997,-1,115,123,30,28,240,239,0.45655555555555555,0.47375,0.2448888888888889,0.36475,0.36377777777777776,0.797875,0
3,4,-1,1,1,1,-5.599999999999994,0.20000000000000284,-5.550000000000001,-5.12,-8.820000000000007,-2,120,112,34,24,241,239,0.558,0.42669999999999997,0.2433,0.29810000000000003,0.26070000000000004,0.655,1
4,2,-3,1,0,1,-5.400000000000006,0.09999999999999432,-5.51,-5.8500000000000005,-22.929999999999993,-4,125,131,35,29,241,239,0.39109999999999995,0.5435555555555556,0.13879999999999998,0.20644444444444443,0.4417,0.7147777777777777,0
9,4,-1,-1,1,1,-6.099999999999994,5.6000000000000085,-11.66,-10.27,-32.609999999999985,0,125,118,28,35,240,241,0.43290000000000006,0.5644000000000001,0.4025,0.3678,0.25,0.18,1
3,3,0,0,1,0,-3.3000000000000114,-4.5,1.1099999999999999,1.1800000000000002,3.3700000000000045,0,119,116,34,30,240,241,0.441,0.40049999999999997,0.32433333333333336,0.2143,0.5555555555555556,0.5517,1
5,6,-1,4,0,1,-8.599999999999994,7.200000000000003,-15.85,-15.37,6.260000000000005,-5,114,137,27,31,239,238,0.47750000000000004,0.47983333333333333,0.2790833333333333,0.3215833333333334,0.4095,0.48608333333333337,0
1,1,-1,4,0,1,-13.299999999999997,5.5,-18.22,-17.38,17.250000000000014,-5,103,113,24,23,239,240,0.3488181818181818,0.364,0.2848181818181818,0.1681,0.3181818181818182,0.2824,0
3,8,-2,0,0,1,-5.799999999999997,5.200000000000003,-11.08,-11.08,6.439999999999998,-2,107,124,22,35,239,239,0.3966923076923077,0.44790909090909087,0.25723076923076926,0.2619090909090909,0.4,0.5,0
1,1,-4,1,1,1,-6.200000000000003,-1.4000000000000057,-4.77,-4.98,15.700000000000003,-5,131,128,31,21,265,266,0.4305,0.419,0.26749999999999996,0.25533333333333336,0.3644,0.5194444444444444,1
8,8,1,3,1,1,0.29999999999999716,-0.9000000000000057,1.21,1.4099999999999997,2.4099999999999966,-2,121,127,27,26,264,264,0.42958333333333326,0.5451818181818182,0.35225,0.39545454545454545,0.38891666666666663,0.4028181818181818,0
8,5,-3,6,0,1,-5.799999999999997,1.2000000000000028,-7.059999999999999,-6.69,9.810000000000002,-9,113,114,24,31,241,241,0.3526666666666667,0.4438000000000001,0.2662222222222222,0.2292,0.1328888888888889,0.4,0
5,9,-1,1,1,1,-2.1999999999999886,5.700000000000003,-7.76,-7.6000000000000005,-2.579999999999984,-2,113,103,32,21,238,240,0.3546923076923077,0.41192307692307695,0.22261538461538463,0.22530769230769232,0.4461538461538461,0.3333076923076923,1
3,7,0,0,1,1,-6.700000000000003,6.199999999999989,-13.0,-12.25,-14.32999999999997,0,98,118,23,19,240,240,0.3596153846153846,0.4046153846153846,0.16669230769230767,0.22638461538461538,0.4166923076923077,0.27561538461538465,0
7,5,-1,-5,1,0,8.700000000000003,-4.400000000000006,13.23,12.48,-0.6400000000000148,4,129,103,33,24,239,241,0.4186153846153846,0.40390909090909094,0.2641538461538462,0.2750909090909091,0.46153846153846156,0.49699999999999994,1
5,3,3,-2,1,1,4.5,4.599999999999994,-0.020000000000000018,0.1200000000000001,-0.3299999999999841,5,103,97,29,17,241,239,0.2631,0.3385,0.24829999999999997,0.3096,0.3189,0.35,1
2,1,-1,5,0,1,-5.200000000000003,2.799999999999997,-8.209999999999999,-7.859999999999999,-7.059999999999988,-6,92,105,23,25,240,239,0.36592307692307696,0.38716666666666666,0.2593846153846154,0.3583333333333334,0.4256153846153846,0.2916666666666667,0
2,4,0,-4,0,1,-6.5,2.700000000000003,-9.01,-8.68,15.680000000000007,4,92,106,23,25,240,240,0.42408333333333337,0.3290909090909091,0.24108333333333332,0.15972727272727275,0.4096666666666667,0.6128181818181818,0
2,4,0,-2,0,1,-4.199999999999989,4.200000000000003,-8.3,-7.18,29.47,2,111,126,22,29,243,240,0.38125000000000003,0.5549,0.3431666666666667,0.3267,0.44858333333333333,0.38330000000000003,0
3,2,1,0,1,0,5.3999999999999915,6.400000000000006,-1.08,-0.040000000000000036,20.72,1,108,85,25,19,240,239,0.3649230769230769,0.32253846153846155,0.19884615384615384,0.15638461538461537,0.19776923076923075,0.5,1
3,4,6,-4,1,0,5.799999999999997,-1.2000000000000028,7.059999999999999,6.69,-9.810000000000002,10,116,114,28,21,239,240,0.4065,0.49329999999999996,0.2564,0.3934,0.21669999999999998,0.3,1
2,2,-1,4,0,1,-8.200000000000003,7.3999999999999915,-15.739999999999998,-15.700000000000001,23.06000000000001,-5,112,125,29,29,240,240,0.45599999999999996,0.4216923076923077,0.11359999999999999,0.16553846153846155,0.5524,0.39469230769230773,0
3,3,-2,2,1,0,-0.9000000000000057,-1.6000000000000085,0.6799999999999999,0.28,-36.03,-4,115,103,22,28,240,240,0.43044444444444446,0.3434,0.17144444444444445,0.32,0.6793333333333333,0.3619,1
3,2,-2,4,1,1,-6.0,4.6000000000000085,-10.239999999999998,-9.69,-46.02999999999999,-6,93,123,23,27,240,239,0.36954545454545457,0.4458461538461539,0.13209090909090906,0.1793076923076923,0.4818181818181818,0.359,0
1,2,0,0,1,0,-9.200000000000003,2.799999999999997,-11.96,-11.74,-5.339999999999989,0,106,104,28,29,240,240,0.44166666666666665,0.4746666666666667,0.31422222222222224,0.2887777777777778,0.5611111111111111,0.4444444444444444,1
5,2,1,0,0,1,-3.200000000000003,-3.299999999999997,0.08000000000000007,-0.47,28.229999999999976,1,110,111,24,23,241,240,0.3446363636363637,0.45333333333333337,0.27772727272727277,0.37955555555555553,0.46309090909090905,0.4166666666666667,0
5,2,0,-6,1,1,2.8999999999999915,-4.800000000000011,7.779999999999999,6.68,23.590000000000003,6,126,135,36,35,240,240,0.36760000000000004,0.5287000000000001,0.2217,0.28040000000000004,0.4657,0.4096,0
2,3,0,1,1,1,-3.200000000000003,-3.5,0.41000000000000014,1.38,-9.970000000000006,-1,109,97,21,20,240,240,0.45944444444444443,0.395,0.16666666666666666,0.3385,0.6666666666666666,0.427125,1
3,10,0,-2,1,0,9.299999999999997,-5.099999999999994,14.11,14.25,-35.24000000000001,2,114,93,23,19,239,240,0.3943846153846154,0.46721428571428575,0.2510769230769231,0.17942857142857144,0.39469230769230773,0.37242857142857144,1
5,1,6,-2,1,0,10.899999999999991,-2.0999999999999943,12.989999999999998,13.399999999999999,-7.660000000000011,8,102,86,23,20,240,240,0.36366666666666664,0.2826666666666667,0.2579166666666666,0.125,0.3139166666666667,0.4721666666666667,1
1,2,-2,-2,1,1,-1.2999999999999972,5.200000000000003,-6.449999999999999,-5.92,-5.799999999999997,0,100,118,24,21,241,242,0.46281818181818185,0.4805454545454546,0.1628181818181818,0.24799999999999997,0.3,0.5681818181818182,0
1,3,2,-2,0,1,-1.7000000000000028,1.7000000000000028,-3.4299999999999997,-2.42,-4.6899999999999835,4,127,134,29,30,240,241,0.479,0.5234444444444445,0.33288888888888896,0.36566666666666664,0.47777777777777775,0.42588888888888893,0
2,5,0,-2,1,0,9.400000000000006,1.2000000000000028,8.18,8.370000000000001,-12.830000000000013,2,121,119,29,38,240,240,0.49329999999999996,0.5013636363636365,0.32,0.28745454545454546,0.437,0.4515454545454546,1
2,8,4,-3,1,0,4.299999999999997,1.0999999999999943,3.2300000000000004,3.74,-16.919999999999973,7,118,116,24,27,240,240,0.4917777777777778,0.4218,0.28700000000000003,0.356,0.46299999999999997,0.5524,1
2,4,-2,0,1,1,0.6999999999999886,-6.900000000000006,7.42,7.29,-3.510000000000005,-2,113,104,25,22,239,240,0.4064,0.42650000000000005,0.36239999999999994,0.18409999999999999,0.27999999999999997,0.5417,1
4,3,-4,0,1,1,-7.700000000000003,3.5,-11.01,-10.83,38.88000000000001,-4,108,107,22,34,240,241,0.45709090909090905,0.5005999999999999,0.2857272727272727,0.2339,0.36363636363636365,0.25,1
7,2,-2,-4,1,1,7.099999999999994,4.700000000000003,2.35,2.38,25.409999999999982,2,118,111,21,26,239,240,0.597,0.5273,0.47411111111111115,0.20190000000000002,0.41433333333333333,0.4774,1
2,2,-4,0,1,1,-3.9000000000000057,1.4000000000000057,-5.2299999999999995,-5.0,-25.019999999999996,-4,121,116,31,29,240,240,0.4093333333333333,0.49125,0.25177777777777777,0.4685,0.36733333333333335,0.4375,1
9,2,4,4,1,1,5.599999999999994,-0.6000000000000085,5.81,4.719999999999999,33.38999999999999,0,112,118,22,22,240,239,0.3297777777777778,0.45863636363636373,0.216,0.26654545454545453,0.4753333333333334,0.4090909090909091,0
2,2,2,0,1,1,0.8999999999999915,-6.400000000000006,7.27,7.42,-10.410000000000018,2,127,100,28,20,239,239,0.5306428571428572,0.4298666666666667,0.2935714285714286,0.3308666666666667,0.23807142857142857,0.3733333333333333,1
6,2,0,0,1,1,1.7999999999999972,-1.7000000000000028,3.63,3.34,-15.010000000000005,0,131,114,28,23,240,240,0.43599999999999994,0.3852,0.32616666666666666,0.2799,0.6083333333333333,0.675,1
2,4,-4,6,0,1,-11.299999999999997,7.700000000000003,-18.97,-17.4,8.320000000000007,-10,122,131,21,33,240,241,0.4078888888888889,0.5913999999999999,0.26666666666666666,0.52,0.6125555555555555,0.2833,0
2,5,0,0,1,0,0.7000000000000028,0.4000000000000057,0.3600000000000001,1.09,8.489999999999995,0,119,99,33,25,241,241,0.5218571428571429,0.4509230769230769,0.20707142857142857,0.28915384615384615,0.2777857142857143,0.359,1
2,4,2,6,1,1,-0.3999999999999915,8.5,-8.979999999999999,-8.729999999999999,-4.340000000000003,-4,124,122,34,29,239,240,0.4715,0.47139999999999993,0.32199999999999995,0.45999999999999996,0.6355,0.49000000000000005,1
2,4,4,0,1,1,2.700000000000003,6.3999999999999915,-3.56,-2.6599999999999997,-15.08999999999996,4,115,112,29,27,240,240,0.5662222222222222,0.465,0.4517777777777778,0.3366,0.37966666666666665,0.6667,1
2,2,0,-4,1,0,3.1999999999999886,-7.900000000000006,10.89,11.129999999999999,-29.909999999999982,4,110,98,27,19,240,241,0.5893076923076923,0.4343846153846154,0.21153846153846154,0.22438461538461538,0.3675384615384616,0.38461538461538464,1
9,2,2,-4,1,1,6.200000000000003,1.4000000000000057,4.77,4.98,-15.700000000000003,6,122,107,26,25,241,242,0.3654615384615384,0.4447272727272727,0.15061538461538462,0.18663636363636363,0.5153846153846154,0.4060909090909091,1
3,5,-2,2,0,1,-2.5,4.099999999999994,-6.5600000000000005,-6.98,20.860000000000014,-4,119,135,30,29,240,241,0.47433333333333333,0.41138461538461546,0.33699999999999997,0.2260769230769231,0.38891666666666663,0.46153846153846156,0
5,3,-6,-4,1,0,4.700000000000003,-7.0,11.82,10.629999999999999,5.6499999999999915,-2,123,100,20,24,238,238,0.4537857142857143,0.408923076923077,0.2879285714285714,0.253,0.2874285714285714,0.5,1
5,3,-2,0,1,1,2.700000000000003,2.5,0.2200000000000002,0.21999999999999975,-9.809999999999988,-2,118,105,35,23,238,240,0.6199,0.3692307692307692,0.4,0.24353846153846154,0.5917,0.20207692307692307,1
2,4,-2,0,1,1,-9.200000000000003,2.299999999999997,-11.34,-10.78,1.200000000000017,-2,103,83,23,24,239,241,0.33183333333333337,0.26690909090909093,0.15116666666666667,0.2163636363636364,0.22916666666666666,0.2772727272727273,1
4,5,0,-2,1,1,0.4000000000000057,-2.6000000000000085,3.03,3.1399999999999997,24.39999999999999,2,122,121,27,30,242,240,0.4973333333333334,0.583,0.35644444444444445,0.3416,0.5643333333333334,0.4875,1
11,9,-4,-4,1,0,-1.0,-10.300000000000011,9.31,7.89,7.200000000000003,0,115,88,28,18,239,240,0.4948461538461538,0.25336363636363635,0.2340769230769231,0.19972727272727273,0.44553846153846155,0.4090909090909091,1
2,9,2,2,1,0,12.099999999999994,-4.700000000000003,16.22,15.23,5.949999999999989,0,108,104,23,24,266,265,0.35566666666666674,0.39077777777777783,0.16822222222222222,0.15577777777777777,0.45633333333333337,0.46822222222222226,1
4,2,6,4,1,0,6.700000000000003,0.5,6.239999999999999,5.25,8.509999999999998,2,136,117,33,32,236,241,0.5391538461538462,0.5174285714285715,0.3780769230769231,0.2496428571428572,0.4807692307692308,0.36907142857142855,1
11,4,0,-4,1,0,2.5999999999999943,0.8999999999999915,1.6199999999999997,1.4699999999999998,-5.939999999999998,4,116,94,35,20,240,238,0.4187272727272727,0.4011538461538462,0.2937272727272727,0.1666153846153846,0.39845454545454545,0.3333076923076923,1
2,8,2,6,1,1,-1.4000000000000057,-3.299999999999997,1.8,1.8099999999999998,22.44999999999999,-4,113,114,18,26,239,240,0.47963636363636364,0.5432222222222223,0.20236363636363636,0.37422222222222223,0.5252727272727273,0.4444444444444444,0
2,11,0,-2,1,0,10.900000000000006,-6.099999999999994,17.29,16.93,9.719999999999985,2,128,104,30,27,240,241,0.40358333333333335,0.414,0.2514166666666667,0.284,0.5228333333333334,0.5648333333333334,1
4,8,4,2,1,1,5.0,-3.299999999999997,8.36,7.7299999999999995,13.96,2,126,107,24,19,242,241,0.41425,0.5268571428571428,0.298,0.24285714285714285,0.4380833333333333,0.45235714285714285,1
4,1,2,-2,1,1,4.8999999999999915,-3.200000000000003,7.98,7.82,-7.230000000000004,4,127,102,32,13,240,240,0.4489230769230769,0.4126153846153846,0.31261538461538463,0.2143076923076923,0.27307692307692305,0.38207692307692304,1
2,2,4,0,1,0,6.400000000000006,3.0999999999999943,3.33,3.8600000000000003,-25.359999999999985,4,135,122,37,33,239,240,0.5663333333333332,0.4619090909090909,0.5537777777777778,0.397,0.29633333333333334,0.303,1
13,2,-2,-4,1,1,4.0,-3.5,7.45,7.74,8.570000000000007,2,116,106,28,28,239,239,0.3855,0.5143846153846153,0.2690714285714286,0.2585384615384615,0.253,0.5989230769230769,1
2,12,4,0,0,1,1.6000000000000085,5.900000000000006,-4.18,-4.26,-0.15000000000000568,4,98,107,19,20,241,241,0.35133333333333333,0.339,0.08144444444444446,0.24322222222222223,0.4906666666666667,0.5952222222222222,0
2,2,0,-4,1,1,3.200000000000003,-3.200000000000003,6.58,6.06,0.15000000000000568,4,110,111,29,23,241,240,0.38049999999999995,0.49260000000000004,0.343,0.2928,0.5633,0.5532,0
3,3,-2,-2,1,1,0.5,0.10000000000000853,0.43000000000000016,0.42000000000000015,-48.900000000000006,0,113,125,31,30,240,239,0.42540000000000006,0.4196363636363637,0.33330000000000004,0.36263636363636365,0.5,0.5227272727272727,0
1,1,6,0,1,0,13.200000000000003,-3.5999999999999943,16.65,15.760000000000002,-18.930000000000007,6,105,100,24,21,240,239,0.48819999999999997,0.4053,0.29000000000000004,0.23559999999999998,0.39,0.36669999999999997,1
3,3,0,-4,1,1,4.599999999999994,-4.5,8.95,9.24,-15.549999999999997,4,105,103,18,26,240,238,0.4466,0.33272727272727276,0.3583,0.18254545454545454,0.3701,0.3106363636363636,1
2,2,2,2,1,1,-0.29999999999999716,2.299999999999997,-2.61,-3.2399999999999998,9.350000000000001,0,99,101,21,19,240,239,0.4727777777777777,0.3552222222222222,0.253,0.1547777777777778,0.6741111111111111,0.5701111111111111,0
3,6,-4,2,0,1,-4.699999999999989,2.3000000000000114,-6.629999999999999,-6.159999999999999,-15.069999999999993,-6,107,113,21,27,240,240,0.39499999999999996,0.36577777777777776,0.3638888888888889,0.2851111111111111,0.4555555555555555,0.6333333333333333,0
4,4,0,0,1,1,-2.0,0.0,-1.8699999999999997,-1.91,37.05999999999999,0,132,121,27,23,239,241,0.4223,0.518625,0.2672,0.23124999999999998,0.3484,0.40625,1
2,2,-4,-2,1,0,2.6000000000000085,-9.5,12.32,11.440000000000001,0.9699999999999989,-2,121,94,25,20,241,240,0.44976923076923075,0.3725833333333333,0.3346923076923077,0.12216666666666666,0.42853846153846153,0.4791666666666667,1
8,6,-4,0,1,0,4.6000000000000085,1.6000000000000085,2.879999999999999,2.8099999999999996,-11.420000000000016,-4,107,105,24,22,265,265,0.42966666666666664,0.3328,0.25766666666666665,0.1592,0.7222222222222222,0.5107,1
2,2,2,-2,1,1,3.0999999999999943,-1.4000000000000057,4.4399999999999995,5.04,-21.98999999999998,4,94,95,22,18,240,240,0.436875,0.3704545454545455,0.24712499999999998,0.21818181818181817,0.520875,0.5272727272727272,0
2,2,4,4,1,1,5.299999999999997,-4.200000000000003,9.57,9.139999999999999,16.369999999999997,0,116,127,25,35,240,239,0.39618181818181825,0.4758181818181818,0.23863636363636365,0.3239090909090909,0.5779090909090909,0.3864545454545455,0
2,12,4,0,1,0,5.1000000000000085,0.0,5.09,4.71,-32.72000000000001,4,122,120,35,29,240,240,0.49837500000000007,0.5035555555555555,0.44575000000000004,0.15744444444444444,0.445875,0.5463333333333333,1
4,6,6,2,1,1,-0.5,3.0999999999999943,-3.48,-3.13,13.140000000000015,4,118,127,30,23,264,267,0.4567,0.4126,0.2092,0.2839,0.34450000000000003,0.625,0
9,6,-2,2,1,1,-6.0,1.7000000000000028,-7.83,-7.46,-10.149999999999991,-4,89,134,18,32,239,240,0.35435714285714287,0.4855833333333333,0.06542857142857142,0.37883333333333336,0.2857142857142857,0.5485833333333333,0
2,1,-2,-4,1,0,5.400000000000006,-0.09999999999999432,5.51,5.8500000000000005,22.929999999999993,2,123,103,30,26,242,239,0.47433333333333333,0.45581818181818184,0.3193333333333333,0.21454545454545457,0.27225000000000005,0.5070909090909091,1
4,5,-2,6,0,1,-7.6000000000000085,3.3999999999999915,-11.1,-10.64,27.750000000000014,-8,113,119,26,26,240,240,0.39599999999999996,0.40540000000000004,0.20481818181818182,0.2738,0.303,0.5050000000000001,0
5,1,2,-2,1,0,8.5,-8.299999999999997,16.95,17.11,-20.650000000000013,4,107,92,13,21,240,241,0.3877272727272727,0.3598461538461538,0.2402727272727273,0.2585384615384615,0.42045454545454547,0.36538461538461536,1
5,2,-4,0,0,1,1.9000000000000057,4.1000000000000085,-2.3199999999999994,-1.6399999999999997,-10.61,-4,105,107,31,24,239,239,0.5262727272727272,0.44088888888888894,0.24745454545454545,0.34611111111111115,0.4318181818181818,0.5555555555555556,0
1,3,2,2,1,0,5.200000000000003,-2.799999999999997,8.209999999999999,7.859999999999999,7.059999999999988,0,134,128,31,31,241,240,0.4359090909090909,0.522,0.34700000000000003,0.46522222222222226,0.358,0.5426666666666667,1
2,1,0,2,1,1,-2.299999999999997,1.0,-3.2399999999999998,-3.0300000000000002,3.660000000000011,-2,116,96,31,18,240,239,0.45716666666666667,0.26076923076923075,0.39233333333333326,0.2306923076923077,0.25,0.13846153846153847,1
3,5,-2,2,1,1,-7.099999999999994,-4.700000000000003,-2.35,-2.38,-25.409999999999982,-4,94,90,26,22,242,242,0.45199999999999996,0.3422,0.2791,0.2017,0.33890000000000003,0.4389,1
9,3,0,4,0,1,-12.099999999999994,4.700000000000003,-16.22,-15.23,-5.949999999999989,-4,114,139,26,35,239,241,0.5036,0.5169090909090909,0.45,0.3504545454545455,0.5,0.26772727272727276,0
5,4,0,-4,1,1,4.400000000000006,-1.2999999999999972,5.66,5.42,-23.88000000000001,4,123,124,31,31,240,239,0.41,0.5469,0.2632222222222222,0.44719999999999993,0.34444444444444444,0.575,0
3,2,-4,6,1,1,-9.799999999999997,6.0,-15.77,-15.100000000000001,30.709999999999994,-10,106,114,24,25,240,239,0.35718181818181816,0.5454000000000001,0.23290909090909093,0.3118,0.4090909090909091,0.38,0
2,5,2,-4,1,0,9.899999999999991,-12.400000000000006,22.299999999999997,21.29,-0.46000000000000796,6,106,88,20,21,240,239,0.43216666666666664,0.46959999999999996,0.3485833333333333,0.1617,0.26391666666666663,0.45,1
2,2,2,2,1,1,0.20000000000000284,0.5,-0.15000000000000036,0.1299999999999999,-6.900000000000013,0,111,103,28,27,239,239,0.47844444444444445,0.36883333333333335,0.34,0.33675000000000005,0.4815555555555555,0.5666666666666667,1
3,7,-4,0,1,0,0.9000000000000057,0.30000000000001137,0.5800000000000001,0.3900000000000001,6.560000000000002,-4,127,120,26,29,266,264,0.376,0.4735555555555556,0.34375,0.37777777777777777,0.21137499999999998,0.34255555555555556,1
2,2,0,-4,1,0,7.6000000000000085,-1.8999999999999915,9.68,9.690000000000001,-10.239999999999995,4,139,130,38,27,241,240,0.5178,0.4325555555555556,0.372,0.2515555555555556,0.5667,0.3888888888888889,1
3,3,0,4,1,1,-1.7999999999999972,1.7000000000000028,-3.63,-3.34,15.010000000000005,-4,128,123,31,28,241,240,0.5986666666666667,0.45289999999999997,0.5104444444444445,0.3572,0.36266666666666664,0.6,1
3,6,-4,2,1,1,-4.8999999999999915,3.200000000000003,-7.98,-7.82,7.230000000000004,-6,106,98,17,16,239,240,0.3271818181818182,0.40800000000000003,0.2696363636363637,0.168,0.4233636363636364,0.4182222222222223,1
5,5,0,4,1,1,0.5,-3.0999999999999943,3.48,3.13,-13.140000000000015,-4,127,104,38,23,241,241,0.6366923076923078,0.338923076923077,0.42561538461538456,0.2314615384615385,0.2423076923076923,0.5384615384615384,1
14,4,-2,-2,1,1,-3.5999999999999943,4.400000000000006,-8.14,-7.77,-32.08,0,115,113,25,25,239,240,0.4771000000000001,0.4643,0.30369999999999997,0.11220000000000001,0.425,0.5166999999999999,1
8,8,-2,-2,1,1,-8.600000000000009,3.1999999999999886,-11.59,-11.219999999999999,32.32000000000001,0,115,114,25,31,240,240,0.4718,0.4995555555555556,0.3761,0.364,0.35,0.26666666666666666,1
8,6,4,-4,1,1,10.099999999999994,-3.700000000000003,13.399999999999999,12.68,8.529999999999987,8,126,123,30,35,265,265,0.48300000000000004,0.5813,0.28211111111111115,0.3075,0.48888888888888893,0.4694,1
5,10,-6,2,0,1,-5.5,5.200000000000003,-10.65,-10.04,-30.959999999999994,-8,99,104,24,24,241,240,0.461,0.3473333333333333,0.298125,0.20455555555555557,0.7222500000000001,0.47933333333333333,0
8,10,-2,0,1,1,0.3999999999999915,-1.2000000000000028,1.5599999999999998,1.7100000000000002,31.929999999999993,-2,110,93,26,21,238,240,0.36413333333333336,0.2671666666666666,0.09326666666666666,0.19091666666666665,0.43333333333333335,0.6083333333333333,1
3,7,2,0,1,0,5.5,-4.200000000000003,9.82,9.09,-3.510000000000005,2,121,117,24,16,240,239,0.4952727272727273,0.4518,0.3603636363636364,0.29379999999999995,0.24881818181818183,0.5623,1
7,4,0,2,1,0,0.3999999999999915,-7.799999999999997,8.0,7.7,-6.90000000000002,-2,120,117,26,29,240,240,0.47622222222222227,0.5577,0.35755555555555557,0.3116,0.4098888888888889,0.23890000000000003,1
7,7,0,-2,1,1,3.0,1.3999999999999915,1.67,1.5699999999999998,12.050000000000011,2,119,110,30,21,240,240,0.4245555555555555,0.3641111111111111,0.3147777777777778,0.3536666666666667,0.48144444444444445,0.5333333333333333,1
8,7,6,0,1,0,14.400000000000006,-4.3999999999999915,18.65,17.91,-42.13000000000001,6,128,114,26,34,241,240,0.5041666666666667,0.3501666666666667,0.25558333333333333,0.3194166666666667,0.4916666666666667,0.3333333333333333,1
13,4,-6,0,1,1,-8.200000000000003,6.0,-14.34,-13.870000000000001,11.300000000000011,-6,104,124,21,27,241,239,0.3542142857142857,0.3922727272727272,0.2809285714285714,0.28172727272727277,0.39285714285714285,0.36363636363636365,0
9,16,2,4,1,1,-2.200000000000003,-3.0,0.9599999999999995,0.8199999999999998,20.75,-2,105,90,31,23,240,236,0.49254545454545456,0.31123076923076926,0.35418181818181815,0.17730769230769228,0.4090909090909091,0.23076923076923078,1
4,9,-2,-2,1,0,-2.8999999999999915,-1.0,-1.85,-1.26,35.269999999999996,0,114,110,31,30,241,240,0.4779,0.38960000000000006,0.2858,0.22670000000000004,0.3583,0.46390000000000003,1
4,6,-2,-2,1,0,10.0,-1.5,11.21,10.54,-15.060000000000002,0,114,104,33,31,240,238,0.489,0.3521538461538461,0.24000000000000002,0.2942307692307692,0.41875,0.42561538461538456,1
6,7,-2,4,0,1,-1.2000000000000028,4.799999999999997,-6.07,-6.8,33.850000000000016,-6,107,143,26,34,239,240,0.3347142857142858,0.5175,0.24114285714285716,0.17614285714285716,0.6190714285714286,0.375,0
4,3,2,-2,0,1,5.5,-8.5,14.069999999999999,13.44,-28.38000000000001,4,119,121,29,18,240,240,0.4002,0.48509090909090913,0.32299999999999995,0.23109090909090907,0.44849999999999995,0.7208181818181818,0
8,1,2,0,1,0,3.8999999999999915,-10.100000000000009,14.0,13.35,-3.3599999999999994,2,116,105,30,24,240,241,0.45,0.5413333333333333,0.1947,0.23044444444444442,0.45499999999999996,0.4722222222222222,1
8,5,0,-2,1,1,0.9000000000000057,-2.5,3.46,3.56,-24.500000000000014,2,112,122,27,28,239,240,0.4997,0.3761,0.3428,0.3167,0.2881,0.475,0
14,10,-2,-4,1,0,1.5999999999999943,-5.299999999999997,6.790000000000001,6.4,-1.8300000000000125,2,106,89,26,25,242,241,0.3795,0.3720833333333333,0.32499999999999996,0.14608333333333334,0.3333333333333333,0.18983333333333333,1
1,5,-2,-6,1,0,11.700000000000003,-4.799999999999997,16.54,15.73,-10.680000000000007,4,134,106,37,23,241,241,0.5014166666666667,0.4513076923076923,0.31575,0.1943846153846154,0.3125,0.28846153846153844,1
16,5,-4,2,1,1,-6.0,0.5,-6.52,-6.08,-24.579999999999984,-6,130,119,27,29,242,239,0.5494,0.39390000000000003,0.3767,0.32630000000000003,0.3917,0.3417,1
5,1,-2,4,1,1,0.6000000000000085,2.6000000000000085,-2.03,-2.8499999999999996,15.910000000000004,-6,101,100,21,19,241,240,0.37466666666666665,0.38045454545454543,0.33244444444444443,0.16490909090909092,0.3492222222222222,0.3030909090909091,1
8,12,0,0,0,1,6.799999999999997,9.700000000000003,-2.88,-1.8499999999999999,-1.7299999999999898,0,99,109,25,28,239,239,0.4023,0.4109999999999999,0.22010000000000002,0.2219,0.4346,0.5925,0
2,1,2,-2,1,1,2.1000000000000085,0.5,1.6099999999999999,1.9899999999999998,21.799999999999997,4,108,109,24,34,239,239,0.35345454545454547,0.49129999999999996,0.32990909090909093,0.3633,0.3051818181818182,0.525,0
1,8,2,4,1,0,0.09999999999999432,-1.4000000000000057,1.3600000000000003,1.2799999999999998,9.31000000000001,-2,102,99,29,27,240,240,0.48500000000000004,0.3909090909090909,0.32650000000000007,0.27872727272727277,0.5375,0.16663636363636364,1
3,7,6,-6,1,0,11.299999999999997,-7.700000000000003,18.97,17.4,-8.320000000000007,12,128,100,29,23,240,240,0.5574999999999999,0.40244444444444444,0.3033,0.1481111111111111,0.6,0.5185555555555555,1
2,2,0,0,1,1,1.8000000000000114,-2.1999999999999886,4.04,3.95,-17.940000000000012,0,122,106,30,25,240,242,0.2808333333333333,0.32092857142857145,0.18725,0.2585,0.4375,0.14285714285714285,1
7,2,2,0,1,1,-1.2000000000000028,-3.5,2.28,3.29,-47.029999999999994,2,130,113,25,19,238,240,0.41028571428571425,0.5223333333333333,0.30478571428571427,0.18333333333333335,0.4774285714285714,0.4735833333333333,1
3,2,2,-4,1,0,5.799999999999997,-5.200000000000003,11.08,11.08,-6.439999999999998,6,117,111,29,21,239,239,0.475,0.38125000000000003,0.4455,0.19125,0.5,0.27775,1
3,12,0,0,1,0,8.599999999999994,-7.200000000000003,15.85,15.37,-6.260000000000005,0,109,99,24,18,240,240,0.33391666666666664,0.47211111111111115,0.16441666666666668,0.35255555555555557,0.2916666666666667,0.5726666666666667,1
2,10,-2,0,0,1,-2.299999999999997,5.0,-7.1,-6.14,9.920000000000016,-2,122,138,30,30,242,240,0.4713076923076923,0.49450000000000005,0.2774615384615385,0.34110000000000007,0.25961538461538464,0.4375,0
21,2,2,-2,1,1,0.4000000000000057,-4.0,4.43,4.97,12.639999999999993,4,120,97,36,27,239,238,0.40069230769230774,0.32508333333333334,0.2486923076923077,0.27325,0.28846153846153844,0.40275,1
2,2,2,2,1,0,5.699999999999989,0.7000000000000028,4.78,5.54,-14.719999999999999,0,104,93,22,21,241,239,0.39625,0.3995384615384615,0.33925,0.15892307692307692,0.34725,0.46584615384615385,1
5,4,0,-2,1,1,-7.700000000000003,3.5,-11.01,-10.83,38.88000000000001,2,123,121,23,30,266,265,0.3621,0.4763636363636364,0.337,0.29890909090909096,0.39580000000000004,0.5631818181818182,1
3,8,-4,2,1,1,-6.099999999999994,3.299999999999997,-9.29,-9.55,9.460000000000008,-6,110,105,22,16,239,240,0.4676,0.415625,0.1358,0.236125,0.4666,0.541625,1
8,4,0,0,1,1,3.200000000000003,-3.200000000000003,6.58,6.06,0.15000000000000568,0,126,118,32,22,238,240,0.42190000000000005,0.38339999999999996,0.19190000000000002,0.18209999999999998,0.6675,0.5357000000000001,1
8,1,2,2,0,1,6.5,5.1000000000000085,1.3399999999999999,2.15,23.75999999999999,0,118,119,21,31,240,240,0.4053333333333333,0.5247999999999999,0.37533333333333335,0.2452,0.3521111111111111,0.44749999999999995,0
9,3,-2,2,1,1,-7.299999999999997,6.1000000000000085,-13.44,-12.1,0.29000000000000625,-4,121,106,30,25,241,240,0.43900000000000006,0.3468888888888889,0.3013,0.25788888888888883,0.3875,0.3055555555555556,1
10,2,4,-2,1,1,-5.599999999999994,-3.5,-2.02,-2.4299999999999997,12.27000000000001,6,111,100,25,16,241,243,0.3903076923076923,0.519,0.20592307692307693,0.42515384615384616,0.47438461538461535,0.4423076923076923,1
6,10,0,4,1,1,-3.6000000000000085,2.5999999999999943,-6.41,-6.62,3.480000000000018,-4,131,142,29,38,240,240,0.4970769230769231,0.618,0.44100000000000006,0.3379,0.23076923076923078,0.3417,0
3,3,4,-2,1,1,3.5999999999999943,-3.9000000000000057,7.49,7.64,-20.220000000000006,6,98,104,17,16,240,240,0.3138888888888889,0.274,0.2636666666666667,0.28959999999999997,0.59,0.41669999999999996,0
3,6,0,2,1,1,8.600000000000009,-3.1999999999999886,11.59,11.219999999999999,-32.32000000000001,-2,125,119,20,22,241,239,0.46444444444444444,0.37779999999999997,0.5161111111111112,0.2749,0.401,0.3769,1
2,5,2,2,1,1,-0.5999999999999943,5.5,-6.06,-6.01,12.820000000000014,0,104,94,29,29,241,241,0.42299999999999993,0.37409090909090903,0.25860000000000005,0.1821818181818182,0.425,0.3,1
2,6,2,4,1,1,-4.0,-1.2999999999999972,-2.67,-2.5200000000000005,35.760000000000005,-2,102,127,27,37,239,240,0.365,0.5058461538461538,0.27191666666666664,0.40384615384615385,0.38891666666666663,0.16984615384615387,0
8,3,4,0,1,0,4.0,-0.4000000000000057,4.109999999999999,3.129999999999999,17.989999999999995,4,107,105,25,19,239,240,0.416875,0.3854444444444444,0.29374999999999996,0.255,0.604125,0.40166666666666667,1
7,6,-2,-6,1,0,9.700000000000003,-4.799999999999997,14.67,13.82,26.37999999999998,4,115,103,31,24,240,238,0.5155,0.5011,0.4122,0.2873,0.49749999999999994,0.4208,1
6,7,-2,0,1,1,-1.2999999999999972,-3.0999999999999943,1.76,0.85,-7.360000000000028,-2,123,118,27,29,266,265,0.3688,0.379,0.2529,0.195,0.3188,0.3714,1
11,11,-4,2,0,1,-3.1999999999999886,7.900000000000006,-10.89,-11.129999999999999,29.909999999999982,-6,99,125,22,31,241,239,0.42346153846153844,0.5781666666666667,0.14861538461538462,0.4093333333333333,0.48715384615384616,0.2708333333333333,0
4,8,6,-2,1,0,11.200000000000003,-2.5999999999999943,13.829999999999998,13.21,-16.35000000000001,8,122,108,27,22,241,239,0.46645454545454546,0.32966666666666666,0.2615454545454545,0.22775,0.32727272727272727,0.3819166666666667,1
6,7,0,-2,1,1,8.200000000000003,0.4000000000000057,7.59,7.53,-18.28,2,103,108,21,24,240,241,0.346,0.5101,0.24811111111111112,0.38920000000000005,0.3426666666666666,0.3727,0
4,4,0,4,0,1,-2.1000000000000085,7.0,-8.99,-8.4,26.61,-4,84,95,14,21,240,239,0.28959999999999997,0.42460000000000003,0.11499999999999999,0.298,0.31070000000000003,0.29169999999999996,0
7,1,-4,-2,1,0,4.5,-1.7000000000000028,6.1899999999999995,6.130000000000001,-13.100000000000009,-2,102,100,27,26,239,241,0.45400000000000007,0.37960000000000005,0.27969999999999995,0.2859,0.5208,0.32999999999999996,1
1,5,0,-6,1,1,6.099999999999994,-5.6000000000000085,11.66,10.27,32.609999999999985,6,114,110,30,35,240,240,0.4678,0.544,0.2,0.2757777777777778,0.5083,0.37822222222222224,1
16,1,-2,-2,0,1,-0.20000000000000284,-0.29999999999999716,0.07000000000000006,-0.6699999999999999,-57.39,0,119,129,32,24,240,239,0.47977777777777775,0.417,0.21655555555555553,0.3319,0.5026666666666667,0.45709999999999995,0
1,1,4,2,1,0,5.5,0.7999999999999972,4.449999999999999,3.4399999999999995,24.079999999999984,2,126,94,33,18,240,240,0.4791666666666667,0.3760833333333333,0.30916666666666665,0.19791666666666666,0.3680833333333333,0.3958333333333333,1
5,2,4,0,1,1,6.0,-1.7000000000000028,7.83,7.46,10.149999999999991,4,123,98,35,22,241,241,0.4865384615384615,0.32916666666666666,0.38976923076923076,0.12558333333333332,0.45253846153846156,0.49700000000000005,1
15,2,4,0,0,1,1.4000000000000057,1.7000000000000028,-0.20999999999999952,0.38000000000000034,-0.3500000000000085,4,118,145,23,45,240,240,0.31699999999999995,0.49981818181818183,0.16549999999999998,0.424,0.6481666666666667,0.42427272727272725,0
5,1,0,-2,1,1,6.5,-4.099999999999994,10.41,10.51,-27.440000000000005,2,120,128,32,23,241,240,0.5082727272727273,0.489,0.2650909090909091,0.5323333333333333,0.447,0.48144444444444445,0
1,19,0,2,0,1,-3.5999999999999943,8.700000000000003,-12.389999999999999,-12.12,-7.209999999999994,-2,109,130,24,28,240,241,0.39007692307692304,0.4907500000000001,0.14384615384615385,0.3229166666666667,0.2436153846153846,0.428,0
2,10,-2,0,1,1,-6.200000000000003,3.6999999999999886,-9.67,-9.209999999999999,13.250000000000028,-2,94,98,22,21,241,240,0.3822,0.5378000000000001,0.2164,0.25329999999999997,0.06,0.6667,0
3,7,6,-4,1,1,7.1000000000000085,-3.5,10.669999999999998,10.22,21.14999999999999,10,124,135,31,39,241,240,0.4366,0.4755555555555555,0.2324,0.4504444444444445,0.31639999999999996,0.7222222222222222,0
2,2,0,0,1,1,4.799999999999997,-0.4000000000000057,5.21,4.35,26.809999999999988,0,121,114,27,31,241,239,0.48740000000000006,0.4657777777777778,0.2643,0.3288888888888889,0.3083,0.3333333333333333,1
4,7,4,-2,1,1,-4.699999999999989,-6.0,1.44,1.1300000000000001,-12.230000000000004,6,133,119,30,30,237,239,0.41446153846153844,0.5085384615384615,0.20853846153846156,0.37969230769230766,0.5705384615384615,0.4423076923076923,1
3,9,-4,2,0,1,-3.3999999999999915,7.400000000000006,-10.74,-11.26,36.809999999999995,-6,115,122,19,23,264,264,0.43799999999999994,0.40259999999999996,0.20377777777777778,0.25,0.5277777777777778,0.5012000000000001,0
10,2,-6,2,0,1,-8.299999999999997,8.799999999999997,-17.1,-16.98,13.75,-8,96,121,21,27,242,242,0.3780714285714285,0.4796666666666667,0.21664285714285714,0.16408333333333333,0.47021428571428575,0.39525000000000005,0
11,2,0,2,1,1,-3.700000000000003,1.7000000000000028,-5.3,-4.33,32.370000000000005,-2,129,114,27,20,241,240,0.49119999999999997,0.424125,0.4766,0.175,0.5667,0.7875,1
2,4,4,-2,1,0,2.700000000000003,-0.09999999999999432,2.9499999999999997,3.06,21.019999999999996,6,131,111,31,24,239,240,0.5339166666666667,0.401,0.246,0.2944166666666667,0.3333333333333333,0.6041666666666666,1
10,16,-2,-2,1,1,-0.10000000000000853,-4.700000000000003,4.52,4.57,6.239999999999995,0,104,115,25,28,241,239,0.42866666666666664,0.3510909090909091,0.22433333333333336,0.2340909090909091,0.5786666666666667,0.19309090909090906,0
11,2,-6,-2,0,1,-0.09999999999999432,5.1000000000000085,-5.14,-4.1899999999999995,-8.030000000000001,-4,93,119,24,38,240,241,0.4954545454545455,0.40841666666666665,0.14663636363636365,0.24191666666666667,0.23863636363636365,0.07741666666666668,0
4,11,2,2,1,1,-1.5,2.5,-3.9799999999999995,-3.9000000000000004,-34.969999999999985,0,101,119,26,31,242,241,0.3987857142857143,0.46075,0.2072142857142857,0.18608333333333335,0.4107142857142857,0.25,0
7,2,-4,0,1,1,7.700000000000003,3.5,4.11,4.4,-5.139999999999986,-4,117,127,25,32,241,240,0.44483333333333336,0.5177777777777778,0.21525000000000002,0.25777777777777783,0.30191666666666667,0.5185555555555555,0
4,4,0,2,0,1,-8.700000000000003,4.400000000000006,-13.23,-12.48,0.6400000000000148,-2,103,122,25,30,241,241,0.3086,0.3222307692307692,0.2484,0.23723076923076925,0.26070000000000004,0.5320769230769231,0
2,2,-2,2,1,1,-5.299999999999997,4.200000000000003,-9.57,-9.139999999999999,-16.369999999999997,-4,101,105,25,26,239,240,0.39691666666666675,0.4547,0.20358333333333334,0.23209999999999997,0.43450000000000005,0.2392,0
3,3,-2,-2,0,1,-7.299999999999997,0.8999999999999915,-7.9799999999999995,-7.6899999999999995,63.28,0,104,107,23,27,240,240,0.33940000000000003,0.4166,0.2605,0.21660000000000004,0.4857,0.3625,0
5,10,-2,-4,1,1,3.0999999999999943,-5.1000000000000085,8.13,8.02,-27.459999999999994,2,96,111,22,19,242,240,0.442,0.4184166666666667,0.20558333333333334,0.22775,0.5139166666666667,0.3325833333333334,0
7,6,2,-6,1,0,9.100000000000009,-5.699999999999989,14.92,14.260000000000002,-4.740000000000009,8,124,114,31,24,239,240,0.49577777777777776,0.4385,0.30066666666666664,0.22999999999999998,0.4117777777777778,0.4889,1
3,7,-6,-2,1,1,1.2000000000000028,7.599999999999994,-6.3,-6.109999999999999,22.30000000000002,-4,113,105,31,28,239,239,0.5272222222222223,0.36253846153846153,0.3852222222222222,0.19053846153846157,0.35188888888888886,0.4205384615384616,1
3,5,-2,2,1,1,-3.5999999999999943,4.400000000000006,-8.14,-7.77,-32.08,-4,94,106,20,30,241,240,0.32380000000000003,0.3658461538461539,0.1582,0.14615384615384616,0.515,0.2949230769230769,0
18,6,2,4,0,1,-0.9000000000000057,6.200000000000003,-6.99,-6.25,3.4099999999999966,-2,92,100,19,23,242,241,0.3134,0.5366363636363636,0.215,0.20700000000000002,0.49400000000000005,0.4188181818181818,0
4,11,4,2,1,1,1.2000000000000028,-1.2999999999999972,2.6199999999999997,3.1100000000000003,-16.659999999999997,2,136,121,36,28,240,240,0.49815384615384606,0.42338461538461536,0.2998461538461539,0.3453076923076923,0.3236923076923077,0.4263076923076923,1
4,18,4,6,1,1,1.1000000000000085,1.1000000000000085,0.4299999999999997,0.5300000000000011,-24.879999999999995,-2,115,111,22,17,239,240,0.4625,0.34675,0.36619999999999997,0.286875,0.4125,0.484375,1
13,6,2,-6,1,0,8.099999999999994,-5.6000000000000085,13.53,12.18,-4.450000000000003,8,118,85,30,20,239,241,0.44333333333333336,0.3632307692307692,0.2940833333333333,0.05123076923076923,0.2708333333333333,0.3230769230769231,1
10,4,0,2,1,1,-3.0,1.8999999999999915,-4.85,-4.510000000000001,-12.529999999999973,-2,119,116,30,25,241,240,0.5291,0.44109999999999994,0.2516,0.2881,0.4225,0.5583,1
8,4,2,4,1,1,-5.0,3.299999999999997,-8.36,-7.7299999999999995,-13.96,-2,119,116,20,30,240,239,0.33666666666666667,0.36300000000000004,0.2413333333333333,0.24480000000000005,0.631,0.3508,1
1,4,-4,2,1,1,-4.700000000000003,5.700000000000003,-10.56,-9.959999999999999,-35.11999999999999,-6,104,105,27,23,241,240,0.47040000000000004,0.4152222222222222,0.2088,0.17966666666666667,0.3404,0.5147777777777778,0
14,1,0,4,1,1,-3.0999999999999943,-1.2999999999999972,-1.78,-1.93,-22.120000000000005,-4,131,137,29,33,239,238,0.5128,0.5056666666666667,0.3964,0.309,0.3967,0.5052222222222222,0
6,15,0,2,1,1,2.299999999999997,-1.0,3.2399999999999998,3.0300000000000002,-3.660000000000011,-2,125,127,32,32,240,242,0.4313333333333333,0.44930000000000003,0.20833333333333334,0.409,0.3617777777777778,0.5278,0
11,4,4,2,1,1,-4.800000000000011,-5.700000000000003,0.77,0.8699999999999997,-2.7199999999999847,2,126,122,28,37,240,242,0.5415,0.6114999999999999,0.3954,0.456625,0.33999999999999997,0.572875,1
7,1,0,-6,1,0,4.199999999999989,-4.200000000000003,8.3,7.18,-29.47,6,124,112,30,21,241,241,0.5721111111111111,0.3997777777777778,0.17422222222222222,0.2697777777777778,0.6629999999999999,0.5,1
7,1,4,2,1,1,7.099999999999994,-1.8000000000000114,8.549999999999999,8.17,-3.999999999999986,2,108,89,25,24,239,239,0.3015833333333333,0.3640909090909091,0.154,0.2590909090909091,0.19999999999999998,0.41663636363636364,1
9,5,-2,0,1,1,5.599999999999994,-0.20000000000000284,5.550000000000001,5.12,8.820000000000007,-2,128,102,33,24,239,240,0.4225384615384616,0.352,0.2541538461538461,0.23079999999999998,0.6025384615384616,0.41,1
5,1,-4,2,1,1,0.6999999999999886,-3.200000000000003,3.7800000000000002,3.7,-32.39,-6,109,80,31,19,241,240,0.46823076923076923,0.42427272727272725,0.3153846153846154,0.10845454545454546,0.36538461538461536,0.3181818181818182,1
2,7,4,-4,1,1,5.599999999999994,-2.0,7.209999999999999,6.549999999999999,21.629999999999995,8,130,120,30,27,240,240,0.36449999999999994,0.4967,0.24209999999999998,0.3212,0.42610000000000003,0.5,1
3,3,0,0,1,1,-8.0,1.5,-9.34,-8.63,-21.999999999999986,0,99,90,24,20,239,239,0.4783333333333333,0.3201,0.3042222222222222,0.1476,0.5833333333333334,0.5957000000000001,1
10,2,0,0,1,1,-2.4000000000000057,-1.7999999999999972,-0.6599999999999999,-1.3399999999999999,-10.40000000000002,0,134,93,42,29,241,239,0.5129166666666668,0.3648181818181818,0.47741666666666666,0.2,0.22224999999999998,0.5363636363636364,1
7,3,-4,4,1,1,2.5,8.600000000000009,-6.11,-5.59,15.189999999999984,-8,102,106,23,21,239,240,0.45500000000000007,0.5027777777777778,0.3412222222222222,0.17044444444444445,0.48144444444444445,0.40744444444444444,0
4,4,4,2,1,1,1.3000000000000114,-2.299999999999997,3.61,3.5300000000000002,30.959999999999994,2,104,119,23,29,240,240,0.28238461538461535,0.4347777777777778,0.2093076923076923,0.24655555555555558,0.25976923076923075,0.6111111111111112,0
3,10,4,-2,0,1,-1.5,-1.2000000000000028,-0.33999999999999986,-0.3100000000000005,-6.089999999999989,6,80,108,13,31,239,240,0.27316666666666667,0.46807692307692306,0.133,0.3466923076923077,0.4583333333333333,0.34615384615384615,0
4,4,4,0,1,0,1.7999999999999972,-3.799999999999997,5.649999999999999,4.84,-3.519999999999996,4,126,114,32,25,240,241,0.5055000000000001,0.3903333333333333,0.3702,0.18511111111111112,0.3,0.5703333333333334,1
8,4,-6,4,0,1,-8.0,3.0999999999999943,-11.24,-11.4,-21.689999999999998,-10,101,137,25,27,239,239,0.49854545454545457,0.4581538461538462,0.3409090909090909,0.3820769230769231,0.22727272727272727,0.4910769230769231,0
4,12,2,-4,1,1,11.200000000000003,-2.299999999999997,13.209999999999999,12.69,-38.260000000000005,6,125,101,29,27,240,240,0.3075,0.4805833333333333,0.28633333333333333,0.22366666666666668,0.43775000000000003,0.20833333333333334,1
4,4,2,2,0,1,-9.799999999999997,7.299999999999997,-17.16,-17.1,8.490000000000009,0,92,129,24,28,241,240,0.36125,0.4131666666666667,0.24408333333333335,0.38891666666666663,0.34725,0.23958333333333334,0
4,8,6,-2,1,1,1.0,-3.200000000000003,4.369999999999999,4.21,23.61999999999999,8,115,110,27,19,240,240,0.5349,0.3026,0.2999,0.3087,0.575,0.4596,1
8,18,-6,-4,1,1,-5.799999999999997,0.6000000000000085,-6.43,-6.04,-5.470000000000013,-2,126,124,23,32,241,240,0.46544444444444444,0.5828000000000001,0.2851111111111111,0.2519,0.5296666666666666,0.4262,1
8,8,2,-2,0,1,0.30000000000001137,1.6000000000000085,-1.1999999999999997,-0.6200000000000001,-23.439999999999998,4,124,139,26,36,239,240,0.4234615384615385,0.4633636363636363,0.25123076923076926,0.456,0.4942307692307692,0.5302727272727273,0
8,8,-4,2,1,1,-0.29999999999999716,0.9000000000000057,-1.21,-1.4099999999999997,-2.4099999999999966,-6,99,93,19,20,240,241,0.3679,0.4122222222222222,0.195,0.2666666666666667,0.4488,0.4285555555555556,1
2,2,-4,6,1,1,2.5,8.600000000000009,-6.11,-5.59,15.189999999999984,-10,102,94,23,21,239,241,0.3937777777777778,0.36790909090909096,0.205,0.24245454545454545,0.5577777777777777,0.3181818181818182,1
4,2,2,-2,1,1,-1.3000000000000114,1.0,-2.3499999999999996,-2.86,-60.42999999999999,4,134,132,40,33,266,265,0.5126666666666667,0.4202222222222222,0.29177777777777775,0.3938888888888889,0.3888888888888889,0.25922222222222224,1
2,20,4,2,1,0,4.699999999999989,-2.3000000000000114,6.629999999999999,6.159999999999999,15.069999999999993,2,111,105,27,16,238,239,0.45637500000000003,0.3852222222222222,0.245375,0.30733333333333335,0.46875,0.35188888888888886,1
4,2,0,0,1,1,-2.4000000000000057,1.2999999999999972,-3.79,-3.51,-13.179999999999978,0,123,132,33,33,240,241,0.48990909090909085,0.6315555555555554,0.3641818181818182,0.6487777777777778,0.32727272727272727,0.3111111111111111,0
1,1,0,-4,1,1,-2.299999999999997,1.0,-3.2399999999999998,-3.0300000000000002,3.660000000000011,4,113,140,28,33,239,241,0.3769166666666666,0.5273076923076924,0.2251666666666667,0.3726153846153846,0.46525,0.33761538461538465,0
1,2,-2,0,1,1,-1.5999999999999943,0.20000000000000284,-1.7000000000000002,-1.5900000000000003,-15.399999999999999,-2,90,107,21,32,240,239,0.43023076923076925,0.3102307692307692,0.1809230769230769,0.19484615384615386,0.3076923076923077,0.23076923076923078,0
5,15,-2,-4,1,1,0.5,-5.700000000000003,6.359999999999999,5.84,9.959999999999994,2,99,141,23,34,241,240,0.3507272727272727,0.5786,0.28663636363636363,0.3211,0.40154545454545454,0.625,0
7,24,-4,4,0,1,-14.400000000000006,4.3999999999999915,-18.65,-17.91,42.13000000000001,-8,102,116,21,28,241,239,0.3760000000000001,0.4284,0.16000000000000003,0.1726,0.3788181818181818,0.675,0
2,2,-6,-2,1,0,-13.100000000000009,3.0999999999999943,-16.33,-16.11,11.030000000000015,-4,122,113,31,34,240,241,0.4655555555555556,0.31766666666666665,0.30000000000000004,0.1,0.43966666666666665,0.41022222222222227,1
2,2,-4,2,0,1,-9.899999999999991,12.400000000000006,-22.299999999999997,-21.29,0.46000000000000796,-6,109,119,25,27,241,240,0.5335555555555556,0.5097,0.2638888888888889,0.22649999999999998,0.673,0.3433,0
2,3,2,-4,1,1,3.5,1.2000000000000028,2.1999999999999997,1.8599999999999999,0.6200000000000045,6,111,120,27,28,240,240,0.5696666666666668,0.5725555555555556,0.27355555555555555,0.30833333333333335,0.44266666666666665,0.48411111111111116,0
2,2,0,4,0,1,-4.299999999999997,-1.2000000000000028,-3.09,-3.66,-19.89,-4,118,125,37,21,239,238,0.4149999999999999,0.3759,0.3186,0.22119999999999998,0.35,0.5666,0
1,14,4,6,1,1,2.8999999999999915,-1.9000000000000057,4.26,3.4899999999999993,0.6099999999999994,-2,121,127,26,25,239,240,0.3604444444444444,0.4922000000000001,0.237,0.3901,0.551888888888889,0.43570000000000003,0
3,2,2,-4,1,1,-2.700000000000003,-6.3999999999999915,3.56,2.6599999999999997,15.08999999999996,6,121,111,30,29,238,238,0.46811111111111114,0.4774444444444444,0.3656666666666667,0.253,0.35188888888888886,0.7036666666666667,1
2,8,-2,-2,1,1,2.1999999999999886,-2.6000000000000085,4.67,4.46,-2.9599999999999795,0,100,108,29,25,241,240,0.3855454545454545,0.4514,0.34109090909090906,0.18460000000000001,0.34545454545454546,0.38330000000000003,0
4,2,2,2,1,1,-7.400000000000006,2.3999999999999915,-9.59,-9.07,9.120000000000005,0,113,118,24,26,241,239,0.4027,0.5237777777777777,0.2771,0.4127777777777777,0.48,0.43533333333333335,0
11,3,2,-6,1,1,9.200000000000003,-2.299999999999997,11.34,10.78,-1.200000000000017,8,109,113,23,24,240,240,0.5029999999999999,0.5151818181818182,0.2643,0.32827272727272727,0.6,0.4959090909090909,0
2,1,4,-2,0,1,-5.300000000000011,-0.29999999999999716,-5.02,-5.38,-24.669999999999987,6,111,141,26,43,239,241,0.3638181818181818,0.6611538461538461,0.11863636363636364,0.36792307692307696,0.6060909090909091,0.242,0
1,1,2,4,1,1,-8.200000000000003,0.7000000000000028,-8.979999999999999,-8.700000000000001,28.87999999999998,-2,122,113,27,25,241,241,0.32849999999999996,0.45308333333333334,0.2623,0.3426666666666667,0.475,0.5625,1
11,1,4,-4,1,0,-6.799999999999997,-9.700000000000003,2.88,1.8499999999999999,1.7299999999999898,8,115,110,17,24,240,239,0.496,0.4636,0.2466,0.2992,0.44400000000000006,0.41390000000000005,1
1,1,-4,6,0,1,-10.900000000000006,6.099999999999994,-17.29,-16.93,-9.719999999999985,-10,112,140,20,34,240,240,0.386,0.49,0.14555555555555555,0.29841666666666666,0.7277777777777777,0.5834166666666666,0
2,6,0,-4,1,1,4.0,-2.700000000000003,6.67,6.14,-4.009999999999991,4,121,116,27,26,241,240,0.44400000000000006,0.3689,0.2012,0.22679999999999997,0.5953999999999999,0.3357,1
2,2,-4,0,1,1,-1.5999999999999943,0.20000000000000284,-1.7000000000000002,-1.5900000000000003,-15.399999999999999,-4,114,106,28,22,240,241,0.4271,0.5004444444444444,0.27430000000000004,0.4562222222222222,0.1443,0.5111111111111111,1
4,3,2,0,1,1,-0.20000000000000284,-0.5,0.15000000000000036,-0.1299999999999999,6.900000000000013,2,106,117,21,23,240,241,0.5196666666666666,0.4942222222222223,0.19166666666666665,0.23533333333333337,0.34522222222222226,0.7222222222222222,0
7,2,-2,-2,1,0,5.5,-4.200000000000003,9.82,9.09,-3.510000000000005,0,141,97,39,21,239,240,0.4605384615384616,0.37683333333333335,0.3982307692307693,0.21875,0.19230769230769232,0.4583333333333333,1
15,11,-2,-4,1,1,4.200000000000003,0.0,4.2,4.12,25.159999999999997,2,107,98,25,17,241,242,0.3566666666666667,0.45049999999999996,0.2444166666666667,0.1855,0.3194166666666667,0.5416666666666666,1
2,12,-2,0,0,1,-8.0,0.5,-8.39,-7.99,12.480000000000004,-2,108,113,23,32,240,240,0.4512222222222222,0.5026250000000001,0.2981111111111111,0.374625,0.36666666666666664,0.3375,0
19,11,-2,-2,1,1,3.799999999999997,-7.300000000000011,11.24,10.24,-0.9100000000000108,0,119,126,26,23,240,240,0.49820000000000003,0.5072000000000001,0.1298,0.3418,0.5083,0.36110000000000003,0
11,12,4,4,0,1,-10.899999999999991,2.0999999999999943,-12.989999999999998,-13.399999999999999,7.660000000000011,0,99,105,25,23,240,239,0.35454545454545455,0.48580000000000007,0.19472727272727272,0.33290000000000003,0.42881818181818177,0.575,0
11,11,-4,-4,1,0,-0.5,2.5,-3.33,-3.040000000000001,-27.58,0,123,114,33,30,241,241,0.4742222222222222,0.4309090909090909,0.31322222222222224,0.10481818181818182,0.5333333333333333,0.43036363636363634,1
12,14,2,-2,1,1,6.5,-4.5,10.67,10.11,-2.8700000000000188,4,108,117,21,23,239,240,0.33475,0.35419999999999996,0.17812499999999998,0.29990000000000006,0.44725000000000004,0.2639,0
10,17,-2,0,1,1,2.0,-1.0,2.8200000000000003,2.55,-2.5799999999999983,-2,94,101,26,18,240,239,0.37366666666666665,0.3368181818181818,0.26655555555555555,0.12727272727272726,0.2833333333333333,0.5121818181818182,0
18,11,2,-4,1,0,4.8999999999999915,-9.100000000000009,13.94,13.559999999999999,-14.420000000000009,6,133,113,34,25,239,240,0.5027499999999999,0.4119090909090909,0.2044166666666667,0.29090909090909095,0.36525,0.39845454545454545,1
14,19,6,-2,1,1,2.700000000000003,1.2999999999999972,1.5499999999999998,1.23,32.779999999999994,8,144,93,38,20,240,241,0.56275,0.3157692307692308,0.5330833333333334,0.2333076923076923,0.22916666666666666,0.36153846153846153,1
17,10,0,2,1,1,-1.9000000000000057,-2.799999999999997,0.9000000000000004,1.5600000000000005,3.019999999999996,-2,107,133,29,39,241,241,0.5078333333333332,0.38283333333333336,0.36208333333333337,0.33108333333333334,0.24308333333333332,0.35650000000000004,0
22,22,6,0,1,1,-0.29999999999999716,5.700000000000003,-5.86,-5.58,35.44,6,95,118,21,30,240,241,0.2561538461538462,0.389,0.11323076923076923,0.3120909090909091,0.3713846153846153,0.22727272727272727,0
19,13,-4,0,0,1,-0.29999999999999716,5.0,-5.23,-4.2299999999999995,-27.139999999999972,-4,111,120,28,30,240,240,0.35090909090909095,0.4478,0.16063636363636363,0.2934,0.44927272727272727,0.5716,0
11,15,0,4,1,0,-0.19999999999998863,1.5,-1.63,-1.0400000000000003,25.460000000000008,-4,133,126,32,32,265,266,0.45289999999999997,0.43466666666666665,0.35140000000000005,0.37433333333333335,0.3517,0.39811111111111114,1
13,11,-4,-2,1,1,-8.200000000000003,-1.2999999999999972,-6.87,-6.640000000000001,10.600000000000009,-2,126,124,29,35,241,239,0.4156666666666667,0.4742,0.3348888888888889,0.3096,0.6343333333333333,0.45499999999999996,1
11,13,0,0,0,1,0.7999999999999972,1.5,-0.74,-0.87,-38.629999999999995,0,100,113,27,22,240,239,0.4358461538461539,0.34140000000000004,0.24615384615384617,0.2395,0.23015384615384615,0.425,0
14,1,0,-4,1,0,4.6000000000000085,1.6000000000000085,2.879999999999999,2.8099999999999996,-11.420000000000016,4,108,98,30,22,239,242,0.4171,0.43810000000000004,0.26739999999999997,0.2251,0.3556,0.375,1
15,12,2,2,1,0,5.799999999999997,-1.2000000000000028,7.059999999999999,6.69,-9.810000000000002,0,124,101,30,23,240,238,0.41561538461538466,0.4135714285714286,0.28076923076923077,0.41664285714285715,0.28846153846153844,0.19285714285714287,1
12,1,2,4,0,1,-6.799999999999997,5.400000000000006,-12.309999999999999,-12.59,21.019999999999982,-2,97,104,20,24,239,240,0.35069999999999996,0.4561,0.2156,0.2737,0.3517,0.2339,0
2,2,0,0,0,1,0.7999999999999972,1.5,-0.74,-0.87,-38.629999999999995,0,99,103,25,23,240,239,0.4566666666666667,0.38620000000000004,0.2671111111111111,0.2064,0.42588888888888893,0.31829999999999997,0
2,19,2,0,1,1,-4.099999999999994,-3.3000000000000114,-0.68,-0.8099999999999999,-13.359999999999971,2,121,114,24,16,240,239,0.40858333333333335,0.4157,0.28075,0.1452,0.38891666666666663,0.6714,1
13,13,2,6,1,1,-3.1000000000000085,2.700000000000003,-5.9799999999999995,-6.2,-45.41999999999999,-4,112,128,29,35,239,240,0.538,0.4378333333333333,0.393,0.3015833333333333,0.46249999999999997,0.36108333333333337,0
13,2,0,-2,0,1,-2.700000000000003,-4.6000000000000085,2.2299999999999995,1.5599999999999996,14.769999999999996,2,94,105,24,25,241,240,0.41133333333333333,0.47100000000000003,0.12755555555555556,0.2982727272727273,0.42588888888888893,0.3181818181818182,0
1,13,2,2,1,1,9.799999999999997,-6.0,15.77,15.100000000000001,-30.709999999999994,0,126,99,31,13,239,240,0.4454166666666666,0.4435833333333333,0.3988333333333333,0.2040833333333333,0.32225,0.4708333333333334,1
13,20,0,0,1,1,-6.5,4.5,-10.67,-10.11,2.8700000000000188,0,98,123,28,27,240,240,0.36883333333333335,0.45890909090909093,0.29583333333333334,0.17563636363636365,0.375,0.5454545454545454,0
17,21,0,-2,1,0,9.100000000000009,-5.699999999999989,14.92,14.260000000000002,-4.740000000000009,2,112,101,35,20,241,241,0.34900000000000003,0.44533333333333336,0.31,0.33311111111111114,0.16670000000000001,0.3015555555555556,1
2,2,0,-2,1,1,1.5999999999999943,-0.20000000000000284,1.7000000000000002,1.5900000000000003,15.399999999999999,2,103,113,27,30,240,241,0.3734444444444444,0.4856,0.24644444444444444,0.31799999999999995,0.36288888888888887,0.505,0
14,2,-4,2,0,1,-8.099999999999994,5.6000000000000085,-13.53,-12.18,4.450000000000003,-6,93,104,23,24,240,240,0.395,0.35044444444444445,0.32866666666666666,0.23333333333333328,0.5,0.4444444444444444,0
2,2,4,0,1,1,-0.29999999999999716,5.700000000000003,-5.86,-5.58,35.44,4,113,97,25,18,242,240,0.3528461538461538,0.266,0.22100000000000003,0.13590909090909092,0.47800000000000004,0.35454545454545455,1
2,13,0,-4,1,1,2.700000000000003,2.5,0.2200000000000002,0.21999999999999975,-9.809999999999988,4,114,94,33,21,238,240,0.4112142857142857,0.30453846153846154,0.14764285714285716,0.22430769230769235,0.3149285714285714,0.2692307692307692,1
2,14,-4,-2,1,1,1.2000000000000028,6.200000000000003,-4.9,-4.279999999999999,10.54000000000002,-2,125,133,30,31,240,242,0.5223333333333334,0.5894999999999999,0.31966666666666665,0.3164,0.6666666666666666,0.3628,0
3,14,-2,2,0,1,-4.799999999999997,4.0,-8.8,-9.370000000000001,22.45000000000001,-4,110,114,33,18,240,240,0.4696666666666666,0.45649999999999996,0.3753333333333334,0.23689999999999997,0.4352222222222222,0.43629999999999997,0
1,3,-2,0,0,1,0.20000000000000284,1.9000000000000057,-1.75,-1.1,-40.27999999999999,-2,95,122,21,36,239,240,0.4124615384615385,0.594,0.2926923076923077,0.3578333333333334,0.25961538461538464,0.10558333333333332,0
1,3,-4,-2,0,1,-9.5,3.9000000000000057,-13.32,-12.56,4.800000000000011,-2,129,132,37,34,265,265,0.4956666666666666,0.49822222222222223,0.1348888888888889,0.2413333333333333,0.6518888888888889,0.7194444444444444,0
16,1,-4,4,1,1,-8.0,5.799999999999997,-13.62,-14.07,48.23000000000001,-8,101,114,25,23,239,241,0.38430769230769235,0.40924999999999995,0.17600000000000002,0.22083333333333333,0.3362307692307693,0.3819166666666667,0
2,2,4,0,1,0,10.5,-8.200000000000003,18.88,17.32,-4.160000000000011,4,124,113,33,27,241,239,0.4561,0.3588,0.30110000000000003,0.28290000000000004,0.465,0.2433,1
2,2,2,2,1,1,-11.199999999999989,-1.5,-9.229999999999999,-8.979999999999999,-9.359999999999985,0,108,104,26,13,240,239,0.4426,0.36824999999999997,0.3533,0.1715,0.7,0.362,1
3,22,2,2,1,1,-2.5,1.0,-3.4700000000000006,-3.84,26.399999999999977,0,111,106,22,24,241,240,0.3807,0.44489999999999996,0.2691,0.2062,0.4481,0.4857,1
2,15,0,0,1,1,-2.0,4.200000000000003,-6.13,-6.5600000000000005,-28.039999999999992,0,117,104,27,31,239,241,0.4243636363636364,0.3626153846153847,0.2840909090909091,0.1663076923076923,0.36818181818181817,0.3717692307692308,1
3,4,0,-2,1,1,5.0,-2.8999999999999915,7.67,7.0600000000000005,9.949999999999974,2,110,95,27,23,240,241,0.36575,0.29533333333333334,0.28491666666666665,0.16908333333333334,0.434,0.49724999999999997,1
16,26,4,-4,1,0,8.0,-0.5,8.39,7.99,-12.480000000000004,8,139,125,34,28,238,239,0.4599166666666667,0.5671666666666667,0.2975833333333333,0.37083333333333335,0.38608333333333333,0.5161666666666667,1
2,3,0,0,1,1,-1.8000000000000114,2.1999999999999886,-4.04,-3.95,17.940000000000012,0,91,112,27,24,239,241,0.34583333333333327,0.3915384615384615,0.14858333333333335,0.3436153846153846,0.375,0.36538461538461536,0
4,2,6,0,0,1,2.6000000000000085,2.700000000000003,0.1899999999999995,-0.04999999999999982,23.469999999999985,6,110,114,26,22,241,241,0.32320000000000004,0.4195555555555555,0.3322,0.25922222222222224,0.3231,0.5015555555555555,0
33,2,4,-2,1,0,13.5,-11.599999999999994,25.31,24.84,-6.690000000000012,6,123,105,25,25,241,240,0.3475384615384616,0.3620769230769231,0.2,0.17946153846153848,0.3141538461538461,0.4269230769230769,1
2,2,4,-4,1,1,3.0999999999999943,1.2999999999999972,1.78,1.93,22.120000000000005,8,132,108,27,23,239,240,0.5405,0.4415,0.3107857142857143,0.23891666666666667,0.2780714285714286,0.2604166666666667,1
28,15,-2,-4,1,1,3.700000000000003,-3.299999999999997,6.890000000000001,6.52,-10.270000000000024,2,117,90,35,23,241,241,0.38185714285714284,0.34025,0.23842857142857143,0.29558333333333336,0.2357142857142857,0.2569166666666667,1
15,1,0,0,0,1,-1.5,-2.5999999999999943,1.0699999999999998,1.8800000000000001,-49.43999999999999,0,105,111,29,26,239,239,0.45599999999999996,0.46740000000000004,0.3315,0.2415,0.49169999999999997,0.55,0
15,2,0,-2,0,1,0.9000000000000057,1.6000000000000085,-0.6799999999999999,-0.28,36.03,2,114,117,28,24,241,239,0.5506666666666666,0.5365,0.48144444444444445,0.24,0.5952222222222222,0.4,0
2,2,4,0,1,1,4.099999999999994,-2.9000000000000057,6.859999999999999,6.04,-0.44000000000001194,4,117,114,26,33,240,239,0.41000000000000003,0.49755555555555553,0.274875,0.2837777777777778,0.575875,0.6666666666666666,1
2,2,4,-2,1,1,-1.7999999999999972,4.5,-6.2,-5.890000000000001,29.35000000000001,6,99,105,15,23,240,240,0.36560000000000004,0.4632222222222222,0.3007,0.3111111111111111,0.4,0.3111111111111111,0
6,4,0,2,1,1,8.699999999999989,-7.1000000000000085,15.34,14.57,-5.829999999999998,-2,114,118,24,28,239,241,0.37160000000000004,0.44075,0.25,0.363875,0.1857,0.5,0
2,4,0,0,1,1,-0.9000000000000057,-3.0,2.08,2.1100000000000003,-47.79,0,113,115,26,30,240,239,0.43179999999999996,0.4635555555555555,0.2529,0.24788888888888888,0.4083,0.5555555555555556,0
4,3,-6,0,1,1,-3.700000000000003,3.299999999999997,-6.890000000000001,-6.52,10.270000000000024,-6,110,100,31,20,241,240,0.4976,0.46011111111111114,0.25120000000000003,0.21233333333333335,0.4,0.5594444444444444,1
18,6,2,4,0,1,-3.799999999999997,6.799999999999997,-10.639999999999999,-11.02,33.06999999999999,-2,114,120,28,20,240,242,0.48889999999999995,0.4028181818181818,0.3981,0.2712727272727273,0.3,0.2840909090909091,0
3,5,2,2,1,1,-4.099999999999994,-3.3000000000000114,-0.68,-0.8099999999999999,-13.359999999999971,0,88,89,14,21,240,240,0.3262727272727272,0.38544444444444437,0.11499999999999999,0.41111111111111115,0.29927272727272725,0.373,0
7,6,-2,-4,1,0,-0.5,2.5,-3.33,-3.040000000000001,-27.58,2,113,110,25,31,239,239,0.4474444444444445,0.3468333333333333,0.27244444444444443,0.27099999999999996,0.5396666666666667,0.38891666666666663,1
3,7,0,-2,1,1,0.5,0.10000000000000853,0.43000000000000016,0.42000000000000015,-48.900000000000006,2,141,133,32,36,240,239,0.5412222222222222,0.45669999999999994,0.32944444444444443,0.35390000000000005,0.6265555555555555,0.25,1
3,3,4,-6,1,0,7.200000000000003,-1.7999999999999972,9.14,9.190000000000001,7.9199999999999875,10,155,126,36,39,239,239,0.5226666666666666,0.38025000000000003,0.28675,0.30975,0.44166666666666665,0.4761666666666667,1
5,3,0,-2,1,1,7.400000000000006,-2.3999999999999915,9.59,9.07,-9.120000000000005,2,105,111,23,25,239,240,0.45077777777777783,0.3745,0.3651111111111111,0.2223,0.25933333333333336,0.29169999999999996,0
4,3,-4,4,0,1,-4.8999999999999915,9.100000000000009,-13.94,-13.559999999999999,14.420000000000009,-8,111,128,29,19,241,240,0.40890909090909094,0.42491666666666666,0.2797272727272727,0.17733333333333334,0.47881818181818186,0.52775,0
7,3,-4,0,1,1,0.5,-5.700000000000003,6.359999999999999,5.84,9.959999999999994,-4,122,120,26,26,240,240,0.46611111111111114,0.5424999999999999,0.32411111111111107,0.5361999999999999,0.36744444444444446,0.5083,1
4,3,-2,0,1,1,1.7000000000000028,3.1000000000000085,-1.42,-1.15,-2.5999999999999943,-2,113,114,20,25,240,240,0.6208,0.4062727272727273,0.25949999999999995,0.28400000000000003,0.7083999999999999,0.43945454545454543,0
1,6,0,4,1,1,-9.099999999999994,-4.700000000000003,-4.22,-4.29,11.650000000000006,-4,85,108,20,18,240,241,0.28458333333333335,0.476,0.27191666666666664,0.1833,0.375,0.40499999999999997,0
2,4,-2,2,1,1,4.099999999999994,-3.200000000000003,6.879999999999999,6.6,-16.049999999999997,-4,142,105,31,27,241,241,0.5025833333333333,0.3774166666666667,0.35725,0.19791666666666666,0.4791666666666667,0.3541666666666667,1
6,2,0,0,0,1,-5.900000000000006,-1.4000000000000057,-4.3500000000000005,-4.5,14.61999999999999,0,87,96,22,26,240,240,0.3393333333333333,0.3721111111111111,0.19922222222222222,0.29044444444444445,0.25,0.6944444444444444,0
8,2,4,-2,1,1,-1.2999999999999972,-0.7000000000000028,-0.4900000000000002,-0.1800000000000006,-12.990000000000002,6,112,113,19,25,241,240,0.3215,0.5164444444444444,0.125,0.4235555555555555,0.3433,0.35188888888888886,0
1,6,-6,4,0,1,-7.299999999999997,6.900000000000006,-14.28,-13.379999999999999,-15.949999999999989,-10,124,132,30,30,241,239,0.4063,0.37081818181818177,0.2292,0.289,0.5408999999999999,0.6506363636363637,0
4,19,0,4,0,1,-1.7999999999999972,3.799999999999997,-5.649999999999999,-4.84,3.519999999999996,-4,135,149,39,40,242,241,0.41616666666666663,0.48227272727272724,0.36041666666666666,0.38636363636363635,0.33749999999999997,0.40154545454545454,0
2,20,-4,2,1,1,1.4000000000000057,3.299999999999997,-1.8,-1.8099999999999998,-22.44999999999999,-6,89,98,23,24,241,242,0.36558333333333337,0.3382307692307692,0.2703333333333333,0.17438461538461542,0.11108333333333333,0.4230769230769231,0
19,6,0,-2,1,0,0.09999999999999432,-1.4000000000000057,1.3600000000000003,1.2799999999999998,9.31000000000001,2,102,92,19,24,241,242,0.4208888888888889,0.26458333333333334,0.20766666666666664,0.16108333333333333,0.42588888888888893,0.23216666666666666,1
2,2,0,2,1,1,1.0999999999999943,2.799999999999997,-1.69,-1.52,-50.02999999999997,-2,120,110,34,23,240,239,0.5455555555555556,0.3891,0.33677777777777773,0.21710000000000002,0.4896666666666667,0.48,1
5,2,-4,6,0,1,-13.0,9.099999999999994,-21.979999999999997,-21.799999999999997,34.27000000000001,-10,94,106,17,29,239,240,0.30019999999999997,0.44530000000000003,0.21959999999999996,0.19060000000000002,0.58,0.4833,0
2,1,0,6,0,1,-11.700000000000003,4.799999999999997,-16.54,-15.73,10.680000000000007,-6,132,136,32,26,265,266,0.49950000000000006,0.41133333333333333,0.3885,0.16177777777777777,0.359375,0.512,0
5,5,-4,0,1,1,-1.8000000000000114,2.1999999999999886,-4.04,-3.95,17.940000000000012,-4,116,111,33,27,239,240,0.4039166666666667,0.37855555555555553,0.3123333333333333,0.3491111111111111,0.28475,0.4444444444444444,1
3,5,-2,-4,1,1,-1.2000000000000028,-7.599999999999994,6.3,6.109999999999999,-22.30000000000002,2,109,105,26,21,240,240,0.3457777777777778,0.3266666666666667,0.2353333333333333,0.17377777777777778,0.40744444444444444,0.48144444444444445,1
1,2,0,2,1,0,4.900000000000006,2.9000000000000057,1.9900000000000002,2.24,0.269999999999996,-2,134,121,29,29,242,242,0.5585555555555555,0.4790769230769231,0.23166666666666666,0.34292307692307694,0.5436666666666666,0.5576923076923077,1
27,3,0,4,0,1,-0.7000000000000028,2.200000000000003,-3.1099999999999994,-2.2199999999999998,-26.549999999999983,-4,111,114,27,22,240,242,0.4460909090909091,0.396,0.17572727272727273,0.3002222222222222,0.39390909090909093,0.5106666666666667,0
2,1,-2,2,1,1,-3.0999999999999943,-1.2999999999999972,-1.78,-1.93,-22.120000000000005,-4,126,122,27,20,240,240,0.4795555555555556,0.39480000000000004,0.23144444444444445,0.21000000000000002,0.6278888888888888,0.4083,1
5,22,2,-2,1,0,-0.7999999999999972,-1.5,0.74,0.87,38.629999999999995,4,132,122,33,38,240,239,0.5452222222222223,0.577,0.4222222222222222,0.28555555555555556,0.49677777777777776,0.4523333333333333,1
2,3,0,-2,1,0,0.9000000000000057,-6.200000000000003,6.99,6.25,-3.4099999999999966,2,102,101,30,22,241,241,0.3770833333333334,0.46322222222222226,0.21058333333333334,0.2698888888888889,0.5125000000000001,0.6843333333333333,1
2,2,-2,0,1,1,4.099999999999994,-3.200000000000003,6.879999999999999,6.6,-16.049999999999997,-2,114,123,26,27,239,239,0.39683333333333337,0.428,0.16925,0.33336363636363636,0.29725,0.4944545454545455,0
7,10,-6,0,1,1,-4.099999999999994,-0.9000000000000057,-3.16,-2.99,37.5,-6,107,136,26,30,240,240,0.44307692307692303,0.4142727272727273,0.23976923076923076,0.27799999999999997,0.34615384615384615,0.4776363636363636,0
2,1,4,0,1,1,1.7999999999999972,-2.1000000000000085,3.9499999999999997,4.859999999999999,-34.97999999999998,4,100,104,24,21,240,240,0.41333333333333333,0.45955555555555555,0.20466666666666666,0.1921111111111111,0.48411111111111116,0.5912222222222222,0
6,2,6,4,1,0,2.5999999999999943,-5.5,8.02,7.909999999999999,-16.409999999999997,2,130,106,35,30,241,239,0.4093846153846154,0.3651818181818182,0.29423076923076924,0.25627272727272726,0.3076923076923077,0.3825454545454546,1
8,2,-2,2,1,1,2.1999999999999886,-5.700000000000003,7.76,7.6000000000000005,2.579999999999984,-4,112,110,23,25,241,240,0.4251111111111111,0.3725454545454545,0.23455555555555552,0.16772727272727272,0.5184444444444445,0.45909090909090905,1
2,4,-4,-2,1,1,-6.799999999999997,1.0,-7.549999999999999,-7.27,14.379999999999995,-2,108,115,23,31,265,263,0.397,0.33181818181818185,0.14009090909090907,0.24345454545454545,0.4060909090909091,0.502090909090909,0
2,2,-2,6,0,1,-11.700000000000003,4.799999999999997,-16.54,-15.73,10.680000000000007,-8,106,126,25,34,241,241,0.3593571428571428,0.34376923076923077,0.1797857142857143,0.29723076923076924,0.3392857142857143,0.3131538461538461,0
3,7,-6,0,1,1,-4.699999999999989,9.600000000000009,-14.09,-13.43,7.519999999999996,-6,113,116,30,24,240,241,0.5732222222222223,0.5601111111111111,0.39911111111111114,0.30000000000000004,0.35188888888888886,0.3406666666666667,0
2,5,-2,0,0,1,-8.700000000000003,4.400000000000006,-13.23,-12.48,0.6400000000000148,-2,121,132,28,38,240,240,0.5699,0.4885555555555556,0.3056,0.16655555555555557,0.65,0.6111111111111112,0
2,3,-2,4,0,1,-6.700000000000003,-0.5,-6.239999999999999,-5.25,-8.509999999999998,-6,95,113,20,25,241,241,0.29183333333333333,0.44757142857142856,0.14358333333333334,0.25571428571428567,0.39283333333333337,0.21428571428571427,0
2,2,0,4,1,1,-0.20000000000000284,-3.5,3.2500000000000004,3.62,-16.58999999999999,-4,103,125,23,20,240,242,0.4020769230769231,0.6048181818181818,0.10961538461538461,0.5238181818181818,0.40130769230769225,0.5536363636363636,0
4,2,-4,0,1,0,1.9000000000000057,0.20000000000000284,1.68,1.3199999999999998,-35.59,-4,110,100,25,17,239,241,0.25423076923076926,0.32181818181818184,0.16761538461538464,0.18545454545454546,0.39484615384615385,0.3833636363636364,1
2,5,-2,-6,1,1,10.099999999999994,-3.700000000000003,13.399999999999999,12.68,8.529999999999987,4,125,71,29,18,239,240,0.6186153846153846,0.3327142857142857,0.37999999999999995,0.21964285714285717,0.12584615384615386,0.2857142857142857,1
5,3,2,0,1,1,0.5999999999999943,0.8999999999999915,-0.25,-0.44000000000000017,31.11999999999999,2,112,120,26,27,240,240,0.5018,0.43600000000000005,0.2579,0.2133,0.43579999999999997,0.36150000000000004,0
10,1,0,2,1,1,-0.6999999999999886,6.900000000000006,-7.42,-7.29,3.510000000000005,-2,122,86,37,17,241,238,0.5214666666666666,0.28900000000000003,0.15553333333333336,0.22815384615384618,0.3126666666666667,0.3717692307692308,1
2,4,6,0,1,1,3.700000000000003,-4.0,7.869999999999999,7.549999999999999,0.9699999999999989,6,113,105,25,21,241,240,0.4194,0.5458888888888889,0.2921,0.34199999999999997,0.3778,0.5555555555555556,1
4,2,-4,2,0,1,-1.5,6.299999999999997,-7.85,-7.34,-10.479999999999976,-6,112,117,28,27,240,242,0.4321,0.33366666666666667,0.17,0.23266666666666666,0.3714,0.5745555555555556,0
3,1,4,4,0,1,-5.799999999999997,2.5,-8.319999999999999,-7.36,39.28,0,110,122,26,32,238,240,0.35933333333333334,0.413,0.21666666666666667,0.3045,0.38033333333333336,0.605,0
13,26,2,0,1,1,5.599999999999994,3.5,2.02,2.4299999999999997,-12.27000000000001,2,105,96,25,18,240,239,0.45020000000000004,0.3517272727272727,0.25,0.11363636363636363,0.43,0.4697272727272727,1
2,2,-2,0,1,1,-7.299999999999997,3.5,-10.879999999999999,-10.31,-13.200000000000003,-2,125,107,36,28,243,240,0.4558571428571429,0.5009166666666667,0.30685714285714283,0.32749999999999996,0.33335714285714285,0.1845,1
9,13,0,-6,1,0,3.0999999999999943,-7.0,9.99,8.7,20.559999999999974,6,119,108,34,25,240,239,0.5282222222222221,0.5058888888888888,0.4828888888888889,0.21477777777777776,0.5277777777777778,0.5666666666666667,1
7,6,6,-2,1,1,7.299999999999997,-6.1000000000000085,13.44,12.1,-0.29000000000000625,8,119,103,31,23,239,240,0.58475,0.3754,0.352,0.2258,0.45487500000000003,0.36669999999999997,1
3,3,-6,-2,1,1,2.0,-1.0,2.8200000000000003,2.55,-2.5799999999999983,-4,130,113,36,28,242,239,0.42815384615384616,0.4697272727272727,0.35992307692307696,0.23936363636363636,0.29484615384615387,0.5606363636363636,1
3,2,2,0,1,1,0.5,-5.200000000000003,5.71,5.71,-42.34000000000001,2,110,99,16,19,241,240,0.47633333333333333,0.4473846153846154,0.2916666666666667,0.18869230769230771,0.5472222222222222,0.2013076923076923,1
4,3,2,2,1,0,5.300000000000011,0.29999999999999716,5.02,5.38,24.669999999999987,0,139,120,44,34,240,240,0.5509166666666666,0.4694,0.2838333333333333,0.29350000000000004,0.4166666666666667,0.2433,1
2,2,-4,4,1,1,4.799999999999997,-2.0,6.710000000000001,6.87,-30.059999999999988,-8,113,107,24,24,241,239,0.3605555555555556,0.3874000000000001,0.1527777777777778,0.27,0.375,0.45,1
1,4,2,0,1,1,-3.0,-1.3999999999999915,-1.67,-1.5699999999999998,-12.050000000000011,2,115,128,34,35,240,241,0.5049230769230769,0.44599999999999995,0.32146153846153847,0.33890909090909094,0.4205384615384615,0.2802727272727273,0
4,10,0,0,0,1,-4.0,0.4000000000000057,-4.109999999999999,-3.129999999999999,-17.989999999999995,0,115,118,24,30,240,241,0.532,0.5061111111111111,0.5373333333333333,0.25222222222222224,0.6944444444444444,0.3333333333333333,0
7,1,0,-4,1,1,7.400000000000006,-2.3999999999999915,9.59,9.07,-9.120000000000005,4,110,113,21,26,241,241,0.4656363636363636,0.3824444444444445,0.15854545454545457,0.21466666666666667,0.33409090909090905,0.6018888888888889,0
2,2,6,2,1,0,5.200000000000003,-2.799999999999997,8.209999999999999,7.859999999999999,7.059999999999988,4,116,98,29,25,240,239,0.44607692307692304,0.42291666666666666,0.30730769230769234,0.19033333333333335,0.3076923076923077,0.19558333333333333,1
3,1,-2,2,1,1,3.0999999999999943,-6.5,9.530000000000001,9.85,-39.21999999999999,-4,139,105,41,17,242,240,0.5716923076923076,0.35933333333333334,0.33592307692307694,0.20133333333333334,0.3718461538461538,0.503,1
2,10,2,0,1,1,4.200000000000003,0.0,4.2,4.12,25.159999999999997,2,114,106,30,24,239,240,0.40619999999999995,0.4928888888888889,0.1728,0.21966666666666665,0.45,0.5555555555555556,1
2,8,2,-6,1,1,7.700000000000003,-3.5,11.01,10.83,-38.88000000000001,8,98,94,21,25,240,239,0.37872727272727275,0.4338,0.24463636363636365,0.2629,0.36363636363636365,0.5245,1
2,2,-4,0,1,1,1.0999999999999943,5.200000000000003,-4.17,-3.7,0.8299999999999983,-4,97,106,28,32,239,240,0.4809,0.4908181818181818,0.29969999999999997,0.42209090909090907,0.5,0.3901818181818182,0
2,1,2,0,1,1,-5.299999999999997,-0.29999999999999716,-4.6,-3.3099999999999996,-30.979999999999997,2,86,109,9,20,241,242,0.30436363636363634,0.4030833333333333,0.15109090909090908,0.30283333333333334,0.6363636363636364,0.4166666666666667,0
4,11,-6,-2,1,0,3.6000000000000085,0.8000000000000114,3.01,3.5500000000000007,-6.230000000000004,-4,132,120,36,28,240,239,0.5458000000000001,0.4686923076923077,0.35419999999999996,0.22823076923076924,0.55,0.25961538461538464,1
1,4,6,6,1,0,1.7999999999999972,-6.799999999999997,8.77,9.11,3.989999999999995,0,117,107,27,22,241,240,0.5657,0.40950000000000003,0.3601,0.134875,0.5599999999999999,0.427125,1
9,3,-2,6,0,1,-6.900000000000006,3.799999999999997,-10.739999999999998,-9.55,36.24000000000001,-8,122,134,29,38,239,238,0.38707692307692315,0.412,0.17892307692307693,0.24915384615384614,0.47438461538461535,0.46792307692307694,0
2,5,2,0,1,1,5.5,-1.2000000000000028,6.65,6.42,-0.7900000000000205,2,110,113,33,31,241,239,0.345,0.44400000000000006,0.28144444444444444,0.25933333333333336,0.1821111111111111,0.3055555555555556,0
2,3,-2,2,1,1,-1.0,3.200000000000003,-4.369999999999999,-4.21,-23.61999999999999,-4,138,133,32,31,240,241,0.5344444444444444,0.4484,0.381,0.3222,0.45588888888888884,0.5532999999999999,1
1,2,2,2,1,1,1.3000000000000114,-1.0,2.3499999999999996,2.86,60.42999999999999,0,119,102,28,22,240,240,0.4476363636363636,0.30663636363636365,0.32536363636363635,0.10145454545454546,0.5324545454545455,0.303,1
8,2,-2,2,1,1,-3.4000000000000057,-2.4000000000000057,-0.8799999999999999,-0.6600000000000001,-11.779999999999987,-4,94,123,22,31,240,241,0.4262,0.5451666666666667,0.2918,0.3194166666666667,0.3917,0.43250000000000005,0
1,4,4,0,1,1,-1.5999999999999943,1.5999999999999943,-3.1,-3.4200000000000004,-3.6400000000000006,4,119,105,26,20,240,239,0.5081111111111112,0.360625,0.16622222222222222,0.269125,0.4285555555555556,0.520875,1
4,7,0,-4,1,0,0.29999999999999716,-5.0,5.23,4.2299999999999995,27.139999999999972,4,126,108,35,30,239,242,0.48081818181818187,0.39436363636363636,0.31963636363636366,0.2647272727272727,0.3960909090909091,0.5272727272727272,1
2,3,2,-4,1,1,2.299999999999997,-7.5,9.9,8.62,24.71999999999997,6,100,136,25,31,240,241,0.40275,0.5015454545454545,0.14375000000000002,0.2618181818181818,0.39125000000000004,0.5681818181818182,0
7,1,-2,4,1,1,-4.400000000000006,1.2999999999999972,-5.66,-5.42,23.88000000000001,-6,139,126,36,27,241,241,0.4939090909090909,0.3275,0.37736363636363635,0.13991666666666666,0.6818181818181818,0.31466666666666665,1
2,2,0,-2,0,1,4.200000000000003,-1.2999999999999972,5.46,4.79,-4.310000000000002,2,102,105,25,21,240,241,0.4726000000000001,0.481375,0.1824,0.25975000000000004,0.155,0.5,0
4,5,0,0,1,1,-5.5,1.2000000000000028,-6.65,-6.42,0.7900000000000205,0,111,122,28,32,266,265,0.3674545454545454,0.3983,0.2682727272727273,0.16019999999999998,0.5045454545454545,0.38570000000000004,0
2,1,-2,0,1,1,-2.700000000000003,-1.2999999999999972,-1.5499999999999998,-1.23,-32.779999999999994,-2,121,113,32,29,241,239,0.5589999999999999,0.6183333333333333,0.4671,0.25,0.36669999999999997,0.5277777777777778,1
8,1,0,2,1,0,0.5,-5.400000000000006,5.79,6.25,21.950000000000003,-2,131,105,36,30,239,240,0.6267142857142858,0.41790000000000005,0.18392857142857144,0.19580000000000003,0.2737857142857143,0.5166999999999999,1
2,2,6,2,1,0,-0.29999999999999716,-3.5999999999999943,3.76,4.42,-17.019999999999996,4,105,92,22,17,241,241,0.4564444444444445,0.37122222222222223,0.43077777777777776,0.161,0.19444444444444445,0.37033333333333335,1
13,2,6,-6,1,0,14.400000000000006,-4.3999999999999915,18.65,17.91,-42.13000000000001,12,115,105,29,19,239,239,0.33107692307692305,0.311,0.2051538461538462,0.15891666666666668,0.25384615384615383,0.28708333333333336,1
4,4,-2,-4,0,1,-3.6000000000000085,-0.8000000000000114,-3.01,-3.5500000000000007,6.230000000000004,2,98,110,25,26,240,240,0.32290909090909087,0.4338,0.18672727272727274,0.3181,0.30909090909090914,0.525,0
7,1,0,-4,0,1,-1.7999999999999972,-10.800000000000011,9.22,7.81,11.36,4,92,105,25,21,239,241,0.3437,0.4831,0.2766,0.1875,0.275,0.55,0
2,11,0,2,1,1,-0.6000000000000085,-3.9000000000000057,3.29,3.5199999999999996,-45.38,-2,119,115,19,26,240,240,0.48844444444444446,0.313,0.27133333333333337,0.28040000000000004,0.32411111111111107,0.5857,1
1,8,0,0,1,1,-1.7000000000000028,-4.5,2.82,2.98,-9.160000000000004,0,99,129,22,31,240,239,0.40258333333333335,0.5394166666666667,0.19025,0.35716666666666663,0.2708333333333333,0.6041666666666666,0
2,2,4,0,1,0,3.299999999999997,-1.6000000000000085,4.88,4.4,-10.870000000000005,4,118,115,23,32,239,238,0.35827272727272724,0.4614999999999999,0.2040909090909091,0.29537500000000005,0.4697272727272727,0.375,1
14,2,2,-4,0,1,-4.299999999999997,-1.0999999999999943,-3.2300000000000004,-3.74,16.919999999999973,6,99,109,20,32,240,240,0.2698181818181818,0.5602727272727273,0.26245454545454544,0.4227272727272728,0.26163636363636367,0.40154545454545454,0
2,4,-2,0,1,1,-8.0,1.5,-9.34,-8.63,-21.999999999999986,-2,99,113,23,22,241,241,0.4194,0.50325,0.2533,0.2350833333333333,0.25,0.5,0
5,3,2,-2,1,1,9.099999999999994,4.700000000000003,4.22,4.29,-11.650000000000006,4,94,103,16,23,239,239,0.4275,0.43309999999999993,0.1095,0.33330000000000004,0.50625,0.2292,0
3,6,-4,-2,0,1,-5.400000000000006,1.3999999999999915,-6.77,-6.5200000000000005,6.540000000000006,-2,104,128,27,37,239,241,0.4485454545454546,0.5527142857142857,0.23636363636363636,0.378,0.5227272727272727,0.2755,0
2,3,0,0,1,0,-0.30000000000001137,-1.6000000000000085,1.1999999999999997,0.6200000000000001,23.439999999999998,0,114,110,25,31,239,241,0.30690000000000006,0.5281,0.23220000000000002,0.2617,0.43570000000000003,0.275,1
11,5,0,-4,1,0,2.9000000000000057,-3.0,6.05,5.53,-11.970000000000013,4,119,104,24,25,238,241,0.3883636363636363,0.4090833333333334,0.23290909090909093,0.22708333333333333,0.3780909090909091,0.38608333333333333,1
4,4,0,2,1,0,1.5,1.2000000000000028,0.33999999999999986,0.3100000000000005,6.089999999999989,-2,108,106,24,23,239,239,0.394,0.4418,0.33744444444444444,0.35730000000000006,0.4425555555555556,0.425,1
3,8,2,0,1,0,3.200000000000003,3.299999999999997,-0.08000000000000007,0.47,-28.229999999999976,2,123,118,30,25,289,291,0.33899999999999997,0.4072222222222222,0.2907,0.1817777777777778,0.42379999999999995,0.5,1
8,1,-6,-2,1,1,-8.900000000000006,-2.700000000000003,-6.109999999999999,-6.55,28.33999999999999,-4,115,104,23,27,241,240,0.3607,0.2932727272727273,0.17959999999999998,0.14400000000000002,0.7474999999999999,0.17272727272727273,1
2,12,-2,0,0,1,-8.5,8.299999999999997,-16.95,-17.11,20.650000000000013,-2,112,135,21,31,240,239,0.43483333333333335,0.38766666666666666,0.3145,0.20325000000000001,0.42083333333333334,0.5625,0
4,2,-4,2,1,1,-1.1000000000000085,1.2999999999999972,-2.42,-2.19,-3.039999999999992,-6,118,97,29,20,238,239,0.5037272727272728,0.37770000000000004,0.35563636363636364,0.20139999999999997,0.38636363636363635,0.5111,1
4,3,-2,0,1,1,-6.199999999999989,8.400000000000006,-14.43,-13.74,1.4300000000000068,-2,97,104,23,26,241,240,0.33609999999999995,0.44199999999999995,0.3084,0.241,0.46109999999999995,0.4092222222222222,0
8,3,-2,0,0,1,-3.3999999999999915,4.700000000000003,-8.21,-7.1,25.310000000000002,-2,121,124,25,35,240,240,0.3694,0.489,0.2858,0.35277777777777775,0.45549999999999996,0.16666666666666666,0
4,2,2,2,0,1,-0.6999999999999886,4.900000000000006,-5.219999999999999,-4.309999999999999,-21.36,0,106,118,22,30,240,241,0.32722222222222225,0.5107,0.27744444444444444,0.2273,0.44999999999999996,0.375,0
2,1,0,-2,0,1,1.5,-1.2000000000000028,2.7399999999999998,3.45,-37.38999999999998,2,98,114,28,32,240,241,0.39490909090909093,0.35966666666666663,0.17445454545454545,0.3165833333333334,0.3181818181818182,0.3125833333333334,0
3,11,6,6,1,1,1.4000000000000057,4.700000000000003,-3.33,-3.889999999999999,-7.859999999999999,0,129,122,36,35,240,241,0.5135000000000001,0.5790000000000001,0.2935,0.4021111111111111,0.39139999999999997,0.5237777777777778,1
4,7,2,2,1,1,2.4000000000000057,-1.2999999999999972,3.79,3.51,13.179999999999978,0,129,113,37,23,239,239,0.47963636363636364,0.4626153846153847,0.25872727272727275,0.3333076923076923,0.4666363636363636,0.3333076923076923,1
2,8,0,-4,1,0,8.0,-0.5,8.39,7.99,-12.480000000000004,4,112,98,24,25,238,239,0.3006666666666667,0.48616666666666664,0.20825000000000002,0.26391666666666663,0.23958333333333334,0.40275,1
2,5,0,-4,1,1,5.1000000000000085,-0.8999999999999915,6.209999999999999,5.8500000000000005,16.159999999999982,4,109,103,21,26,239,241,0.39929999999999993,0.4404444444444444,0.22490000000000002,0.5555555555555556,0.55,0.3888888888888889,1
2,11,-4,4,0,1,-6.5,2.700000000000003,-9.01,-8.68,15.680000000000007,-8,98,113,24,30,241,240,0.37,0.4386153846153847,0.213625,0.19315384615384618,0.75,0.23076923076923078,0
1,2,-2,0,1,1,-1.2999999999999972,5.200000000000003,-6.449999999999999,-5.92,-5.799999999999997,-2,100,119,19,24,240,240,0.5039166666666667,0.4535833333333333,0.2181666666666667,0.16841666666666666,0.38891666666666663,0.25,0
1,2,2,0,1,1,4.800000000000011,5.700000000000003,-0.77,-0.8699999999999997,2.7199999999999847,2,126,103,29,14,238,238,0.5469166666666667,0.39415384615384613,0.3514166666666667,0.2423076923076923,0.3666666666666667,0.5904615384615385,1
4,2,-2,0,1,1,1.5,-3.799999999999997,5.24,4.57,5.499999999999986,-2,121,105,26,24,240,240,0.3809230769230769,0.3194615384615385,0.24076923076923076,0.21930769230769231,0.28300000000000003,0.3889230769230769,1
1,1,6,-4,1,0,11.200000000000003,-2.5999999999999943,13.829999999999998,13.21,-16.35000000000001,10,132,126,31,34,240,240,0.45899999999999996,0.5339,0.27859999999999996,0.3124,0.4056,0.1917,1
3,13,4,0,0,1,0.0,1.3999999999999915,-1.4,-1.83,11.759999999999998,4,104,107,25,32,240,239,0.40279999999999994,0.4605,0.32439999999999997,0.18939999999999999,0.42919999999999997,0.35,0
4,2,0,0,0,1,-7.199999999999989,-1.9000000000000057,-5.12,-5.8500000000000005,8.63000000000001,0,89,104,21,21,240,240,0.3363636363636363,0.35191666666666666,0.16718181818181818,0.18899999999999997,0.5515454545454546,0.37041666666666667,0
3,2,0,0,1,1,2.4000000000000057,2.200000000000003,0.33999999999999986,-0.17999999999999972,30.369999999999997,0,115,119,20,21,239,240,0.5163636363636365,0.32433333333333336,0.253,0.3393333333333334,0.451,0.536,0
2,1,-4,0,1,1,3.0999999999999943,1.2999999999999972,1.78,1.93,22.120000000000005,-4,117,111,26,24,240,240,0.31900000000000006,0.48644444444444446,0.14889999999999998,0.5527777777777777,0.775,0.29633333333333334,1
9,2,-4,0,1,1,1.6000000000000085,3.5999999999999943,-1.87,-1.14,34.94000000000001,-4,123,115,33,32,239,239,0.6192,0.5104,0.209,0.36360000000000003,0.3917,0.4889,1
2,2,-2,0,1,1,-2.299999999999997,7.5,-9.9,-8.62,-24.71999999999997,-2,92,97,20,26,241,239,0.3871,0.38911111111111113,0.21550000000000002,0.26355555555555554,0.7,0.3055555555555556,0
9,7,4,-4,1,1,8.600000000000009,-1.8999999999999915,10.33,10.549999999999999,-2.8500000000000085,8,97,100,29,20,239,240,0.4361,0.2861000000000001,0.2136,0.23040000000000002,0.275,0.38570000000000004,0
2,1,4,0,1,0,1.5,2.5999999999999943,-1.0699999999999998,-1.8800000000000001,49.43999999999999,4,108,96,27,25,240,240,0.3499230769230769,0.4426,0.16984615384615387,0.265,0.20515384615384613,0.525,1
1,4,0,0,1,1,-6.5,-3.8000000000000114,-2.6,-2.8200000000000003,5.710000000000008,0,106,109,20,18,239,241,0.3179090909090909,0.43033333333333335,0.22372727272727275,0.31055555555555553,0.3477272727272727,0.21544444444444444,0
2,5,0,-2,0,1,1.5,-1.7000000000000028,3.1999999999999993,2.3,22.389999999999986,2,115,123,23,31,239,240,0.43079999999999996,0.39866666666666667,0.2733,0.28522222222222227,0.3714,0.5513333333333333,0
10,5,2,4,1,1,3.8999999999999915,-5.1000000000000085,8.629999999999999,7.699999999999999,24.22999999999999,-2,97,114,22,26,238,240,0.3123333333333333,0.421375,0.17441666666666666,0.38725,0.27849999999999997,0.475,0
2,2,0,4,0,1,-1.7999999999999972,6.799999999999997,-8.77,-9.11,-3.989999999999995,-4,101,126,18,20,239,238,0.3997692307692307,0.4928181818181818,0.11153846153846153,0.3842727272727273,0.38461538461538464,0.4772727272727273,0
4,2,2,-4,1,1,7.299999999999997,-3.5,10.879999999999999,10.31,13.200000000000003,6,138,105,39,26,240,239,0.502,0.3617142857142857,0.33976923076923077,0.27978571428571425,0.2692307692307692,0.24407142857142855,1
2,8,2,-4,1,0,11.400000000000006,0.20000000000000284,11.0,10.92,-15.41000000000001,6,124,105,34,26,240,240,0.44239999999999996,0.42300000000000004,0.35219999999999996,0.271,0.6828,0.45,1
3,1,-4,2,0,1,-0.7000000000000028,4.900000000000006,-5.64,-6.38,-15.04999999999999,-6,96,100,19,19,240,239,0.43733333333333335,0.49033333333333334,0.2794444444444444,0.14400000000000002,0.4166666666666667,0.5333333333333333,0
2,6,-2,-2,1,0,5.0,-1.1000000000000085,6.34,5.96,9.63000000000001,0,114,106,26,26,240,240,0.5101,0.405,0.1683,0.18563636363636363,0.3917,0.23863636363636365,1
2,2,4,-4,1,0,4.5,-1.7000000000000028,6.1899999999999995,6.130000000000001,-13.100000000000009,8,123,114,35,27,240,242,0.5113000000000001,0.4888,0.41579999999999995,0.3994,0.4467,0.4166,1
5,7,0,-2,1,1,-1.1000000000000085,-1.5,0.15000000000000036,0.3600000000000003,-17.379999999999995,2,125,127,37,25,240,241,0.6098888888888889,0.4295454545454546,0.2983333333333333,0.31663636363636366,0.34255555555555556,0.5346363636363637,0
12,2,-2,0,1,1,-1.7999999999999972,1.7999999999999972,-3.54,-2.78,-14.759999999999977,-2,98,119,24,31,239,240,0.2802307692307692,0.3451666666666666,0.13784615384615384,0.24758333333333335,0.27561538461538465,0.4041666666666666,0
1,8,-2,-2,1,1,1.5,-2.5,3.9799999999999995,3.9000000000000004,34.969999999999985,0,125,109,34,30,240,241,0.5974545454545455,0.48360000000000003,0.26490909090909087,0.34940000000000004,0.34263636363636363,0.4667,1
7,2,4,0,1,0,7.799999999999997,-6.299999999999997,13.77,13.94,-41.33,4,123,88,30,27,239,239,0.5640769230769231,0.4010909090909091,0.40930769230769226,0.12663636363636363,0.38461538461538464,0.2545454545454545,1
2,2,-2,2,1,0,2.5999999999999943,0.8999999999999915,1.6199999999999997,1.4699999999999998,-5.939999999999998,-4,140,106,29,22,239,240,0.49561538461538457,0.37938461538461543,0.3272307692307692,0.2476153846153846,0.328,0.16923076923076924,1
3,8,-2,2,0,1,-5.1000000000000085,0.0,-5.09,-4.71,32.72000000000001,-4,101,112,27,23,241,240,0.3526999999999999,0.5496666666666666,0.19280000000000003,0.20277777777777778,0.49670000000000003,0.38266666666666665,0
2,2,2,6,1,1,-2.6000000000000085,-0.6000000000000085,-2.04,-2.41,27.10000000000001,-4,119,124,26,33,241,240,0.5033,0.47688888888888886,0.42000000000000004,0.37233333333333335,0.425,0.5703333333333334,0
2,2,2,0,1,0,10.199999999999989,-8.800000000000011,18.54,16.869999999999997,16.559999999999988,2,120,119,23,24,241,241,0.4488888888888889,0.4609,0.26755555555555555,0.2584,0.44077777777777777,0.5074,1
3,6,6,4,1,1,5.200000000000003,-2.0999999999999943,7.309999999999999,7.130000000000001,-40.92999999999999,2,93,108,24,30,241,240,0.40130769230769237,0.45299999999999996,0.16246153846153846,0.32145454545454544,0.41023076923076923,0.35000000000000003,0
2,8,-2,-2,1,1,-2.5,-8.600000000000009,6.11,5.59,-15.189999999999984,0,104,99,23,17,240,239,0.40790000000000004,0.359,0.175,0.2291,0.3235,0.4923,1
5,2,-4,4,0,1,-13.5,11.599999999999994,-25.31,-24.84,6.690000000000012,-8,95,136,20,26,239,239,0.35807692307692307,0.5453636363636364,0.1853846153846154,0.40154545454545454,0.5576923076923077,0.3469090909090909,0
3,2,-2,-4,1,0,2.700000000000003,4.6000000000000085,-2.2299999999999995,-1.5599999999999996,-14.769999999999996,2,112,111,25,26,265,265,0.49250000000000005,0.426,0.3121,0.1999,0.65,0.43339999999999995,1
1,7,0,-4,1,1,8.900000000000006,2.700000000000003,6.109999999999999,6.55,-28.33999999999999,4,120,113,31,30,239,239,0.5138888888888888,0.4401,0.34244444444444444,0.3269,0.6018888888888889,0.45999999999999996,1
1,4,-6,0,1,1,-9.799999999999997,7.599999999999994,-17.439999999999998,-17.29,7.660000000000011,-6,106,120,27,20,240,239,0.33484615384615385,0.35907692307692307,0.31323076923076926,0.20346153846153847,0.3269230769230769,0.4269230769230769,0
1,5,-2,4,1,1,3.5,1.2000000000000028,2.1999999999999997,1.8599999999999999,0.6200000000000045,-6,119,124,26,20,241,240,0.40988888888888886,0.5494,0.29666666666666663,0.2833,0.487,0.6667,0
7,3,-4,0,1,1,-4.5,3.0999999999999943,-7.59,-7.960000000000001,24.860000000000007,-4,104,101,28,23,241,241,0.4206,0.3578,0.2666,0.2877,0.33340000000000003,0.4084,1
8,2,2,0,1,1,-2.4000000000000057,-2.200000000000003,-0.33999999999999986,0.17999999999999972,-30.369999999999997,2,120,118,28,15,239,239,0.4378888888888889,0.5251000000000001,0.369,0.2914,0.369,0.41669999999999996,1
10,5,0,-2,1,1,1.5,-2.5,3.9799999999999995,3.9000000000000004,34.969999999999985,2,102,126,24,30,239,240,0.37481818181818183,0.5165384615384616,0.2971818181818182,0.27992307692307694,0.3181818181818182,0.38461538461538464,0
9,2,-2,0,1,0,1.5999999999999943,-2.6000000000000085,4.1,4.7299999999999995,-28.07999999999997,-2,109,98,28,22,241,240,0.4175,0.3422222222222222,0.20579999999999998,0.34944444444444445,0.26660000000000006,0.37033333333333335,1
4,11,6,4,1,1,-5.200000000000003,2.0999999999999943,-7.309999999999999,-7.130000000000001,40.92999999999999,2,117,127,30,25,239,239,0.3538333333333334,0.33241666666666675,0.29866666666666664,0.22391666666666668,0.4333333333333333,0.39724999999999994,0
4,2,-2,4,0,1,-8.399999999999991,10.700000000000003,-19.1,-18.99,22.849999999999994,-6,102,118,23,32,240,241,0.444,0.47741666666666666,0.21600000000000003,0.2874166666666667,0.6352222222222222,0.28125,0
17,7,-2,2,1,1,-1.6000000000000085,-3.5999999999999943,1.87,1.14,-34.94000000000001,-4,122,117,22,28,241,240,0.4026666666666667,0.4783333333333333,0.2422222222222222,0.25,0.36144444444444446,0.5237777777777777,1
2,2,0,0,0,1,3.6999999999999886,-4.300000000000011,7.869999999999999,6.76,19.430000000000007,0,113,119,31,32,240,240,0.3224545454545455,0.47309999999999997,0.2651818181818182,0.1971,0.2575454545454546,0.475,0
6,2,0,6,1,0,-0.7999999999999972,-2.799999999999997,2.0,1.54,9.159999999999997,-6,130,115,32,25,242,242,0.3742307692307692,0.45530769230769236,0.2220769230769231,0.3333076923076923,0.41392307692307695,0.22223076923076926,1
2,2,-2,2,0,1,-5.1000000000000085,0.0,-5.09,-4.71,32.72000000000001,-4,99,118,27,28,239,239,0.4845384615384616,0.47923076923076924,0.23069230769230767,0.2926923076923077,0.4807692307692308,0.46153846153846156,0
3,2,-2,-4,1,1,3.200000000000003,-1.0999999999999943,4.130000000000001,4.28,-4.810000000000002,2,114,132,20,36,240,240,0.32608333333333334,0.4503333333333333,0.18308333333333335,0.3369166666666667,0.46875,0.4791666666666667,0
1,11,-2,-2,0,1,-6.599999999999994,3.9000000000000057,-10.33,-9.879999999999999,26.83999999999999,0,119,125,27,28,264,263,0.5917777777777778,0.5619999999999999,0.3088888888888889,0.31875,0.4444444444444444,0.555625,0
2,8,-4,2,1,1,-10.099999999999994,3.700000000000003,-13.399999999999999,-12.68,-8.529999999999987,-6,110,97,35,24,240,239,0.4562727272727273,0.27684615384615385,0.3469090909090909,0.24815384615384614,0.29545454545454547,0.25130769230769234,1
1,6,0,-2,1,1,-0.5,-0.10000000000000853,-0.43000000000000016,-0.42000000000000015,48.900000000000006,2,94,110,23,28,240,240,0.3386923076923077,0.3957777777777778,0.16484615384615384,0.32944444444444443,0.3076923076923077,0.5032222222222222,0
1,9,2,0,1,1,6.5,3.8000000000000114,2.6,2.8200000000000003,-5.710000000000008,2,122,93,24,24,239,239,0.3893333333333333,0.2948,0.24446666666666667,0.20579999999999998,0.5055999999999999,0.3671,1
4,2,2,-2,1,1,1.5999999999999943,-0.20000000000000284,1.7000000000000002,1.5900000000000003,15.399999999999999,4,115,116,21,26,240,240,0.45887500000000003,0.5782222222222222,0.421625,0.34255555555555556,0.5845,0.37033333333333335,0
7,9,0,-2,1,1,-4.3999999999999915,3.9000000000000057,-8.23,-7.85,-27.92,2,119,116,24,27,240,239,0.4588,0.32445454545454544,0.23760000000000003,0.20581818181818184,0.425,0.375,1
11,2,0,-2,1,1,-3.299999999999997,4.200000000000003,-7.609999999999999,-7.24,-19.95999999999998,2,115,129,22,28,240,241,0.49644444444444447,0.4792727272727273,0.4024444444444445,0.35809090909090907,0.5197777777777778,0.4318181818181818,0
5,6,4,4,1,1,4.6000000000000085,5.200000000000003,-0.6199999999999997,-0.9999999999999996,9.619999999999997,0,108,128,22,28,242,242,0.49233333333333335,0.5126666666666667,0.3110833333333333,0.287,0.4225833333333333,0.20241666666666666,0
3,3,0,-4,0,1,3.9000000000000057,3.8000000000000114,-0.23000000000000043,0.5899999999999999,-37.97,4,112,117,30,27,240,239,0.48419999999999996,0.43879999999999997,0.2801,0.22010000000000002,0.335,0.29500000000000004,0
2,2,-2,0,1,1,2.4000000000000057,1.7999999999999972,0.6599999999999999,1.3399999999999999,10.40000000000002,-2,117,108,33,25,240,240,0.4517777777777778,0.5424444444444445,0.3032222222222222,0.39811111111111114,0.4722222222222222,0.5277777777777778,1
2,1,-2,-4,1,0,6.599999999999994,-5.5,11.77,11.79,-18.129999999999995,2,126,67,26,15,239,240,0.46353846153846157,0.3063,0.2576923076923077,0.1166,0.6282307692307693,0.3786,1
5,4,4,4,0,1,-1.5,-1.2000000000000028,-0.33000000000000007,0.050000000000000044,-37.67999999999999,0,100,111,22,28,241,240,0.395,0.4487,0.22119999999999998,0.20600000000000002,0.48179999999999995,0.5024,0
3,2,-6,2,0,1,-9.400000000000006,-0.20000000000000284,-9.44,-9.59,0.7599999999999909,-8,123,130,28,33,239,240,0.5189,0.5451,0.20600000000000002,0.28579999999999994,0.575,0.3117,0
11,2,4,4,1,1,-1.4000000000000057,-4.700000000000003,3.33,3.889999999999999,7.859999999999999,0,134,114,25,32,239,240,0.444,0.5245714285714286,0.2606153846153846,0.2887142857142857,0.2692307692307692,0.5666428571428571,1
2,8,-2,0,1,1,-3.3999999999999915,4.400000000000006,-7.640000000000001,-7.51,13.319999999999993,-2,89,118,24,23,241,240,0.332,0.5519285714285714,0.19741666666666666,0.3482142857142857,0.40275,0.36907142857142855,0
10,1,4,4,1,0,1.4000000000000057,5.400000000000006,-4.029999999999999,-4.39,6.750000000000007,0,132,127,32,24,239,240,0.4592222222222222,0.5742222222222223,0.4444444444444444,0.2851111111111111,0.5055555555555555,0.49677777777777776,1
5,2,0,-2,1,1,11.199999999999989,1.5,9.229999999999999,8.979999999999999,9.359999999999985,2,121,94,25,15,240,239,0.4036153846153846,0.3263,0.269,0.1183,0.32053846153846155,0.43970000000000004,1
4,4,0,2,1,1,1.9000000000000057,2.799999999999997,-0.9000000000000004,-1.5600000000000005,-3.019999999999996,-2,99,116,19,23,240,239,0.257,0.3985454545454546,0.21436363636363637,0.3134545454545455,0.24236363636363636,0.2727272727272727,0
13,3,0,2,0,1,-6.400000000000006,-3.0999999999999943,-3.33,-3.8600000000000003,25.359999999999985,-2,113,133,30,35,238,239,0.39990909090909094,0.47384615384615386,0.19590909090909092,0.30853846153846154,0.45454545454545453,0.34615384615384615,0
2,6,4,-2,1,0,5.400000000000006,-1.3999999999999915,6.77,6.5200000000000005,-6.540000000000006,6,130,112,25,31,239,239,0.38999999999999996,0.44383333333333336,0.2545,0.13849999999999998,0.50925,0.4930833333333333,1
2,6,0,-2,1,0,-0.7999999999999972,-0.5,-0.08999999999999986,-0.08000000000000007,4.159999999999997,2,136,123,34,30,240,239,0.40790909090909094,0.46954545454545454,0.3676363636363636,0.257,0.41945454545454547,0.5636363636363636,1
2,2,-2,0,1,1,-3.299999999999997,4.200000000000003,-7.609999999999999,-7.24,-19.95999999999998,-2,112,140,29,39,241,239,0.4681538461538462,0.4943333333333333,0.26984615384615385,0.22566666666666668,0.34723076923076923,0.22224999999999998,0
3,3,-2,4,1,0,-5.5,8.5,-14.069999999999999,-13.44,28.38000000000001,-6,106,98,25,24,240,240,0.5202727272727272,0.4035,0.28654545454545455,0.43529999999999996,0.43945454545454543,0.25,1
2,2,-2,-2,1,1,6.799999999999997,-1.0,7.549999999999999,7.27,-14.379999999999995,0,123,125,34,26,240,240,0.4647272727272727,0.5071,0.28781818181818186,0.354,0.33336363636363636,0.3013,0
2,2,0,-4,1,1,7.400000000000006,-1.0999999999999943,8.33,8.4,20.349999999999994,4,102,101,24,28,239,240,0.30599999999999994,0.454,0.20744444444444443,0.3262,0.46299999999999997,0.4667,1
2,2,2,2,1,1,-1.2000000000000028,-6.200000000000003,4.9,4.279999999999999,-10.54000000000002,0,121,125,22,25,241,239,0.5144545454545454,0.44909999999999994,0.1614545454545455,0.1683,0.5984545454545455,0.38680000000000003,0
1,3,0,0,1,1,6.0,-4.6000000000000085,10.239999999999998,9.69,46.02999999999999,0,115,119,23,27,265,265,0.344,0.41777777777777775,0.207125,0.21755555555555559,0.678125,0.6427777777777778,0
4,6,4,-4,1,1,4.599999999999994,-3.9000000000000057,8.46,7.97,10.219999999999999,8,115,102,30,21,239,240,0.4638461538461539,0.5089999999999999,0.2213076923076923,0.25766666666666665,0.35715384615384616,0.46299999999999997,1
11,8,-2,-6,1,0,8.200000000000003,-7.3999999999999915,15.739999999999998,15.700000000000001,-23.06000000000001,4,122,114,24,24,240,239,0.3479999999999999,0.424125,0.21236363636363634,0.41200000000000003,0.5909090909090909,0.429125,1
3,2,2,2,0,1,-5.1000000000000085,-0.7000000000000028,-4.539999999999999,-3.66,6.890000000000001,0,117,124,27,27,240,241,0.4494444444444444,0.42088888888888887,0.2937777777777778,0.33366666666666667,0.283,0.5154444444444445,0
2,2,-4,4,1,1,-3.5999999999999943,3.9000000000000057,-7.49,-7.64,20.220000000000006,-8,103,125,28,25,240,240,0.4006923076923077,0.3479090909090909,0.1960769230769231,0.31663636363636366,0.3333076923076923,0.32427272727272727,0
2,6,0,-4,1,0,-0.9000000000000057,-4.299999999999997,3.32,2.56,24.569999999999965,4,128,107,35,28,239,238,0.43416666666666665,0.5344285714285715,0.3234166666666667,0.26964285714285713,0.3333333333333333,0.3095,1
7,2,-2,4,0,1,-10.5,-6.400000000000006,-4.01,-4.67,12.000000000000014,-6,100,113,30,24,241,242,0.41500000000000004,0.4094615384615385,0.3052,0.12946153846153846,0.3834,0.5595384615384615,0
2,1,4,-4,1,0,4.0,-4.799999999999997,8.71,8.41,-20.89999999999999,8,123,109,31,26,242,239,0.4057272727272727,0.46175,0.28309090909090906,0.279125,0.47618181818181815,0.572875,1
3,2,2,-4,1,0,11.799999999999997,-8.299999999999997,19.98,19.65,-11.070000000000007,6,127,101,37,25,240,240,0.5173333333333333,0.49236363636363634,0.34308333333333335,0.1748181818181818,0.16666666666666666,0.5227272727272727,1
4,12,2,0,1,1,-0.8000000000000114,-4.400000000000006,3.4400000000000004,3.3899999999999997,-38.47999999999999,2,115,102,27,26,239,240,0.5763,0.43981818181818183,0.2777,0.2120909090909091,0.4,0.34845454545454546,1
1,11,-4,-4,1,1,-2.3999999999999915,-0.8999999999999915,-1.42,-0.8399999999999999,-13.63000000000001,0,113,102,21,21,240,241,0.4402222222222222,0.4145454545454546,0.19377777777777777,0.18354545454545457,0.5092222222222222,0.5909090909090909,1
3,1,4,-6,1,1,9.900000000000006,-2.8999999999999915,12.92,12.72,-13.900000000000006,10,123,100,28,19,239,239,0.42041666666666666,0.3961538461538462,0.24308333333333332,0.12400000000000001,0.3714166666666667,0.43953846153846154,1
13,5,0,0,1,1,-7.5,0.5999999999999943,-7.909999999999999,-8.36,5.890000000000001,0,110,105,28,19,240,240,0.37260000000000004,0.34044444444444444,0.2862,0.138,0.45,0.6728888888888889,1
7,7,4,0,1,1,0.29999999999999716,-2.299999999999997,2.61,3.2399999999999998,-9.350000000000001,4,96,107,19,21,239,242,0.3467777777777778,0.4363,0.18566666666666667,0.2266,0.5,0.4,0
11,3,2,0,1,1,1.1000000000000085,1.5,-0.15000000000000036,-0.3600000000000003,17.379999999999995,2,108,106,19,25,241,240,0.43324999999999997,0.31766666666666665,0.125,0.25466666666666665,0.4624166666666667,0.45055555555555554,1
3,2,0,2,1,1,3.9000000000000057,-1.4000000000000057,5.2299999999999995,5.0,25.019999999999996,-2,119,110,31,23,240,239,0.5565555555555556,0.42599999999999993,0.21855555555555556,0.20233333333333334,0.5706666666666667,0.5185555555555555,1
8,2,2,4,1,1,5.5,-7.099999999999994,12.54,11.36,-13.79000000000002,-2,118,92,27,22,241,242,0.41546153846153844,0.44353846153846155,0.3591538461538461,0.3140769230769231,0.45515384615384613,0.2436153846153846,1
2,5,0,0,1,1,-5.599999999999994,0.6000000000000085,-5.81,-4.719999999999999,-33.38999999999999,0,85,125,28,33,240,239,0.3711666666666667,0.4967142857142857,0.18741666666666668,0.3258571428571429,0.27775,0.25,0
3,3,2,-4,1,0,-0.7999999999999972,-0.5,-0.08999999999999986,-0.08000000000000007,4.159999999999997,6,123,119,28,25,265,264,0.34877777777777774,0.37939999999999996,0.2518888888888889,0.17820000000000003,0.47777777777777775,0.6531,1
13,6,-4,0,0,1,-10.0,1.5,-11.21,-10.54,15.060000000000002,-4,95,99,21,29,239,239,0.3938888888888889,0.38766666666666666,0.2021111111111111,0.24988888888888885,0.5463333333333333,0.4722222222222222,0
2,12,0,-4,1,1,1.7999999999999972,-1.7999999999999972,3.54,2.78,14.759999999999977,4,107,116,26,25,241,241,0.37839999999999996,0.4928888888888889,0.275,0.21944444444444444,0.4667,0.42588888888888893,0
6,4,-2,-4,1,1,1.0999999999999943,5.200000000000003,-4.17,-3.7,0.8299999999999983,2,109,93,29,16,238,241,0.42233333333333334,0.3603333333333334,0.3000666666666667,0.23088888888888887,0.33093333333333336,0.5476666666666667,1
6,2,4,-6,1,0,8.0,-2.200000000000003,10.120000000000001,10.26,-27.189999999999998,10,144,109,39,34,238,238,0.5786923076923076,0.41866666666666674,0.312,0.23158333333333334,0.5230769230769231,0.18058333333333332,1
4,2,-2,-6,1,0,9.100000000000009,-4.3999999999999915,13.66,13.59,24.72999999999999,4,111,88,30,25,239,240,0.41209090909090906,0.2516666666666667,0.24163636363636368,0.13575,0.33336363636363636,0.3333333333333333,1
1,1,2,-4,1,1,1.0,-5.299999999999997,6.220000000000001,6.67,-26.950000000000003,6,99,112,24,25,239,240,0.4441428571428571,0.337,0.09742857142857143,0.29080000000000006,0.2755,0.63,0
8,2,2,0,1,1,-0.4000000000000057,2.6000000000000085,-3.03,-3.1399999999999997,-24.39999999999999,2,104,114,25,27,241,241,0.396,0.46854545454545454,0.15000000000000002,0.19445454545454546,0.6352222222222221,0.5909090909090909,0
1,2,-4,2,1,1,-7.700000000000003,-3.5,-4.11,-4.4,5.139999999999986,-6,84,108,16,28,239,241,0.39011111111111113,0.43823076923076926,0.14011111111111113,0.203,0.42588888888888893,0.34615384615384615,0
5,2,-2,-2,1,1,-1.7999999999999972,4.5,-6.2,-5.890000000000001,29.35000000000001,0,114,115,24,26,240,240,0.5378888888888889,0.45662500000000006,0.17377777777777775,0.32125000000000004,0.3571111111111111,0.5625,0
2,4,2,2,1,0,-6.400000000000006,-1.4000000000000057,-5.029999999999999,-3.8400000000000007,-6.100000000000001,0,109,108,25,25,240,240,0.43566666666666665,0.3415,0.24988888888888885,0.23399999999999999,0.6018888888888889,0.3175,1
2,5,2,2,1,0,10.400000000000006,-3.5999999999999943,13.959999999999999,13.89,-17.860000000000014,0,132,120,36,27,241,238,0.46245454545454545,0.44599999999999995,0.3396363636363636,0.28750000000000003,0.4090909090909091,0.446,1
7,1,-2,0,0,1,-5.5,6.5,-11.91,-10.71,-1.4899999999999949,-2,107,111,31,29,240,240,0.401,0.39588888888888885,0.24688888888888894,0.2036666666666667,0.46299999999999997,0.42133333333333334,0
3,2,4,-4,1,0,9.099999999999994,-12.900000000000006,22.21,21.21,3.6999999999999886,8,123,114,20,25,239,238,0.34354545454545454,0.41770000000000007,0.2575454545454546,0.28500000000000003,0.16372727272727272,0.3292,1
3,7,4,0,1,1,1.7000000000000028,4.5,-2.82,-2.98,9.160000000000004,4,123,117,24,31,240,242,0.45150000000000007,0.45036363636363635,0.39859999999999995,0.3550909090909091,0.5833,0.3,1
2,2,2,0,0,1,-5.5,-0.7999999999999972,-4.449999999999999,-3.4399999999999995,-24.079999999999984,2,113,117,24,24,266,265,0.45744444444444443,0.4479,0.20044444444444445,0.38310000000000005,0.3055555555555556,0.49450000000000005,0
5,4,4,-4,1,1,2.0999999999999943,-2.9000000000000057,4.99,4.13,36.619999999999976,8,110,140,31,43,241,241,0.36692307692307696,0.5888571428571429,0.24238461538461537,0.4687857142857143,0.32053846153846155,0.21428571428571427,0
4,2,-4,-2,0,1,-2.299999999999997,-5.1000000000000085,2.86,1.97,1.4000000000000057,-2,79,101,17,23,240,240,0.27499999999999997,0.4335714285714286,0.19545454545454544,0.18450000000000003,0.4924545454545454,0.27978571428571425,0
1,6,0,0,1,1,4.099999999999994,0.9000000000000057,3.16,2.99,-37.5,0,119,122,30,32,240,242,0.4295999999999999,0.5138,0.3029,0.3033,0.49749999999999994,0.53,0
4,8,4,-2,1,0,2.4000000000000057,0.5,1.92,2.0100000000000002,-19.06999999999998,6,125,96,32,26,241,240,0.3655714285714286,0.33018181818181813,0.24807142857142855,0.13727272727272727,0.25,0.6060909090909091,1
1,3,4,-4,0,1,5.5,-8.5,14.069999999999999,13.44,-28.38000000000001,8,115,121,26,25,240,240,0.4722999999999999,0.4532,0.4149,0.37329999999999997,0.37,0.7106,0
2,9,4,4,1,0,3.200000000000003,-0.20000000000000284,3.41,3.39,2.8699999999999903,0,132,123,30,31,240,240,0.5084444444444444,0.4023999999999999,0.35000000000000003,0.2412,0.525888888888889,0.2964,1
2,2,-6,0,1,1,4.400000000000006,1.3000000000000114,3.0999999999999996,3.630000000000001,-10.39,-6,128,112,30,30,238,240,0.4907272727272727,0.44749999999999995,0.3728181818181818,0.2616,0.29545454545454547,0.5417,1
3,3,-2,-4,1,0,0.9000000000000057,-3.8999999999999915,4.859999999999999,5.390000000000001,-36.26000000000001,2,131,106,37,22,241,241,0.44569230769230767,0.37291666666666673,0.31953846153846155,0.2846666666666667,0.38461538461538464,0.5139166666666667,1
2,1,0,2,1,1,-4.699999999999989,3.6000000000000085,-7.89,-6.829999999999999,14.400000000000006,-2,117,96,27,23,240,239,0.3744615384615385,0.33707692307692305,0.1964615384615385,0.264,0.41023076923076923,0.3516153846153846,1
4,1,2,0,0,1,-4.400000000000006,1.8999999999999915,-6.129999999999999,-6.43,28.010000000000005,2,97,102,20,17,241,241,0.3508,0.36744444444444446,0.20329999999999998,0.18333333333333332,0.65,0.4978888888888889,0
9,2,-6,0,1,1,-9.799999999999997,6.0,-15.77,-15.100000000000001,30.709999999999994,-6,132,129,23,30,241,240,0.581125,0.4069,0.526375,0.33499999999999996,0.72925,0.35,1
2,10,4,4,1,0,7.299999999999997,-6.900000000000006,14.28,13.379999999999999,15.949999999999989,0,139,126,38,30,240,242,0.509,0.4619090909090909,0.32030000000000003,0.2636363636363636,0.3,0.29954545454545456,1
8,9,-2,2,1,1,-2.0999999999999943,2.9000000000000057,-4.99,-4.13,-36.619999999999976,-4,98,136,22,32,241,240,0.3098,0.414076923076923,0.18653333333333333,0.31046153846153846,0.31366666666666665,0.4230769230769231,0
7,6,0,4,1,0,-3.3000000000000114,-4.5,1.1099999999999999,1.1800000000000002,3.3700000000000045,-4,133,104,38,32,238,238,0.4969166666666667,0.3879230769230769,0.42016666666666663,0.19230769230769232,0.45141666666666663,0.34615384615384615,1
3,2,-2,0,1,1,-5.799999999999997,4.900000000000006,-10.309999999999999,-9.02,11.360000000000014,-2,107,122,18,33,239,241,0.29858333333333337,0.35863636363636364,0.22925000000000004,0.2727272727272727,0.2920833333333333,0.2878181818181818,0
3,2,-4,-4,1,1,-5.0,2.8999999999999915,-7.67,-7.0600000000000005,-9.949999999999974,0,97,106,23,22,241,242,0.39344444444444443,0.3581111111111111,0.3128888888888889,0.38699999999999996,0.7777777777777778,0.6296666666666666,0
1,1,0,2,1,1,-3.1000000000000085,-3.3000000000000114,0.3200000000000003,-0.5099999999999998,33.81,-2,123,92,28,21,239,240,0.5445454545454546,0.26327272727272727,0.38281818181818184,0.14745454545454548,0.44372727272727275,0.46218181818181814,1
2,3,-4,2,1,1,-5.599999999999994,-3.5,-2.02,-2.4299999999999997,12.27000000000001,-6,121,113,22,22,240,240,0.4787,0.40827272727272723,0.4767,0.16845454545454544,0.4,0.375,1
2,2,0,2,1,1,4.099999999999994,0.9000000000000057,3.16,2.99,-37.5,-2,94,117,28,31,238,239,0.3567272727272728,0.40481818181818174,0.22681818181818184,0.2681818181818182,0.49318181818181817,0.5909090909090909,0
5,7,0,2,0,1,6.400000000000006,1.4000000000000057,5.029999999999999,3.8400000000000007,6.100000000000001,-2,131,135,28,26,240,240,0.4204,0.5836666666666667,0.2625,0.21722222222222223,0.3528,0.6005555555555556,0
5,2,2,2,1,0,1.7999999999999972,-1.9000000000000057,3.6199999999999997,3.01,3.219999999999999,0,143,120,40,33,241,239,0.31653846153846155,0.3525833333333334,0.23476923076923073,0.25991666666666663,0.5256153846153846,0.45141666666666663,1
8,4,-4,-4,1,1,2.1999999999999886,-2.6000000000000085,4.67,4.46,-2.9599999999999795,0,97,109,24,23,240,240,0.43772727272727274,0.45170000000000005,0.30009090909090913,0.18930000000000002,0.3522727272727273,0.465,0
1,3,4,-4,1,0,6.5,-7.400000000000006,14.19,13.3,20.109999999999985,8,125,103,28,27,242,241,0.43327272727272725,0.5454,0.32881818181818184,0.24289999999999998,0.5265454545454545,0.33999999999999997,1
2,6,0,2,1,1,-0.9000000000000057,-3.0,2.08,2.1100000000000003,-47.79,-2,108,118,30,29,239,239,0.40008333333333335,0.5139999999999999,0.31575000000000003,0.2514444444444444,0.3680833333333333,0.25922222222222224,0
13,2,2,-6,1,0,9.400000000000006,0.20000000000000284,9.44,9.59,-0.7599999999999909,8,119,109,23,28,241,240,0.43855555555555553,0.42055555555555557,0.21611111111111111,0.3904444444444445,0.7063333333333334,0.35188888888888886,1
2,13,2,4,1,1,-0.8000000000000114,-3.1000000000000085,2.18,2.7199999999999998,-9.009999999999991,-2,127,117,19,24,238,239,0.3641,0.35400000000000004,0.1894,0.13891666666666666,0.5,0.22841666666666668,1
7,9,2,2,0,1,-8.599999999999994,7.200000000000003,-15.85,-15.37,6.260000000000005,0,108,118,21,24,240,242,0.30019999999999997,0.5459,0.2732,0.24289999999999998,0.475,0.5444,0
2,2,2,4,1,1,-8.600000000000009,1.8999999999999915,-10.33,-10.549999999999999,2.8500000000000085,-2,107,112,26,22,240,240,0.4003333333333334,0.4612222222222223,0.32075000000000004,0.09722222222222222,0.39999999999999997,0.4571111111111111,0
2,2,-2,0,1,1,6.700000000000003,-0.8999999999999915,7.639999999999999,7.08,-3.25,-2,110,91,28,24,239,239,0.32549999999999996,0.38233333333333336,0.17016666666666666,0.19258333333333333,0.3416666666666666,0.22224999999999998,1
9,2,2,2,1,1,5.299999999999997,0.29999999999999716,4.6,3.3099999999999996,30.979999999999997,0,112,114,21,29,239,242,0.39190909090909093,0.3854444444444445,0.24772727272727274,0.26733333333333337,0.4393636363636364,0.3571111111111111,0
2,2,-6,0,1,1,-8.200000000000003,-0.4000000000000057,-7.59,-7.53,18.28,-6,96,110,19,31,239,240,0.3443,0.44800000000000006,0.2672,0.2404,0.4567,0.25,0
6,6,-2,-4,1,1,4.099999999999994,3.3000000000000114,0.68,0.8099999999999999,13.359999999999971,2,125,119,34,32,289,290,0.4956666666666667,0.48255555555555557,0.2611111111111111,0.29355555555555557,0.37966666666666665,0.33699999999999997,1
2,10,2,6,1,0,0.7999999999999972,1.2999999999999972,-0.75,-1.2000000000000002,-20.39999999999999,-4,143,106,32,21,240,239,0.42935714285714294,0.4378461538461539,0.3109285714285714,0.24615384615384617,0.375,0.5,1
6,2,4,2,1,0,0.09999999999999432,-5.1000000000000085,5.14,4.1899999999999995,8.030000000000001,2,113,104,31,21,240,240,0.48929999999999996,0.3035555555555556,0.1537,0.1283333333333333,0.4389,0.2678888888888889,1
2,2,-4,2,1,0,-5.800000000000011,-0.4000000000000057,-5.45,-5.800000000000001,24.230000000000018,-6,129,121,35,36,240,241,0.5384545454545454,0.4475,0.5058181818181818,0.15,0.22727272727272727,0.625,1
2,7,0,-2,1,1,2.0,-4.200000000000003,6.13,6.5600000000000005,28.039999999999992,2,100,92,18,24,239,240,0.3758888888888889,0.3536,0.26188888888888884,0.19990000000000002,0.4736666666666667,0.2875,1
2,2,-2,-6,1,0,8.0,-3.0999999999999943,11.24,11.4,21.689999999999998,4,130,108,39,23,241,240,0.44766666666666666,0.46499999999999997,0.3540833333333333,0.2142142857142857,0.32641666666666663,0.4405,1
12,2,-4,4,0,1,-4.700000000000003,7.0,-11.82,-10.629999999999999,-5.6499999999999915,-8,110,125,28,33,240,239,0.3942,0.5173333333333333,0.2434,0.24844444444444447,0.38,0.33888888888888885,0
2,11,2,2,1,0,1.1000000000000085,9.0,-7.66,-7.39,12.990000000000009,0,111,109,23,22,239,240,0.418875,0.34930000000000005,0.346375,0.1633,0.4375,0.5383,1
4,1,-2,4,1,1,-4.0,3.5,-7.45,-7.74,-8.570000000000007,-6,118,104,20,25,241,241,0.31063636363636365,0.5423333333333333,0.15427272727272728,0.15625,0.4454545454545455,0.37575,1
3,3,0,-6,1,1,3.799999999999997,-8.700000000000003,12.64,12.07,-12.670000000000009,6,114,103,29,30,238,239,0.4256363636363636,0.4418,0.184,0.1617,0.5651818181818182,0.45600000000000007,1
2,1,2,4,1,0,-4.200000000000003,1.2999999999999972,-5.46,-4.79,4.310000000000002,-2,125,112,26,26,240,238,0.3506923076923077,0.45141666666666663,0.21984615384615386,0.28883333333333333,0.5213846153846154,0.2916666666666667,1
2,10,0,-6,1,1,-1.2000000000000028,0.7999999999999972,-1.9999999999999991,-2.1499999999999995,23.200000000000003,6,83,104,18,27,241,240,0.3024,0.5067,0.2459,0.22000000000000003,0.369,0.5084,0
6,2,2,-2,1,0,1.5,1.2000000000000028,0.33000000000000007,-0.050000000000000044,37.67999999999999,4,133,119,28,26,241,239,0.4116666666666666,0.36576923076923074,0.34850000000000003,0.1736923076923077,0.2708333333333333,0.38784615384615384,1
13,4,-6,4,1,1,-3.700000000000003,4.299999999999997,-8.149999999999999,-7.74,-1.7999999999999972,-10,82,106,17,31,239,239,0.3658461538461539,0.4738181818181818,0.09246153846153846,0.3344545454545455,0.4967692307692308,0.3,0
2,6,0,-2,1,1,6.5,-4.5,10.67,10.11,-2.8700000000000188,2,122,100,32,28,242,242,0.32827272727272727,0.36358333333333337,0.24281818181818185,0.24841666666666673,0.376,0.4583333333333333,1
2,5,0,0,1,1,-8.200000000000003,0.7000000000000028,-8.979999999999999,-8.700000000000001,28.87999999999998,0,106,126,27,29,241,239,0.3438,0.4787,0.25579999999999997,0.1927,0.2833,0.2667,0
2,2,4,2,1,0,-1.4000000000000057,-1.7000000000000028,0.20999999999999952,-0.38000000000000034,0.3500000000000085,2,122,112,33,21,241,238,0.453,0.4933333333333333,0.264,0.312,0.35188888888888886,0.7185555555555555,1
1,2,0,2,1,1,-4.799999999999997,2.0,-6.710000000000001,-6.87,30.059999999999988,-2,117,104,30,34,240,240,0.5169,0.379,0.3533,0.19050000000000003,0.4667,0.3917,1
9,6,0,0,1,1,-4.3999999999999915,3.9000000000000057,-8.23,-7.85,-27.92,0,136,137,31,30,239,239,0.39877777777777773,0.5426,0.29600000000000004,0.3215,0.5864444444444445,0.48339999999999994,0
4,2,-2,0,1,1,-0.6999999999999886,6.900000000000006,-7.42,-7.29,3.510000000000005,-2,116,128,27,26,238,239,0.5288999999999999,0.4799090909090909,0.2452,0.2590909090909091,0.5533,0.5064545454545454,0
2,7,4,2,0,1,-0.3999999999999915,7.799999999999997,-8.0,-7.7,6.90000000000002,2,113,121,30,26,240,239,0.4146666666666667,0.5333333333333333,0.291,0.301,0.39999999999999997,0.521,0
1,3,0,2,1,1,-5.299999999999997,4.200000000000003,-9.57,-9.139999999999999,-16.369999999999997,-2,116,109,30,21,239,239,0.4317272727272727,0.24090000000000003,0.178,0.1166,0.5505454545454546,0.1857,1
1,2,-6,2,0,1,-9.100000000000009,4.3999999999999915,-13.66,-13.59,-24.72999999999999,-8,96,134,18,31,240,241,0.31671428571428567,0.599909090909091,0.14521428571428574,0.2733636363636363,0.5866428571428572,0.5909090909090909,0
3,3,0,-6,1,1,7.1000000000000085,-3.5,10.669999999999998,10.22,21.14999999999999,6,137,115,34,28,242,240,0.5064615384615384,0.40158333333333335,0.20376923076923076,0.30216666666666664,0.5038461538461538,0.2708333333333333,1
5,2,4,4,1,1,2.4000000000000057,2.200000000000003,0.33999999999999986,-0.17999999999999972,30.369999999999997,0,120,119,23,22,239,240,0.5558,0.40599999999999997,0.24580000000000002,0.31611111111111106,0.5024,0.6475555555555556,1
3,1,-6,2,1,1,-5.3999999999999915,8.900000000000006,-14.34,-13.66,-2.7299999999999898,-8,113,138,21,38,240,240,0.5650999999999999,0.51025,0.3759,0.3389166666666667,0.4217000000000001,0.4186666666666667,0
2,3,4,-4,1,0,2.299999999999997,5.1000000000000085,-2.86,-1.97,-1.4000000000000057,8,119,90,23,14,241,240,0.39207692307692305,0.3821538461538462,0.23846153846153847,0.08684615384615385,0.5480769230769231,0.3236923076923077,1
2,2,-2,0,0,1,-7.799999999999997,6.299999999999997,-13.77,-13.94,41.33,-2,104,112,18,26,240,240,0.4258,0.48369999999999996,0.1991,0.2655,0.5166999999999999,0.3929,0
13,2,-2,0,1,1,0.20000000000000284,-2.9000000000000057,3.0999999999999996,2.4699999999999998,-32.99000000000001,-2,117,102,18,20,242,240,0.33575,0.3525833333333333,0.12358333333333334,0.1371666666666667,0.44166666666666665,0.38891666666666663,1
2,2,2,0,0,1,-8.0,2.200000000000003,-10.120000000000001,-10.26,27.189999999999998,2,134,137,29,39,240,240,0.5226666666666667,0.6859999999999999,0.42766666666666664,0.46675,0.19444444444444445,0.6,0
4,2,4,-2,0,1,-3.5999999999999943,-0.7999999999999972,-2.73,-2.5700000000000003,-11.400000000000006,6,106,122,27,34,239,240,0.4411818181818182,0.507,0.20172727272727276,0.4378888888888889,0.3416363636363636,0.5396666666666667,0
2,6,-2,2,0,1,-10.199999999999989,8.800000000000011,-18.54,-16.869999999999997,-16.559999999999988,-4,116,118,16,32,240,240,0.4817,0.49,0.3643,0.2798888888888889,0.23570000000000002,0.5111111111111111,0
2,3,-4,2,1,1,-1.5,3.799999999999997,-5.24,-4.57,-5.499999999999986,-6,144,118,37,24,240,241,0.5554285714285714,0.3546923076923077,0.4789285714285714,0.23492307692307696,0.2881428571428572,0.2802307692307692,1
2,9,0,2,1,1,-1.2000000000000028,-7.599999999999994,6.3,6.109999999999999,-22.30000000000002,-2,105,130,26,41,240,240,0.35976923076923073,0.5893571428571429,0.21607692307692308,0.246,0.4346153846153846,0.34528571428571425,0
3,2,2,-6,1,1,1.9000000000000057,-1.4000000000000057,3.36,3.09,62.079999999999984,8,132,127,35,31,240,240,0.538,0.49470000000000003,0.3216,0.25329999999999997,0.6799999999999999,0.4666,1
2,2,-6,-4,1,0,1.7999999999999972,10.800000000000011,-9.22,-7.81,-11.36,-2,113,99,26,19,239,241,0.5375,0.3204,0.3733,0.19559999999999997,0.5,0.47330000000000005,1
1,1,-4,0,0,1,-12.600000000000009,0.5999999999999943,-13.0,-13.07,38.610000000000014,-4,104,107,31,29,240,240,0.4011,0.451,0.2325,0.19,0.375,0.45487500000000003,0
10,3,2,-4,0,1,6.799999999999997,-5.0,11.620000000000001,11.92,-25.03000000000001,6,98,110,18,24,240,242,0.3595,0.4774444444444444,0.23525,0.3748888888888889,0.25,0.4034444444444445,0
5,5,4,-6,1,1,9.799999999999997,-7.599999999999994,17.439999999999998,17.29,-7.660000000000011,10,103,105,29,26,240,240,0.3968888888888889,0.39744444444444443,0.262,0.29,0.44077777777777777,0.5611111111111111,0
9,3,0,0,1,0,3.5999999999999943,-8.700000000000003,12.389999999999999,12.12,7.209999999999994,0,144,110,37,25,240,239,0.4848181818181818,0.36230769230769233,0.2905454545454545,0.17946153846153848,0.1409090909090909,0.45553846153846156,1
3,2,4,4,0,1,2.5999999999999943,-0.4000000000000057,2.88,2.1399999999999997,-35.41,0,112,128,33,26,240,241,0.3203571428571429,0.5045000000000001,0.16992857142857143,0.2524166666666667,0.29850000000000004,0.26391666666666663,0
1,7,-2,0,0,1,0.9000000000000057,4.299999999999997,-3.32,-2.56,-24.569999999999965,-2,103,105,27,30,239,240,0.4305454545454545,0.40255555555555556,0.2484545454545455,0.22800000000000006,0.4879090909090909,0.4,0
2,1,4,2,1,1,-4.5,-4.599999999999994,0.020000000000000018,-0.1200000000000001,0.3299999999999841,2,127,108,24,21,238,240,0.4268461538461539,0.4066428571428572,0.15584615384615383,0.18535714285714283,0.5513076923076923,0.29850000000000004,1
2,2,0,0,1,1,0.9000000000000057,-2.5,3.46,3.56,-24.500000000000014,0,127,119,38,28,240,241,0.5508,0.38063636363636366,0.1538,0.29245454545454547,0.375,0.3106363636363636,1
3,2,0,0,1,0,6.900000000000006,-3.799999999999997,10.739999999999998,9.55,-36.24000000000001,0,144,101,39,22,240,241,0.5376363636363637,0.42679999999999996,0.5099090909090909,0.20600000000000002,0.4818181818181818,0.525,1
2,2,4,2,1,1,-4.599999999999994,4.5,-8.95,-9.24,15.549999999999997,2,115,108,31,21,239,241,0.5464999999999999,0.50475,0.4666,0.259,0.5,0.46875,1
2,2,2,2,1,1,-8.699999999999989,7.1000000000000085,-15.34,-14.57,5.829999999999998,0,110,118,20,34,240,240,0.530125,0.4752222222222222,0.4115,0.3058888888888889,0.5,0.4592222222222222,0
10,6,0,4,0,1,-1.7999999999999972,0.4000000000000057,-2.3699999999999997,-2.67,-14.459999999999994,-4,119,132,32,37,240,241,0.4859,0.4614,0.4908,0.2071,0.4333,0.38,0
2,2,-4,-4,0,1,0.5,-2.5,3.33,3.040000000000001,27.58,0,114,124,26,29,239,242,0.3982,0.4191,0.294,0.2537,0.6317,0.4267,0
1,2,0,-6,1,1,0.4000000000000057,-2.6000000000000085,3.03,3.1399999999999997,24.39999999999999,6,130,132,31,27,239,240,0.4928,0.4114,0.1517,0.33330000000000004,0.8356999999999999,0.629,0
2,4,4,2,1,1,3.200000000000003,3.5,-0.41000000000000014,-1.38,9.970000000000006,2,124,118,24,27,239,241,0.4035555555555555,0.4267777777777778,0.13733333333333334,0.20966666666666667,0.41988888888888887,0.5185555555555555,1
4,11,4,-2,1,1,3.299999999999997,-4.200000000000003,7.609999999999999,7.24,19.95999999999998,6,128,109,33,31,240,240,0.3801538461538462,0.4097857142857143,0.2264615384615385,0.2595,0.4145384615384616,0.3247857142857143,1
2,2,4,-2,1,1,-0.10000000000000853,-4.700000000000003,4.52,4.57,6.239999999999995,6,114,116,28,23,241,240,0.41944444444444445,0.4265555555555556,0.2008888888888889,0.2962222222222222,0.6666666666666666,0.46299999999999997,0
2,3,2,-2,1,0,4.3999999999999915,-5.900000000000006,10.389999999999999,10.579999999999998,-1.9500000000000028,4,125,96,28,24,240,239,0.4699090909090909,0.36081818181818187,0.3629090909090909,0.3833636363636364,0.24245454545454545,0.5,1
11,7,0,-4,1,0,9.5,-3.9000000000000057,13.32,12.56,-4.800000000000011,4,125,113,28,27,241,239,0.4254444444444444,0.3732,0.20733333333333331,0.3306,0.4222222222222222,0.41669999999999996,1
2,9,-4,4,0,1,-5.299999999999997,6.1000000000000085,-11.57,-10.19,-36.76999999999998,-8,111,112,31,32,240,240,0.3759,0.4988,0.2339,0.1875,0.5112,0.4883,0
3,2,0,-4,1,0,5.599999999999994,2.1000000000000085,3.42,4.26,-24.03000000000001,4,104,99,25,23,238,240,0.39545454545454545,0.4509090909090909,0.247,0.2150909090909091,0.34854545454545455,0.18790909090909091,1
2,2,4,2,1,1,-4.5,-4.599999999999994,0.020000000000000018,-0.1200000000000001,0.3299999999999841,2,121,119,30,28,265,266,0.475625,0.39066666666666666,0.305875,0.2131111111111111,0.640625,0.3068888888888889,1
2,2,2,2,1,1,1.1000000000000085,1.1000000000000085,0.4299999999999997,0.5300000000000011,-24.879999999999995,0,105,112,18,26,241,240,0.3691111111111111,0.4722222222222222,0.1771111111111111,0.3002222222222222,0.6666666666666666,0.42588888888888893,0
8,1,-2,0,1,0,-6.799999999999997,5.0,-11.620000000000001,-11.92,25.03000000000001,-2,99,97,26,23,240,240,0.4807,0.38633333333333336,0.2186,0.1661111111111111,0.45,0.43377777777777776,1
2,2,2,0,1,0,-2.8999999999999915,2.200000000000003,-5.03,-5.55,-5.530000000000015,2,118,116,37,24,241,242,0.5252222222222223,0.3741,0.21855555555555556,0.20249999999999999,0.2493333333333333,0.6187,1
2,14,4,4,0,1,-8.0,0.5,-8.39,-7.99,12.480000000000004,0,115,121,27,26,241,240,0.566,0.5235000000000001,0.2908181818181818,0.26487499999999997,0.6363636363636364,0.56875,0
8,3,-2,0,1,0,0.5999999999999943,2.6999999999999886,-2.12,-1.9400000000000002,-1.129999999999967,-2,133,124,35,29,242,239,0.5551,0.4736666666666667,0.44139999999999996,0.35177777777777774,0.475,0.42322222222222217,1
10,3,2,4,1,1,-0.8000000000000114,-4.400000000000006,3.4400000000000004,3.3899999999999997,-38.47999999999999,-2,97,122,30,33,240,240,0.36878571428571433,0.66525,0.23600000000000002,0.39683333333333337,0.44642857142857145,0.26891666666666664,0
1,1,4,4,1,1,-4.799999999999997,0.4000000000000057,-5.21,-4.35,-26.809999999999988,0,112,89,23,25,239,243,0.31969230769230766,0.27264285714285713,0.21953846153846154,0.15478571428571428,0.4230769230769231,0.26307142857142857,1
2,2,-4,-4,1,1,-8.600000000000009,3.1999999999999886,-11.59,-11.219999999999999,32.32000000000001,0,102,112,21,26,240,240,0.4542,0.49416666666666664,0.195,0.285,0.55,0.32408333333333333,0
2,7,-2,2,1,1,-6.700000000000003,0.8999999999999915,-7.639999999999999,-7.08,3.25,-4,115,118,22,28,239,242,0.37872727272727275,0.4486,0.23136363636363635,0.29710000000000003,0.5064545454545454,0.4875,0
8,2,-4,-2,0,1,0.19999999999998863,-1.5,1.63,1.0400000000000003,-25.460000000000008,-2,125,126,33,36,240,239,0.42679999999999996,0.4853333333333334,0.3418,0.28911111111111115,0.2818,0.23144444444444445,0
1,2,0,-2,1,1,1.7000000000000028,-3.299999999999997,5.329999999999999,5.19,4.3799999999999955,2,102,119,26,40,239,239,0.4110909090909091,0.46481818181818185,0.2736363636363637,0.36190909090909096,0.5909090909090909,0.45454545454545453,0
1,1,2,0,0,1,-1.5999999999999943,5.299999999999997,-6.790000000000001,-6.4,1.8300000000000125,2,101,108,22,25,239,241,0.4013,0.3396,0.2923,0.32999999999999996,0.425,0.45499999999999996,0
1,3,2,4,0,1,-7.200000000000003,1.7999999999999972,-9.14,-9.190000000000001,-7.9199999999999875,-2,107,138,28,22,241,240,0.4173636363636364,0.41640000000000005,0.31,0.27080000000000004,0.7272727272727273,0.3608,0
2,3,2,0,1,0,2.5,-4.099999999999994,6.5600000000000005,6.98,-20.860000000000014,2,127,108,27,25,241,240,0.43524999999999997,0.49233333333333335,0.3105,0.27411111111111114,0.27308333333333334,0.3407777777777778,1
2,2,2,0,1,0,4.099999999999994,-11.799999999999997,15.87,15.25,-5.930000000000021,2,140,109,24,24,240,238,0.475,0.5035384615384616,0.27399999999999997,0.25092307692307697,0.33338461538461533,0.28207692307692306,1
2,14,-4,2,1,1,-3.799999999999997,8.700000000000003,-12.64,-12.07,12.670000000000009,-6,131,128,30,33,239,240,0.5094000000000001,0.5407,0.2291,0.38,0.475,0.4519,1
2,2,0,-6,1,0,9.5,-3.9000000000000057,13.32,12.56,-4.800000000000011,6,144,119,40,26,240,241,0.5053076923076923,0.37000000000000005,0.21976923076923077,0.22718181818181815,0.34615384615384615,0.5151818181818182,1
14,2,-2,-4,0,1,7.299999999999997,6.6000000000000085,0.6,1.2799999999999998,-14.870000000000005,2,111,130,23,30,240,242,0.40415384615384614,0.4417142857142857,0.359,0.3856428571428571,0.42230769230769233,0.2714285714285714,0
8,2,4,-2,1,1,5.799999999999997,-4.900000000000006,10.309999999999999,9.02,-11.360000000000014,6,120,127,30,32,242,242,0.5334545454545455,0.5773333333333333,0.3710909090909091,0.2888888888888889,0.36063636363636364,0.5296666666666666,0
1,2,2,-2,1,1,1.2999999999999972,0.7000000000000028,0.4900000000000002,0.1800000000000006,12.990000000000002,4,127,114,23,26,241,240,0.44960000000000006,0.489,0.2834,0.3258888888888889,0.3433,0.5241111111111112,1
1,1,2,-2,1,0,10.5,6.400000000000006,4.01,4.67,-12.000000000000014,4,112,90,33,21,241,240,0.4703333333333333,0.3486666666666667,0.22566666666666668,0.13183333333333333,0.19483333333333333,0.6020833333333333,1
14,1,4,0,1,1,0.9000000000000057,3.0,-2.08,-2.1100000000000003,47.79,4,120,112,26,29,241,239,0.5960000000000001,0.3776363636363636,0.19355555555555556,0.22518181818181818,0.3875555555555555,0.4241818181818182,1
2,3,4,-2,1,1,-5.0,-1.5,-3.46,-3.25,13.469999999999999,6,108,102,25,21,241,240,0.41479999999999995,0.36666666666666664,0.21189999999999998,0.24988888888888885,0.425,0.5647777777777778,1
2,2,0,2,0,1,-1.4000000000000057,-4.0,2.43,3.16,-40.12999999999998,-2,112,119,25,31,239,240,0.4225555555555556,0.3714,0.27522222222222226,0.2719,0.5222222222222221,0.5667,0
2,2,-6,-2,1,0,-7.1000000000000085,-0.6000000000000085,-6.35,-6.6499999999999995,37.81999999999999,-4,117,116,33,25,239,240,0.49388888888888893,0.41200000000000003,0.38122222222222224,0.24244444444444443,0.4444444444444444,0.6565555555555556,1
8,2,0,4,0,1,-14.900000000000006,6.8999999999999915,-21.979999999999997,-20.950000000000003,14.550000000000011,-4,124,134,25,32,240,240,0.47233333333333327,0.4486,0.2927777777777778,0.19449999999999998,0.25755555555555554,0.5542,0
2,2,-4,-2,1,1,-1.3000000000000114,2.299999999999997,-3.61,-3.5300000000000002,-30.959999999999994,-2,115,110,29,28,239,242,0.5042000000000001,0.36077777777777775,0.32830000000000004,0.362,0.3371,0.3888888888888889,1
2,2,0,2,1,1,-5.0,2.8999999999999915,-7.67,-7.0600000000000005,-9.949999999999974,-2,102,86,17,23,239,241,0.41200000000000003,0.2864444444444445,0.165,0.23122222222222222,0.48,0.39444444444444443,1
2,13,-2,0,1,1,3.0999999999999943,-5.1000000000000085,8.13,8.02,-27.459999999999994,-2,125,112,32,26,241,241,0.4227,0.4831666666666667,0.27070000000000005,0.28891666666666665,0.525,0.30275,1
2,9,2,0,1,0,9.799999999999997,-7.299999999999997,17.16,17.1,-8.490000000000009,2,121,109,26,31,239,239,0.4322307692307692,0.44889999999999997,0.15384615384615385,0.47219999999999995,0.25384615384615383,0.3583,1
9,10,-2,-2,1,0,5.0,-1.1000000000000085,6.34,5.96,9.63000000000001,0,135,127,31,29,265,265,0.40140000000000003,0.39530000000000004,0.2928,0.24700000000000003,0.4389,0.575,1
12,2,0,-4,1,1,-0.5,5.200000000000003,-5.71,-5.71,42.34000000000001,4,116,105,22,21,242,240,0.37590909090909097,0.30999999999999994,0.3379090909090909,0.16620000000000001,0.46818181818181814,0.47000000000000003,1
2,2,4,4,1,0,-0.5999999999999943,0.4000000000000057,-1.01,-0.22999999999999998,-1.6499999999999915,0,124,117,29,27,240,240,0.5284,0.3717,0.2394,0.231,0.35,0.775,1
14,1,-4,-2,1,0,-5.0,-7.6000000000000085,2.6399999999999997,1.7500000000000002,11.209999999999994,-2,112,111,19,27,240,240,0.4649,0.4815555555555556,0.2986,0.3463333333333333,0.36669999999999997,0.371,1
1,5,0,-2,1,1,-7.799999999999997,3.3999999999999915,-11.309999999999999,-10.73,35.7,2,111,125,26,36,240,240,0.40919999999999995,0.4651111111111111,0.1515,0.2975555555555556,0.55,0.4166666666666667,0
4,2,0,0,0,1,-0.9000000000000057,3.8999999999999915,-4.859999999999999,-5.390000000000001,36.26000000000001,0,111,132,24,34,241,241,0.4730833333333333,0.5009230769230769,0.3374166666666667,0.18576923076923077,0.5708333333333333,0.2766153846153846,0
5,10,4,4,0,1,-2.5999999999999943,5.5,-8.02,-7.909999999999999,16.409999999999997,0,112,125,21,29,241,240,0.3484285714285714,0.33390909090909093,0.24492857142857144,0.265,0.48928571428571427,0.2557272727272727,0
2,15,2,6,1,1,4.8999999999999915,-3.200000000000003,7.98,7.82,-7.230000000000004,-4,114,98,23,18,240,240,0.4693333333333334,0.3887,0.22844444444444445,0.134,0.3396666666666667,0.45,1
5,4,4,2,0,1,-2.0999999999999943,3.200000000000003,-5.01,-4.6899999999999995,-21.00999999999999,2,104,131,16,21,239,241,0.3677,0.40236363636363637,0.3295,0.2260909090909091,0.55,0.548,0
1,7,-2,4,1,1,-3.700000000000003,3.299999999999997,-6.890000000000001,-6.52,10.270000000000024,-6,105,122,25,28,238,242,0.35233333333333333,0.4529166666666667,0.2354166666666667,0.32783333333333337,0.25,0.40275,0
3,3,-2,-6,1,1,6.299999999999997,-3.700000000000003,9.91,9.17,-7.670000000000002,4,123,118,24,27,239,239,0.4958888888888889,0.3885,0.2528888888888889,0.20530000000000004,0.6499999999999999,0.28099999999999997,1
2,1,-2,-2,1,0,3.8999999999999915,-10.100000000000009,14.0,13.35,-3.3599999999999994,0,130,110,36,26,240,239,0.5627692307692308,0.4166,0.2467692307692308,0.2853,0.3173076923076923,0.49169999999999997,1
2,18,0,-4,1,1,7.700000000000003,-3.5,11.01,10.83,-38.88000000000001,4,112,102,31,25,241,239,0.4384,0.4074444444444445,0.2224,0.30877777777777776,0.44000000000000006,0.6534444444444445,1
8,2,-6,-2,1,0,4.799999999999997,-4.0,8.8,9.370000000000001,-22.45000000000001,-4,94,87,17,19,240,238,0.34950000000000003,0.3194,0.26189999999999997,0.24,0.5635,0.2883,1
7,2,-4,-2,1,0,4.0,-4.799999999999997,8.71,8.41,-20.89999999999999,-2,135,127,29,28,240,240,0.443,0.34945454545454546,0.3355555555555556,0.2672727272727273,0.7407777777777778,0.33945454545454545,1
6,11,4,2,1,0,5.1000000000000085,0.7000000000000028,4.539999999999999,3.66,-6.890000000000001,2,128,107,27,17,241,239,0.3913333333333333,0.28107692307692306,0.3354166666666667,0.11792307692307694,0.39025,0.46684615384615386,1
2,2,-2,0,1,1,-5.199999999999989,-6.1000000000000085,1.0099999999999998,0.71,36.67,-2,106,112,22,29,241,240,0.42219999999999996,0.5337999999999999,0.31520000000000004,0.322,0.4542,0.7107,0
2,2,0,-2,0,1,-7.6000000000000085,1.8999999999999915,-9.68,-9.690000000000001,10.239999999999995,2,121,131,26,28,240,240,0.5269999999999999,0.5122,0.3347777777777778,0.5125,0.7,0.6333,0
3,1,2,-4,1,1,1.2000000000000028,-0.7999999999999972,1.9999999999999991,2.1499999999999995,-23.200000000000003,6,97,89,24,18,240,240,0.3461818181818182,0.41240000000000004,0.1720909090909091,0.16260000000000002,0.5227272727272727,0.4667,1
12,2,0,4,1,1,-7.099999999999994,1.8000000000000114,-8.549999999999999,-8.17,3.999999999999986,-4,85,103,21,24,240,239,0.34640000000000004,0.41388888888888886,0.23550000000000004,0.2222222222222222,0.19,0.2222222222222222,0
1,2,-2,0,0,1,0.9000000000000057,1.7000000000000028,-0.8199999999999998,-1.44,18.32,-2,111,125,18,27,240,238,0.4805454545454545,0.37584615384615383,0.13609090909090907,0.13653846153846153,0.36709090909090913,0.43761538461538463,0
3,2,4,-6,1,0,9.899999999999991,-12.400000000000006,22.299999999999997,21.29,-0.46000000000000796,10,137,101,29,19,241,239,0.5303076923076924,0.4075454545454546,0.4824615384615385,0.25945454545454544,0.22115384615384615,0.4005454545454546,1
2,4,0,-2,0,1,-1.9000000000000057,-0.20000000000000284,-1.68,-1.3199999999999998,35.59,2,128,129,31,28,265,265,0.5385454545454545,0.588111111111111,0.29227272727272724,0.23155555555555557,0.33545454545454545,0.29444444444444445,0
4,2,6,4,1,1,8.200000000000003,1.2999999999999972,6.87,6.640000000000001,-10.600000000000009,2,146,117,44,25,239,240,0.6091666666666666,0.42036363636363644,0.28075,0.43409090909090914,0.5139166666666667,0.49500000000000005,1
6,2,-4,-4,0,1,1.4000000000000057,3.4000000000000057,-1.9400000000000004,-1.8899999999999997,14.359999999999985,0,103,106,22,23,241,240,0.3621111111111111,0.40054545454545454,0.2232222222222222,0.20827272727272728,0.604,0.2242727272727273,0
10,7,2,2,1,1,-2.0,0.0,-1.8699999999999997,-1.91,37.05999999999999,0,115,128,32,37,240,241,0.38683333333333336,0.3776363636363636,0.1694166666666667,0.20072727272727275,0.5473333333333333,0.3149090909090909,0
3,13,-2,2,1,1,-0.9000000000000057,2.5,-3.46,-3.56,24.500000000000014,-4,92,132,22,30,241,240,0.37407142857142855,0.46415384615384614,0.25821428571428573,0.3102307692307692,0.38099999999999995,0.5,0
3,6,-2,2,0,1,-1.5,6.299999999999997,-7.85,-7.34,-10.479999999999976,-4,112,119,35,22,240,240,0.39849999999999997,0.4011818181818182,0.18860000000000002,0.25463636363636366,0.52,0.21045454545454545,0
2,2,4,-2,1,1,4.700000000000003,-5.700000000000003,10.56,9.959999999999999,35.11999999999999,6,132,113,28,29,241,241,0.54475,0.3663636363636363,0.2955833333333333,0.22918181818181818,0.4583333333333333,0.6006363636363636,1
6,2,4,-2,1,0,6.199999999999989,-6.1000000000000085,11.87,10.73,20.56999999999998,6,116,103,25,30,238,237,0.5022222222222221,0.4484444444444444,0.3423333333333334,0.21655555555555556,0.35188888888888886,0.40744444444444444,1
2,2,-2,-4,1,0,2.1000000000000085,-7.0,8.99,8.4,-26.61,2,102,86,22,21,241,240,0.35630769230769227,0.38980000000000004,0.2585384615384615,0.265,0.29615384615384616,0.375,1
2,4,0,0,0,1,-9.700000000000003,4.799999999999997,-14.67,-13.82,-26.37999999999998,0,130,134,29,38,266,266,0.5249090909090909,0.39859999999999995,0.4302727272727273,0.2812,0.5,0.5714,0
2,3,4,-4,1,1,-3.4000000000000057,-2.4000000000000057,-0.8799999999999999,-0.6600000000000001,-11.779999999999987,8,100,96,23,25,239,240,0.4521,0.3508,0.1629,0.1644,0.4,0.2467,1
4,2,2,2,1,1,3.9000000000000057,-1.4000000000000057,5.2299999999999995,5.0,25.019999999999996,0,149,148,28,43,264,264,0.44833333333333336,0.4562222222222222,0.181,0.27011111111111114,0.44277777777777777,0.636888888888889,1
7,5,-2,4,0,1,-11.200000000000003,2.5999999999999943,-13.829999999999998,-13.21,16.35000000000001,-6,108,131,26,34,239,241,0.44139999999999996,0.49550000000000005,0.2733,0.29924999999999996,0.35960000000000003,0.40625,0
1,1,-2,2,1,1,-0.9000000000000057,2.5,-3.46,-3.56,24.500000000000014,-4,110,128,23,30,240,239,0.3974,0.47170000000000006,0.21480000000000002,0.2186,0.5583,0.49860000000000004,0
4,5,0,-2,0,1,0.6999999999999886,-1.9000000000000057,2.52,3.0300000000000002,-2.9200000000000017,2,101,103,27,24,241,240,0.3496666666666666,0.464,0.18455555555555556,0.4032222222222222,0.3111111111111111,0.4027777777777778,0
12,2,-6,0,1,1,-6.299999999999997,3.700000000000003,-9.91,-9.17,7.670000000000002,-6,111,119,28,28,240,240,0.3889,0.39011111111111113,0.24169999999999997,0.2178888888888889,0.36669999999999997,0.5,0
2,5,6,-2,1,0,6.799999999999997,-5.400000000000006,12.309999999999999,12.59,-21.019999999999982,8,115,101,22,24,240,239,0.4095,0.4226666666666667,0.2736,0.2888888888888889,0.47669999999999996,0.5518888888888889,1
3,7,-4,-4,1,0,-0.9000000000000057,-8.5,7.51,7.52,-19.890000000000022,0,119,111,32,25,239,239,0.5083333333333333,0.48788888888888887,0.28455555555555556,0.28144444444444444,0.3412222222222222,0.3333333333333333,1
2,2,6,2,1,1,8.200000000000003,1.2999999999999972,6.87,6.640000000000001,-10.600000000000009,4,132,121,26,27,240,240,0.3234444444444445,0.4202222222222222,0.23844444444444443,0.3194444444444444,0.34477777777777774,0.6036666666666667,1
7,8,-2,6,1,1,-4.700000000000003,5.700000000000003,-10.56,-9.959999999999999,-35.11999999999999,-8,131,119,30,31,240,240,0.47219999999999995,0.5143076923076924,0.24580000000000002,0.37207692307692314,0.625,0.41923076923076924,1
2,2,-2,0,1,1,-0.20000000000000284,4.299999999999997,-4.5,-4.3,44.75000000000001,-2,111,107,20,29,240,239,0.4316,0.39690000000000003,0.2057,0.1892,0.35,0.425,1
4,1,0,4,1,0,-2.6000000000000085,-2.700000000000003,-0.1899999999999995,0.04999999999999982,-23.469999999999985,-4,128,114,29,24,240,240,0.4668571428571428,0.4232307692307692,0.25492857142857145,0.29292307692307695,0.3392857142857143,0.2,1
1,1,-2,0,1,1,0.29999999999999716,-0.9000000000000057,1.21,1.4099999999999997,2.4099999999999966,-2,98,105,24,26,240,240,0.31899999999999995,0.3529,0.2685,0.1837,0.3194166666666667,0.6889000000000001,0
1,1,-6,2,1,1,-6.299999999999997,3.700000000000003,-9.91,-9.17,7.670000000000002,-8,140,133,32,38,265,266,0.46749999999999997,0.46588888888888885,0.32110000000000005,0.37955555555555553,0.5917,0.5,1
1,1,0,-2,1,1,1.2999999999999972,3.0999999999999943,-1.76,-0.85,7.360000000000028,2,118,113,28,23,242,240,0.5474444444444445,0.4978888888888889,0.37033333333333335,0.33811111111111114,0.4444444444444444,0.3721111111111111,1
1,5,0,6,1,1,-3.700000000000003,4.0,-7.869999999999999,-7.549999999999999,-0.9699999999999989,-6,116,101,28,25,240,241,0.28425,0.32466666666666666,0.12033333333333333,0.17358333333333334,0.38133333333333336,0.24725,1
9,8,0,2,1,1,-1.2000000000000028,1.2999999999999972,-2.6199999999999997,-3.1100000000000003,16.659999999999997,-2,127,113,29,28,240,242,0.4439166666666667,0.37464285714285717,0.3441666666666667,0.2047142857142857,0.5778333333333333,0.325,1
9,10,-4,4,1,1,-8.699999999999989,7.1000000000000085,-15.34,-14.57,5.829999999999998,-8,104,124,23,33,240,240,0.41375,0.3401538461538462,0.1125,0.27292307692307693,0.3333333333333333,0.29230769230769227,0
13,14,2,0,1,1,5.199999999999989,6.1000000000000085,-1.0099999999999998,-0.71,-36.67,2,108,114,20,15,241,240,0.44930000000000003,0.44489999999999996,0.2741,0.1633,0.39669999999999994,0.5157,0
8,8,4,4,0,1,-13.200000000000003,3.5999999999999943,-16.65,-15.760000000000002,18.930000000000007,0,97,110,25,19,240,239,0.3781818181818182,0.3883571428571429,0.2918181818181818,0.21721428571428572,0.2772727272727273,0.3,0
8,15,2,-4,1,1,4.400000000000006,-1.2999999999999972,5.66,5.42,-23.88000000000001,6,113,111,28,24,265,265,0.42800000000000005,0.33054545454545453,0.245,0.40609090909090906,0.2222222222222222,0.32727272727272727,1
10,7,0,0,1,1,0.8000000000000114,3.1000000000000085,-2.18,-2.7199999999999998,9.009999999999991,0,116,110,22,28,240,240,0.41311111111111104,0.5074444444444445,0.28099999999999997,0.3078888888888889,0.6852222222222222,0.4618888888888889,1
8,1,6,-2,1,0,12.600000000000009,-0.5999999999999943,13.0,13.07,-38.610000000000014,8,129,115,29,28,241,240,0.5416666666666666,0.3686,0.27222222222222225,0.24580000000000002,0.6018888888888889,0.3214,1
19,8,-2,-4,1,1,-1.7999999999999972,-2.0999999999999943,0.2400000000000002,0.09999999999999964,-9.480000000000004,2,120,109,30,28,240,241,0.5352222222222223,0.41688888888888886,0.3211111111111111,0.254,0.642,0.6527777777777778,1
14,8,0,2,1,1,-4.200000000000003,0.0,-4.2,-4.12,-25.159999999999997,-2,102,110,27,20,239,240,0.4654,0.3469,0.2629,0.1317,0.32,0.3423,0
11,10,4,4,1,0,3.200000000000003,-2.0999999999999943,5.4399999999999995,5.220000000000001,-3.8700000000000045,0,142,105,38,25,238,241,0.5698571428571428,0.47125,0.37835714285714284,0.2554166666666667,0.2857857142857143,0.3055833333333333,1
9,1,2,0,0,1,-8.299999999999997,-3.4000000000000057,-4.97,-5.49,-8.749999999999986,2,104,105,23,22,240,239,0.48200000000000004,0.41390000000000005,0.29860000000000003,0.1809,0.4852,0.6209,0
9,9,-2,2,0,1,-9.100000000000009,5.699999999999989,-14.92,-14.260000000000002,4.740000000000009,-4,101,104,25,24,240,239,0.4929090909090909,0.4121,0.2655454545454546,0.15189999999999998,0.5832727272727273,0.4462,0
9,8,-4,-4,1,1,-3.0,1.8999999999999915,-4.85,-4.510000000000001,-12.529999999999973,0,111,120,25,20,265,265,0.3872,0.4333,0.35550000000000004,0.246,0.5166999999999999,0.4083,0
8,11,-2,2,1,1,-1.2999999999999972,-0.7000000000000028,-0.4900000000000002,-0.1800000000000006,-12.990000000000002,-4,121,115,18,22,240,240,0.4053333333333333,0.33999999999999997,0.27288888888888896,0.17355555555555557,0.5296666666666666,0.5063333333333334,1
1,9,0,2,0,1,-0.5999999999999943,4.1000000000000085,-4.66,-4.18,1.0600000000000165,-2,110,125,27,31,238,240,0.4566,0.41423076923076924,0.23746666666666666,0.18046153846153848,0.25706666666666667,0.5320769230769231,0
8,11,2,-4,1,1,4.3999999999999915,-3.9000000000000057,8.23,7.85,27.92,6,111,103,28,25,240,239,0.396,0.34880000000000005,0.2613,0.1416,0.4425,0.6136,1
8,8,-2,4,0,1,-9.099999999999994,12.900000000000006,-22.21,-21.21,-3.6999999999999886,-6,107,130,27,38,241,241,0.48929999999999996,0.4650714285714286,0.3201,0.3979285714285714,0.47620000000000007,0.34521428571428575,0
13,8,0,0,1,1,1.7000000000000028,4.5,-2.82,-2.98,9.160000000000004,0,108,132,26,40,242,241,0.46738461538461534,0.5259999999999999,0.15692307692307692,0.30123076923076925,0.4230769230769231,0.38461538461538464,0
10,2,-4,-4,0,1,-2.1000000000000085,-3.700000000000003,1.44,0.7199999999999998,13.959999999999994,0,117,121,29,29,239,240,0.4332,0.44166666666666665,0.2722,0.16666666666666666,0.4,0.7777777777777778,0
2,21,-6,2,1,1,3.4000000000000057,2.4000000000000057,0.8799999999999999,0.6600000000000001,11.779999999999987,-8,103,105,21,27,241,241,0.4431,0.5051,0.14550000000000002,0.17770000000000002,0.53,0.48339999999999994,0
2,2,6,2,1,1,4.0,1.2999999999999972,2.67,2.5200000000000005,-35.760000000000005,4,100,123,28,27,238,239,0.25353846153846155,0.3670769230769231,0.20215384615384616,0.20838461538461536,0.35,0.36538461538461536,0
1,14,-4,0,1,1,-4.099999999999994,9.600000000000009,-13.85,-13.48,10.260000000000012,-4,124,115,28,33,240,241,0.5944,0.3709,0.2077,0.32,0.2333,0.3,1
2,2,-2,-2,1,0,4.400000000000006,-1.8999999999999915,6.129999999999999,6.43,-28.010000000000005,0,141,88,37,19,240,239,0.51525,0.3811818181818181,0.27116666666666667,0.0939090909090909,0.3833333333333333,0.5197272727272727,1
11,2,4,2,1,0,2.0999999999999943,-3.200000000000003,5.01,4.6899999999999995,21.00999999999999,2,118,105,27,21,242,239,0.5288888888888889,0.37622222222222224,0.3342222222222222,0.3177777777777778,0.4444444444444444,0.3333333333333333,1
20,17,2,4,1,1,0.20000000000000284,-4.299999999999997,4.5,4.3,-44.75000000000001,-2,126,102,30,24,240,240,0.42607692307692313,0.5044615384615384,0.20315384615384616,0.43046153846153845,0.38461538461538464,0.4538461538461539,1
3,3,0,0,1,0,1.4000000000000057,4.0,-2.43,-3.16,40.12999999999998,0,129,111,31,23,240,240,0.46483333333333327,0.3740833333333334,0.2833333333333333,0.19474999999999998,0.6389166666666667,0.41208333333333336,1
3,2,0,4,1,1,-0.4000000000000057,2.6000000000000085,-3.03,-3.1399999999999997,-24.39999999999999,-4,143,148,30,39,240,240,0.5756666666666667,0.5396363636363636,0.313,0.1879090909090909,0.39444444444444443,0.5,0
2,18,0,-4,1,0,2.6000000000000085,-9.5,12.32,11.440000000000001,0.9699999999999989,4,110,90,25,22,241,240,0.40650000000000003,0.44880000000000003,0.3709285714285714,0.24619999999999997,0.33135714285714285,0.5417,1
2,1,-4,-2,1,1,-5.700000000000003,-4.5,-1.29,-1.8500000000000005,2.559999999999988,-2,127,109,30,22,240,240,0.399,0.39976923076923077,0.38316666666666666,0.19553846153846152,0.39999999999999997,0.26369230769230767,1
3,2,2,-2,1,0,2.4000000000000057,0.5,1.92,2.0100000000000002,-19.06999999999998,4,120,113,25,25,241,241,0.4312,0.40022222222222226,0.2403,0.29066666666666663,0.4133,0.36777777777777776,1
10,11,-4,-2,1,1,-4.0,2.700000000000003,-6.67,-6.14,4.009999999999991,-2,114,96,27,29,242,241,0.4123636363636363,0.34071428571428575,0.2150909090909091,0.21714285714285714,0.4939090909090909,0.4112142857142857,1
2,2,6,0,1,0,4.0,-0.7999999999999972,4.6899999999999995,4.0200000000000005,-24.269999999999996,6,129,123,25,28,240,241,0.3716,0.4737272727272728,0.19290000000000002,0.3519090909090909,0.48860000000000003,0.45454545454545453,1
10,2,0,4,1,1,-3.700000000000003,4.0,-7.869999999999999,-7.549999999999999,-0.9699999999999989,-4,123,130,23,32,241,239,0.4333,0.5915000000000001,0.3879,0.41,0.5900000000000001,0.3227,0
15,1,6,0,1,1,-0.09999999999999432,2.799999999999997,-2.7600000000000002,-3.11,2.4499999999999886,6,106,97,22,24,241,239,0.4643333333333334,0.41200000000000003,0.1651111111111111,0.21733333333333332,0.4694444444444444,0.28422222222222226,1
1,16,2,4,1,1,-3.4000000000000057,-1.7000000000000028,-1.6600000000000001,-2.29,37.41,-2,116,125,29,39,239,240,0.5113333333333334,0.4906,0.29255555555555557,0.275,0.6527777777777778,0.475,0
2,4,-6,-6,1,1,-2.1999999999999886,2.6000000000000085,-4.67,-4.46,2.9599999999999795,0,110,142,19,32,239,239,0.35224999999999995,0.47563636363636363,0.18458333333333332,0.36690909090909085,0.43250000000000005,0.697,0
3,2,-6,2,1,1,-1.7000000000000028,3.299999999999997,-5.329999999999999,-5.19,-4.3799999999999955,-8,107,99,26,25,240,240,0.5209,0.3665,0.2808,0.24589999999999995,0.85,0.525,1
1,1,0,-4,1,1,1.0999999999999943,2.799999999999997,-1.69,-1.52,-50.02999999999997,4,98,86,29,15,240,239,0.4692222222222222,0.35322222222222227,0.23099999999999998,0.19655555555555554,0.3147777777777778,0.5444444444444445,1
12,3,4,-2,1,1,3.700000000000003,-4.0,7.869999999999999,7.549999999999999,0.9699999999999989,6,128,131,27,29,264,266,0.39859999999999995,0.4095,0.28840000000000005,0.225,0.3657,0.6433,0
2,12,-2,-2,1,1,-0.5,5.700000000000003,-6.359999999999999,-5.84,-9.959999999999994,0,112,114,24,26,240,241,0.4228888888888889,0.38839999999999997,0.3968888888888889,0.1639,0.5741111111111111,0.3136,0
3,2,0,-4,1,0,9.400000000000006,-0.3999999999999915,9.59,9.68,-41.480000000000004,4,130,88,30,24,240,240,0.49699999999999994,0.323,0.3670714285714286,0.1476,0.36907142857142855,0.575,1
2,5,-2,4,1,1,-10.099999999999994,3.700000000000003,-13.399999999999999,-12.68,-8.529999999999987,-6,101,111,27,24,240,241,0.5574999999999999,0.4753,0.1486,0.1603,0.29450000000000004,0.3,0
2,5,2,6,1,1,-12.299999999999997,-2.6000000000000085,-9.659999999999998,-9.51,15.52000000000001,-4,82,122,21,25,239,240,0.2926153846153846,0.5914285714285714,0.16484615384615384,0.37007142857142855,0.2521538461538462,0.3155,0
4,4,0,4,1,1,-0.6000000000000085,-2.6000000000000085,2.03,2.8499999999999996,-15.910000000000004,-4,100,97,18,19,239,240,0.2979,0.35177777777777774,0.1488,0.1867777777777778,0.3278,0.33888888888888885,1
17,2,-2,-4,1,0,1.5,-6.299999999999997,7.85,7.34,10.479999999999976,2,151,148,36,39,265,266,0.4992000000000001,0.516,0.34440000000000004,0.3846,0.4267,0.5433,1
2,2,-2,-2,1,1,-4.0,2.700000000000003,-6.67,-6.14,4.009999999999991,0,109,103,25,29,240,240,0.48460000000000003,0.4123,0.211,0.2444,0.7634000000000001,0.4417,1
2,1,4,-4,1,0,7.700000000000003,-4.8999999999999915,12.41,12.66,-50.64000000000001,8,128,92,40,18,241,242,0.46157142857142863,0.40255555555555556,0.2582857142857143,0.24944444444444447,0.6071428571428571,0.5092222222222222,1
6,2,2,2,1,1,1.1000000000000085,-1.2999999999999972,2.42,2.19,3.039999999999992,0,107,99,24,23,239,240,0.4051,0.3117,0.22679999999999997,0.24409999999999998,0.3375,0.35,1
2,1,6,6,1,1,-5.599999999999994,2.0,-7.209999999999999,-6.549999999999999,-21.629999999999995,0,117,97,29,21,243,240,0.47200000000000003,0.3453846153846154,0.2213846153846154,0.35146153846153844,0.34615384615384615,0.3140769230769231,1
2,15,0,-2,1,1,6.0,-0.5,6.52,6.08,24.579999999999984,2,111,91,28,23,242,241,0.4056666666666667,0.3702,0.22316666666666665,0.1103,0.3125,0.33330000000000004,1
6,14,0,-6,1,0,6.599999999999994,-3.9000000000000057,10.33,9.879999999999999,-26.83999999999999,6,110,105,22,21,239,240,0.5023333333333334,0.42233333333333334,0.15188888888888888,0.216,0.3542222222222222,0.39811111111111114,1
2,2,-4,-2,0,1,-4.900000000000006,4.3999999999999915,-9.459999999999999,-9.47,0.4300000000000068,-2,121,129,25,27,239,241,0.4817,0.4168,0.2332,0.1905,0.6083000000000001,0.6974,0
6,3,2,2,0,1,-11.799999999999997,8.299999999999997,-19.98,-19.65,11.070000000000007,0,121,129,31,27,240,241,0.37260000000000004,0.4375,0.3237,0.3019,0.575,0.2994,0
16,14,-4,0,1,1,-1.0999999999999943,-2.799999999999997,1.69,1.52,50.02999999999997,-4,131,109,39,29,240,240,0.4629090909090909,0.545,0.40563636363636363,0.48622222222222217,0.3779090909090909,0.4166666666666667,1
4,2,-4,0,1,1,-1.0,5.299999999999997,-6.220000000000001,-6.67,26.950000000000003,-4,117,122,35,33,240,240,0.4696666666666667,0.5146,0.49222222222222217,0.37,0.34444444444444444,0.5,0
2,13,-2,2,0,1,-5.5,4.200000000000003,-9.82,-9.09,3.510000000000005,-4,101,118,32,28,240,240,0.48019999999999996,0.4583333333333333,0.37439999999999996,0.38333333333333336,0.2464,0.5277777777777778,0
1,1,2,-2,1,1,0.8999999999999915,-6.400000000000006,7.27,7.42,-10.410000000000018,4,118,106,22,28,239,239,0.3535384615384615,0.3526923076923077,0.16023076923076923,0.11869230769230768,0.22115384615384615,0.34615384615384615,1
2,6,0,4,0,1,-5.599999999999994,-2.1000000000000085,-3.42,-4.26,24.03000000000001,-4,115,121,23,26,239,240,0.5393,0.3714545454545455,0.33999999999999997,0.2725454545454546,0.34249999999999997,0.4512727272727273,0
4,3,2,4,1,1,-4.0,-2.5999999999999943,-1.4100000000000001,-1.85,6.290000000000006,-2,121,112,25,28,240,241,0.4584444444444444,0.5762222222222222,0.3907777777777778,0.2221111111111111,0.37033333333333335,0.3015555555555556,1
6,2,0,-4,1,1,7.5,-0.5999999999999943,7.909999999999999,8.36,-5.890000000000001,4,103,96,23,25,240,241,0.35454545454545455,0.4067,0.2720909090909091,0.1383,0.39399999999999996,0.23570000000000002,1
16,6,-4,0,1,1,5.799999999999997,-0.6000000000000085,6.43,6.04,5.470000000000013,-4,116,124,29,25,242,240,0.4349090909090909,0.45888888888888896,0.2741818181818182,0.27955555555555556,0.22727272727272727,0.39811111111111114,0
2,3,2,-2,1,1,-0.6999999999999886,3.200000000000003,-3.7800000000000002,-3.7,32.39,4,111,102,21,25,240,240,0.3941,0.3766,0.2455,0.26159999999999994,0.39509999999999995,0.5237999999999999,1
2,1,6,2,0,1,-4.900000000000006,-2.9000000000000057,-1.9900000000000002,-2.24,-0.269999999999996,4,119,134,32,28,240,241,0.4661428571428571,0.44675000000000004,0.23857142857142857,0.34,0.44642857142857145,0.3978333333333333,0
4,2,-2,2,0,1,-5.700000000000003,8.200000000000003,-14.0,-14.11,-29.00999999999999,-4,119,135,27,37,240,239,0.4508181818181818,0.5912727272727273,0.3317272727272727,0.4460909090909091,0.38636363636363635,0.2727272727272727,0
5,3,4,6,1,1,-1.1000000000000085,-1.1000000000000085,-0.4299999999999997,-0.5300000000000011,24.879999999999995,-2,116,123,20,23,240,241,0.3025555555555555,0.5591000000000002,0.3592222222222222,0.4436000000000001,0.2777777777777778,0.31589999999999996,0
2,2,0,0,1,1,-3.200000000000003,1.0999999999999943,-4.130000000000001,-4.28,4.810000000000002,0,102,121,20,31,238,241,0.3646666666666667,0.4230909090909091,0.16941666666666666,0.2489090909090909,0.49025,0.3350909090909091,0
2,16,-2,2,1,1,-3.0,-1.3999999999999915,-1.67,-1.5699999999999998,-12.050000000000011,-4,125,120,34,35,240,239,0.653,0.48729999999999996,0.5399999999999999,0.4633,0.38,0.125,1
2,2,-4,-2,1,0,3.5999999999999943,0.7999999999999972,2.73,2.5700000000000003,11.400000000000006,-2,125,115,32,30,264,263,0.46609090909090906,0.4443,0.22318181818181818,0.32809999999999995,0.553,0.5125,1
3,5,0,2,0,1,-0.7999999999999972,-1.2999999999999972,0.75,1.2000000000000002,20.39999999999999,-2,113,114,26,29,240,239,0.4739,0.513,0.12000000000000002,0.32830000000000004,0.4833,0.5042,0
1,1,-4,2,1,1,5.799999999999997,-0.6000000000000085,6.43,6.04,5.470000000000013,-6,125,108,35,28,241,241,0.5253636363636364,0.4812,0.4090909090909091,0.36619999999999997,0.4318181818181818,0.4667,1
2,1,-2,-2,1,1,-5.3999999999999915,8.900000000000006,-14.34,-13.66,-2.7299999999999898,0,117,116,35,35,241,241,0.4671818181818182,0.4358888888888889,0.23863636363636365,0.33877777777777784,0.40154545454545454,0.22844444444444445,1
1,2,2,0,1,1,0.8000000000000114,4.400000000000006,-3.4400000000000004,-3.3899999999999997,38.47999999999999,2,106,102,19,25,240,239,0.46720000000000006,0.4504444444444445,0.23689999999999997,0.201,0.33259999999999995,0.48144444444444445,1
22,6,-4,-4,0,1,0.5,-2.5,3.33,3.040000000000001,27.58,0,100,113,28,33,239,241,0.4471,0.45070000000000005,0.1857,0.2786,0.3,0.45,0
1,5,4,-2,1,0,6.5,-2.700000000000003,9.01,8.68,-15.680000000000007,6,115,94,31,19,240,241,0.3750714285714286,0.3226,0.17557142857142857,0.16219999999999998,0.5237857142857143,0.65,1
3,3,2,2,0,1,-1.4000000000000057,-5.400000000000006,4.029999999999999,4.39,-6.750000000000007,0,103,113,18,21,240,239,0.4554444444444445,0.5048,0.3028888888888889,0.2433,0.5097777777777778,0.7024,0
1,3,-2,-4,1,1,3.299999999999997,-4.200000000000003,7.609999999999999,7.24,19.95999999999998,2,128,130,31,33,240,239,0.405,0.5556666666666666,0.11972727272727272,0.42833333333333334,0.48109090909090907,0.4444444444444444,0
5,2,-6,4,1,1,-3.0999999999999943,6.5,-9.530000000000001,-9.85,39.21999999999999,-10,126,119,27,33,242,239,0.5417777777777777,0.3956363636363637,0.4978888888888889,0.16918181818181818,0.4867777777777778,0.5833636363636363,1
2,4,2,4,0,1,-1.1000000000000085,2.5999999999999943,-3.6799999999999997,-2.8600000000000003,26.430000000000007,-2,117,132,25,33,240,240,0.5579999999999999,0.5288888888888889,0.13518181818181818,0.24055555555555555,0.49090909090909096,0.6865555555555556,0
2,2,2,2,1,0,0.6999999999999886,-4.900000000000006,5.219999999999999,4.309999999999999,21.36,0,110,103,26,27,240,241,0.4925555555555555,0.5081111111111112,0.29977777777777775,0.4206666666666667,0.4182222222222223,0.4444444444444444,1
7,2,6,2,1,0,10.0,-2.5,12.52,11.48,-14.120000000000005,4,133,129,27,25,266,265,0.4159,0.43660000000000004,0.33009999999999995,0.2616,0.4367,0.6,1
4,6,2,-2,1,1,2.4000000000000057,-1.2999999999999972,3.79,3.51,13.179999999999978,4,127,112,34,24,240,240,0.43138461538461537,0.48260000000000003,0.3356923076923077,0.1844,0.3727692307692308,0.4227,1
2,2,0,2,0,1,-5.0,-1.3999999999999915,-3.5399999999999996,-3.48,25.009999999999977,-2,112,116,29,27,265,263,0.5698888888888889,0.5441111111111111,0.22944444444444445,0.2662222222222222,0.25,0.2618888888888889,0
3,2,0,-4,1,1,-1.0999999999999943,-5.200000000000003,4.17,3.7,-0.8299999999999983,4,102,104,17,22,239,239,0.47627272727272724,0.4226,0.28018181818181814,0.1586,0.5916363636363636,0.5567,0
9,2,-2,2,0,1,-5.8999999999999915,9.700000000000003,-15.629999999999999,-15.149999999999999,-3.549999999999983,-4,132,146,36,34,238,240,0.5455,0.3936666666666666,0.3614285714285714,0.24791666666666667,0.3622142857142857,0.32408333333333333,0
2,2,-2,2,0,1,0.7999999999999972,0.5,0.08999999999999986,0.08000000000000007,-4.159999999999997,-4,121,128,35,35,240,240,0.4872000000000001,0.5073333333333333,0.3764,0.27011111111111114,0.33330000000000004,0.3074444444444444,0
2,2,-2,-2,0,1,-0.3999999999999915,7.799999999999997,-8.0,-7.7,6.90000000000002,0,98,116,24,28,243,242,0.2794285714285714,0.2935,0.20085714285714287,0.21921428571428572,0.3163571428571429,0.21428571428571427,0
2,2,4,-2,1,1,0.8000000000000114,4.400000000000006,-3.4400000000000004,-3.3899999999999997,38.47999999999999,6,108,102,21,24,239,239,0.5626666666666666,0.32790909090909093,0.34544444444444444,0.1710909090909091,0.3704444444444444,0.3909090909090909,1
2,2,-6,4,0,1,-7.700000000000003,4.8999999999999915,-12.41,-12.66,50.64000000000001,-10,101,119,20,33,240,239,0.28658333333333336,0.40576923076923077,0.15733333333333333,0.21815384615384617,0.3020833333333333,0.4230769230769231,0
2,1,-4,2,1,1,0.20000000000000284,3.5,-3.2500000000000004,-3.62,16.58999999999999,-6,102,119,27,26,239,239,0.409,0.4340769230769231,0.2793,0.1362307692307692,0.36669999999999997,0.34615384615384615,0
1,2,0,-2,1,1,6.700000000000003,-6.199999999999989,13.0,12.25,14.32999999999997,2,106,90,31,22,239,238,0.45744444444444443,0.4386666666666667,0.31677777777777777,0.16666666666666666,0.4925555555555555,0.7083333333333334,1
2,5,-2,-4,1,1,3.1000000000000085,-2.700000000000003,5.9799999999999995,6.2,45.41999999999999,2,130,132,36,35,241,240,0.44927272727272727,0.5724,0.34945454545454546,0.26890000000000003,0.4772727272727273,0.3,0
7,9,4,0,1,1,5.0,-3.299999999999997,8.36,7.7299999999999995,13.96,4,137,128,31,20,240,240,0.4324,0.5149090909090909,0.3585,0.3450909090909091,0.5417,0.38636363636363635,1
2,2,0,2,0,1,-1.9000000000000057,-0.20000000000000284,-1.68,-1.3199999999999998,35.59,-2,98,122,28,34,241,239,0.522909090909091,0.525,0.17263636363636364,0.3389166666666667,0.4923636363636364,0.4166666666666667,0
1,8,-2,4,1,1,-3.799999999999997,7.300000000000011,-11.24,-10.24,0.9100000000000108,-6,106,134,19,32,240,241,0.3999166666666667,0.6883636363636364,0.15475,0.25663636363636366,0.6048333333333333,0.40154545454545454,0
2,1,2,0,1,1,1.2000000000000028,3.5,-2.28,-3.29,47.029999999999994,2,115,102,34,22,240,242,0.4680833333333334,0.30041666666666667,0.28125,0.20066666666666666,0.3333333333333333,0.3125,1
2,2,-2,-2,1,1,-1.0999999999999943,-5.200000000000003,4.17,3.7,-0.8299999999999983,0,113,114,28,28,240,240,0.3562,0.44220000000000004,0.30280000000000007,0.27,0.39,0.4833,0
4,3,-2,4,1,1,-1.3000000000000114,2.299999999999997,-3.61,-3.5300000000000002,-30.959999999999994,-6,121,127,33,27,240,241,0.4752222222222222,0.5246666666666667,0.32422222222222224,0.3295555555555556,0.2777777777777778,0.5926666666666667,0
6,1,2,4,0,1,3.5,2.5999999999999943,0.7999999999999998,0.029999999999999805,12.380000000000003,-2,102,114,26,30,240,241,0.4285555555555556,0.5188,0.18,0.2939,0.38411111111111107,0.3778,0
4,4,-2,6,0,1,-7.6000000000000085,3.3999999999999915,-11.1,-10.64,27.750000000000014,-8,117,139,32,27,239,239,0.3160833333333333,0.4268461538461539,0.17441666666666666,0.2186153846153846,0.33749999999999997,0.3278461538461539,0
9,6,-2,-4,1,0,4.699999999999989,-6.700000000000003,11.23,11.440000000000001,-23.819999999999993,2,126,112,29,22,239,240,0.4677857142857143,0.3932727272727272,0.21457142857142855,0.25418181818181823,0.3469285714285714,0.5416363636363637,1
2,3,-4,-4,1,0,5.900000000000006,1.4000000000000057,4.3500000000000005,4.5,-14.61999999999999,0,127,113,37,29,240,240,0.3975,0.4225833333333333,0.26608333333333334,0.27566666666666667,0.2916666666666667,0.5625,1
2,2,-2,-4,1,0,1.1000000000000085,9.0,-7.66,-7.39,12.990000000000009,2,119,117,31,29,241,241,0.5015000000000001,0.5113333333333334,0.31850000000000006,0.2098888888888889,0.35,0.49822222222222223,1
2,2,6,2,1,0,5.5,-5.200000000000003,10.65,10.04,30.959999999999994,4,136,115,32,29,241,239,0.5133636363636364,0.41300000000000003,0.23463636363636364,0.17581818181818185,0.36772727272727274,0.4415454545454546,1
3,2,2,4,1,0,8.899999999999991,-3.6000000000000085,12.09,10.95,10.759999999999991,-2,128,118,24,19,240,240,0.48225,0.37910000000000005,0.320625,0.2645,0.458375,0.31,1
2,3,-6,0,0,1,-9.299999999999997,5.099999999999994,-14.11,-14.25,35.24000000000001,-6,110,125,26,27,240,242,0.4579,0.5011111111111111,0.12769999999999998,0.5463333333333333,0.5166999999999999,0.3888888888888889,0
3,9,6,0,1,1,8.200000000000003,-0.7000000000000028,8.979999999999999,8.700000000000001,-28.87999999999998,6,112,107,26,29,240,239,0.46869999999999995,0.4237777777777778,0.2526,0.3897777777777778,0.4143,0.5833333333333334,1
7,23,-2,-2,1,1,-4.400000000000006,-1.3000000000000114,-3.0999999999999996,-3.630000000000001,10.39,0,125,122,32,21,239,240,0.42466666666666664,0.4591111111111111,0.35177777777777774,0.267,0.7722222222222223,0.43222222222222223,1
2,3,-2,4,0,1,-2.5999999999999943,5.5,-8.02,-7.909999999999999,16.409999999999997,-6,103,120,21,27,243,240,0.3792307692307692,0.4637272727272727,0.19476923076923078,0.3175454545454545,0.5038461538461538,0.2727272727272727,0
11,2,0,2,1,0,3.200000000000003,-0.20000000000000284,3.41,3.39,2.8699999999999903,-2,116,110,28,22,239,241,0.43825000000000003,0.36144444444444446,0.276625,0.20511111111111113,0.6375,0.3611111111111111,1
6,8,4,-2,1,0,1.1000000000000085,-2.5999999999999943,3.6799999999999997,2.8600000000000003,-26.430000000000007,6,137,107,29,30,241,240,0.5221538461538462,0.512625,0.243,0.352125,0.32053846153846155,0.21875,1
21,2,-4,4,1,1,0.09999999999999432,-2.799999999999997,2.7600000000000002,3.11,-2.4499999999999886,-8,123,115,18,27,239,240,0.5994444444444444,0.524888888888889,0.4402222222222222,0.138,0.3111111111111111,0.45366666666666666,1
2,6,-2,2,1,1,-1.9000000000000057,1.4000000000000057,-3.36,-3.09,-62.079999999999984,-4,124,118,32,27,241,240,0.5301111111111111,0.43933333333333335,0.3277777777777778,0.32522222222222225,0.2618888888888889,0.4321111111111111,1
1,2,2,-4,1,1,8.699999999999989,-7.1000000000000085,15.34,14.57,-5.829999999999998,6,123,105,32,29,240,241,0.47700000000000004,0.427,0.3264166666666667,0.34545454545454546,0.4583333333333333,0.3051818181818182,1
6,2,-4,4,1,1,-6.5,4.099999999999994,-10.41,-10.51,27.440000000000005,-8,119,121,30,31,240,242,0.4787,0.44927272727272727,0.4162,0.2216363636363636,0.2666,0.5227272727272727,0
9,2,2,-2,0,1,-4.8999999999999915,9.100000000000009,-13.94,-13.559999999999999,14.420000000000009,4,97,109,17,33,240,239,0.34122222222222226,0.5760000000000001,0.2638888888888889,0.1428888888888889,0.5277777777777778,0.4166666666666667,0
2,4,6,0,1,0,-2.5999999999999943,0.4000000000000057,-2.88,-2.1399999999999997,35.41,6,113,109,25,20,265,264,0.46733333333333327,0.3981111111111111,0.23944444444444446,0.18600000000000003,0.4397777777777778,0.4305555555555556,1
2,3,-6,6,0,1,-14.400000000000006,4.3999999999999915,-18.65,-17.91,42.13000000000001,-12,117,118,29,16,241,240,0.5738181818181818,0.4245,0.32272727272727275,0.2533,0.26572727272727276,0.6357,0
10,2,0,-4,1,0,-0.7000000000000028,-5.6000000000000085,5.05,4.109999999999999,12.189999999999998,4,118,109,27,21,240,239,0.3525,0.44399999999999995,0.23390000000000005,0.14579999999999999,0.5083,0.42700000000000005,1
4,12,-4,-4,0,1,-2.9000000000000057,3.0,-6.05,-5.53,11.970000000000013,0,111,122,24,28,240,240,0.3854444444444445,0.48660000000000003,0.29444444444444445,0.3033,0.4182222222222223,0.3633,0
4,2,0,2,1,1,-3.0999999999999943,1.4000000000000057,-4.4399999999999995,-5.04,21.98999999999998,-2,104,106,29,28,238,241,0.46630000000000005,0.5887777777777777,0.3771,0.36888888888888893,0.23570000000000002,0.20366666666666666,0
4,2,4,2,1,0,8.599999999999994,-7.200000000000003,15.85,15.37,-6.260000000000005,2,107,89,25,15,241,239,0.39066666666666666,0.24615384615384617,0.33944444444444444,0.10923076923076923,0.5,0.4076923076923077,1
2,10,0,-2,1,1,3.700000000000003,-3.299999999999997,6.890000000000001,6.52,-10.270000000000024,2,149,141,45,36,266,266,0.5803750000000001,0.5972000000000001,0.497375,0.41289999999999993,0.6875,0.37570000000000003,1
11,6,2,-2,1,1,2.299999999999997,-1.0,3.2399999999999998,3.0300000000000002,-3.660000000000011,4,127,109,31,27,241,240,0.39215384615384613,0.41969230769230764,0.28569230769230775,0.242,0.3525384615384616,0.3692307692307692,1
2,1,-2,0,1,0,-3.4000000000000057,-4.0,0.5600000000000005,1.25,-3.069999999999993,-2,105,95,23,25,239,241,0.4078888888888889,0.39175000000000004,0.27388888888888885,0.1855,0.2515555555555556,0.75,1
1,4,-6,-6,1,1,-1.2000000000000028,0.7999999999999972,-1.9999999999999991,-2.1499999999999995,23.200000000000003,0,105,102,25,20,239,239,0.3849,0.4178,0.35819999999999996,0.2183,0.36669999999999997,0.5166999999999999,1
7,4,0,0,1,0,4.8999999999999915,-9.100000000000009,13.94,13.559999999999999,-14.420000000000009,0,146,117,32,29,241,240,0.5751538461538461,0.4866,0.24607692307692305,0.209,0.489,0.5,1
2,2,0,0,1,1,-1.9000000000000057,1.4000000000000057,-3.36,-3.09,-62.079999999999984,0,120,118,23,29,239,240,0.3921,0.3805,0.18209999999999998,0.24,0.5917,0.5407,1
1,5,0,0,1,1,3.700000000000003,-4.299999999999997,8.149999999999999,7.74,1.7999999999999972,0,117,118,24,29,240,240,0.43599999999999994,0.3802,0.264,0.2133,0.6092222222222222,0.4083,0
1,2,0,0,0,1,-0.5999999999999943,-2.6999999999999886,2.12,1.9400000000000002,1.129999999999967,0,109,114,25,27,240,240,0.41555555555555557,0.4241,0.2102222222222222,0.2895,0.537,0.5333,0
3,16,4,-4,1,1,6.5,3.8000000000000114,2.6,2.8200000000000003,-5.710000000000008,8,109,111,17,19,240,239,0.566875,0.5235454545454545,0.3805,0.2337272727272727,0.282625,0.5636363636363636,0
2,14,2,6,1,1,4.699999999999989,-3.6000000000000085,7.89,6.829999999999999,-14.400000000000006,-4,111,101,24,18,240,240,0.45425000000000004,0.38,0.24887499999999999,0.2618888888888889,0.385375,0.20833333333333334,1
11,3,4,2,1,0,0.0,-1.3999999999999915,1.4,1.83,-11.759999999999998,2,115,110,26,17,238,241,0.359,0.4173,0.20609090909090913,0.11200000000000002,0.5173636363636364,0.5608000000000001,1
2,7,6,2,1,1,0.3999999999999915,-8.5,8.979999999999999,8.729999999999999,4.340000000000003,4,127,103,25,22,240,239,0.4126666666666667,0.23076923076923078,0.27208333333333334,0.21730769230769229,0.4090833333333333,0.23715384615384616,1
2,2,-4,-2,1,1,-1.4000000000000057,-3.299999999999997,1.8,1.8099999999999998,22.44999999999999,-2,116,125,29,33,240,241,0.5351111111111112,0.5317272727272727,0.3428888888888889,0.2666363636363636,0.42588888888888893,0.5227272727272727,0
1,2,2,6,0,1,-5.799999999999997,1.2000000000000028,-7.059999999999999,-6.69,9.810000000000002,-4,100,112,17,25,241,239,0.3606153846153846,0.43707142857142856,0.15715384615384617,0.3219285714285714,0.2563846153846154,0.3112142857142857,0
3,2,-2,-2,0,1,-7.299999999999997,6.900000000000006,-14.28,-13.379999999999999,-15.949999999999989,0,104,107,24,24,240,241,0.4004,0.30163636363636365,0.3122,0.18254545454545454,0.5612,0.2850909090909091,0
6,2,-4,-4,1,0,0.7000000000000028,-2.200000000000003,3.1099999999999994,2.2199999999999998,26.549999999999983,0,126,122,27,25,241,241,0.45072727272727264,0.3935555555555556,0.26990909090909093,0.3418888888888889,0.5,0.6682222222222222,1
5,2,2,-2,1,1,2.1999999999999886,-5.700000000000003,7.76,7.6000000000000005,2.579999999999984,4,141,124,38,26,240,242,0.5088461538461538,0.5703333333333332,0.4359230769230769,0.26391666666666663,0.5,0.47225,1
15,1,0,0,0,1,-3.299999999999997,1.6000000000000085,-4.88,-4.4,10.870000000000005,0,112,119,17,22,241,240,0.3433333333333333,0.5105999999999999,0.29388888888888887,0.24580000000000002,0.6655555555555556,0.5889,0
2,4,0,4,1,0,-1.6000000000000085,-5.900000000000006,4.18,4.26,0.15000000000000568,-4,111,110,23,27,265,264,0.6056666666666666,0.4142222222222222,0.34255555555555556,0.291,0.34255555555555556,0.3333333333333333,1
2,4,0,-2,1,0,2.6999999999999886,-2.5,5.1000000000000005,4.88,-51.859999999999985,2,132,123,34,29,240,239,0.5274444444444444,0.5142222222222222,0.37222222222222223,0.2897777777777778,0.4592222222222222,0.6758888888888889,1
2,1,2,-4,1,0,9.399999999999991,-9.300000000000011,18.45,16.79,20.719999999999985,6,114,108,28,29,239,239,0.43,0.4323,0.21077777777777776,0.27290000000000003,0.37877777777777777,0.41,1
4,2,-6,4,1,1,-7.400000000000006,1.0999999999999943,-8.33,-8.4,-20.349999999999994,-10,111,108,22,31,240,240,0.4082,0.4128888888888889,0.445,0.37033333333333335,0.4857,0.2954444444444444,1
2,11,-2,-4,1,1,6.200000000000003,-3.6999999999999886,9.67,9.209999999999999,-13.250000000000028,2,102,105,24,26,240,239,0.3961,0.37554545454545457,0.2995,0.1582727272727273,0.42140000000000005,0.5324545454545455,0
2,2,0,2,1,1,3.700000000000003,-4.299999999999997,8.149999999999999,7.74,1.7999999999999972,-2,119,104,26,25,241,240,0.3761,0.42816666666666675,0.2125,0.2851666666666666,0.4386,0.4555833333333334,1
6,2,0,0,1,1,-2.4000000000000057,1.2999999999999972,-3.79,-3.51,-13.179999999999978,0,121,103,30,30,241,241,0.43716666666666665,0.3814666666666667,0.35000000000000003,0.1608,0.2333333333333333,0.4166666666666667,1
2,2,0,-4,1,0,5.8999999999999915,1.2000000000000028,4.63,5.67,-21.62000000000001,4,97,84,20,15,238,240,0.2876666666666667,0.2637692307692308,0.2638333333333333,0.1986923076923077,0.19141666666666665,0.5192307692307693,1
5,1,-2,0,1,0,1.5,-6.299999999999997,7.85,7.34,10.479999999999976,-2,120,118,26,31,239,239,0.4107,0.44622222222222224,0.2854,0.3651111111111111,0.4607,0.324,1
1,1,6,0,1,1,0.3999999999999915,-8.5,8.979999999999999,8.729999999999999,4.340000000000003,6,127,140,29,32,240,240,0.3526666666666667,0.5505,0.27775,0.512,0.34725,0.4125,0
6,5,-2,-4,1,1,-0.3999999999999915,1.2000000000000028,-1.5599999999999998,-1.7100000000000002,-31.929999999999993,2,129,133,29,25,240,240,0.5298,0.611875,0.36950000000000005,0.219625,0.5133,0.729125,0
2,3,4,-2,1,0,3.299999999999997,-3.0,6.279999999999999,6.23,-22.630000000000003,6,130,120,35,31,239,241,0.49811111111111117,0.43766666666666665,0.36544444444444446,0.38122222222222224,0.375,0.46299999999999997,1
3,3,2,0,0,1,-1.7999999999999972,1.9000000000000057,-3.6199999999999997,-3.01,-3.219999999999999,2,104,133,18,34,240,241,0.3802857142857143,0.5380769230769231,0.22914285714285715,0.4343076923076923,0.42857142857142855,0.3271538461538462,0
6,3,6,-4,1,0,13.200000000000003,-3.5999999999999943,16.65,15.760000000000002,-18.930000000000007,10,109,104,23,31,239,240,0.40022222222222226,0.4431,0.2864444444444445,0.23200000000000004,0.5353333333333333,0.41669999999999996,1
10,1,0,0,1,1,8.200000000000003,-6.0,14.34,13.870000000000001,-11.300000000000011,0,123,103,29,20,239,239,0.42546153846153845,0.305,0.27915384615384614,0.22916666666666666,0.3436153846153846,0.5139166666666667,1
7,7,-2,2,1,1,0.5999999999999943,0.8999999999999915,-0.25,-0.44000000000000017,31.11999999999999,-4,115,114,30,32,240,241,0.4687,0.5397777777777778,0.257,0.29844444444444446,0.5501,0.3851111111111111,1
2,7,-4,0,1,1,-4.699999999999989,9.600000000000009,-14.09,-13.43,7.519999999999996,-4,127,120,34,34,240,239,0.5392222222222222,0.438,0.43166666666666664,0.26266666666666666,0.6222222222222222,0.3888888888888889,1
2,4,-4,-2,1,1,-4.699999999999989,-6.0,1.44,1.1300000000000001,-12.230000000000004,-2,123,125,26,25,242,240,0.4789090909090909,0.4694,0.24854545454545454,0.28959999999999997,0.5544545454545454,0.5958,0
2,2,2,-2,1,0,7.299999999999997,-0.8999999999999915,7.9799999999999995,7.6899999999999995,-63.28,4,123,110,26,29,240,241,0.47919999999999996,0.457,0.3483,0.23563636363636364,0.55,0.24245454545454545,1
2,7,4,4,0,1,0.29999999999999716,3.5999999999999943,-3.76,-4.42,17.019999999999996,0,112,118,25,19,240,240,0.41488888888888886,0.5412222222222222,0.21366666666666667,0.3215555555555556,0.26855555555555555,0.4977777777777777,0
2,2,2,-2,1,0,-1.4000000000000057,-3.4000000000000057,1.9400000000000004,1.8899999999999997,-14.359999999999985,4,118,105,33,19,240,240,0.439875,0.41277777777777774,0.37637499999999996,0.13622222222222222,0.53125,0.39811111111111114,1
2,1,-4,0,0,1,-1.5999999999999943,2.6000000000000085,-4.1,-4.7299999999999995,28.07999999999997,-4,104,119,27,24,239,240,0.4686,0.5865454545454546,0.3861,0.27536363636363637,0.39,0.2371818181818182,0
2,2,0,0,1,0,-0.9000000000000057,-8.5,7.51,7.52,-19.890000000000022,0,111,104,25,22,242,239,0.3058461538461539,0.5052500000000001,0.2333076923076923,0.3110833333333333,0.31346153846153846,0.3833333333333333,1
2,2,0,-6,1,0,6.5,-7.400000000000006,14.19,13.3,20.109999999999985,6,122,115,30,24,239,239,0.3980909090909091,0.4426,0.31963636363636366,0.27490000000000003,0.40700000000000003,0.4864,1
2,2,-2,-4,1,1,-0.3999999999999915,1.2000000000000028,-1.5599999999999998,-1.7100000000000002,-31.929999999999993,2,126,116,32,30,239,238,0.5421,0.5745555555555555,0.2769,0.39633333333333337,0.55,0.537,1
5,5,2,4,0,1,3.3000000000000114,4.5,-1.1099999999999999,-1.1800000000000002,-3.3700000000000045,-2,95,115,20,31,239,241,0.2999230769230769,0.3388461538461539,0.11792307692307692,0.3269230769230769,0.31153846153846154,0.24746153846153846,0
3,2,-4,0,0,1,-6.799999999999997,0.4000000000000057,-7.08,-6.26,10.25,-4,113,114,20,27,264,266,0.3766666666666667,0.4783333333333333,0.31755555555555554,0.23744444444444446,0.30400000000000005,0.3611111111111111,0
2,2,2,0,1,1,8.200000000000003,-6.0,14.34,13.870000000000001,-11.300000000000011,2,125,129,23,30,239,240,0.5267,0.502,0.33330000000000004,0.39444444444444443,0.8286,0.7777777777777778,0
4,3,0,2,1,0,0.0,-1.2999999999999972,1.26,0.6700000000000002,-29.47,-2,126,106,30,18,239,241,0.37999999999999995,0.3312727272727273,0.2429230769230769,0.20990909090909093,0.26269230769230767,0.2120909090909091,1
3,2,2,-4,1,1,5.599999999999994,-0.20000000000000284,5.550000000000001,5.12,8.820000000000007,6,116,110,24,32,240,239,0.3724,0.43459999999999993,0.2425,0.1958,0.6833,0.2666,1
3,4,4,0,1,1,-1.7000000000000028,-4.5,2.82,2.98,-9.160000000000004,4,130,104,35,25,240,237,0.5318333333333333,0.3945384615384615,0.3680833333333333,0.2916923076923077,0.4791666666666667,0.4390769230769231,1
2,16,-4,4,1,1,-7.099999999999994,1.8000000000000114,-8.549999999999999,-8.17,3.999999999999986,-8,91,103,18,18,240,241,0.4342222222222223,0.374,0.2611111111111111,0.2664444444444445,0.4073333333333333,0.3888888888888889,0
5,4,-4,0,1,1,-4.599999999999994,3.9000000000000057,-8.46,-7.97,-10.219999999999999,-4,100,112,13,31,241,241,0.4295,0.38069230769230766,0.24575,0.1630769230769231,0.607125,0.42953846153846154,0
2,2,4,2,0,1,-0.5,5.400000000000006,-5.79,-6.25,-21.950000000000003,2,98,121,25,27,238,238,0.4269,0.4197692307692308,0.2866,0.23207692307692307,0.475,0.29230769230769227,0
2,2,2,-4,1,1,0.5,-5.200000000000003,5.71,5.71,-42.34000000000001,6,133,96,27,14,240,241,0.44258333333333333,0.36477777777777776,0.3000833333333333,0.3407777777777778,0.26391666666666663,0.6111111111111112,1
2,5,2,6,0,1,-4.0,0.7999999999999972,-4.6899999999999995,-4.0200000000000005,24.269999999999996,-4,124,133,25,32,239,241,0.5014666666666667,0.4240769230769231,0.22146666666666667,0.2825384615384615,0.3,0.5673076923076923,0
5,1,6,-2,1,0,7.199999999999989,1.9000000000000057,5.12,5.8500000000000005,-8.63000000000001,8,118,111,26,18,239,239,0.5856666666666667,0.4151818181818182,0.3378888888888889,0.3366363636363637,0.3888888888888889,0.2561818181818182,1
2,2,-2,-2,0,1,7.1000000000000085,0.6000000000000085,6.35,6.6499999999999995,-37.81999999999999,0,134,145,27,42,240,241,0.5502307692307692,0.4991818181818182,0.4784615384615385,0.3522727272727273,0.4486923076923077,0.5194545454545455,0
2,1,0,0,1,1,4.0,1.2999999999999972,2.67,2.5200000000000005,-35.760000000000005,0,131,126,30,32,239,241,0.43955555555555553,0.41609999999999997,0.2747777777777778,0.2902,0.5673333333333334,0.4,1
11,10,-6,4,0,1,0.7000000000000028,5.6000000000000085,-5.05,-4.109999999999999,-12.189999999999998,-10,118,126,23,28,240,239,0.4508,0.5013333333333334,0.32670000000000005,0.4241111111111111,0.5578000000000001,0.5926666666666667,0
10,1,-2,-2,1,1,-0.5,3.0999999999999943,-3.48,-3.13,13.140000000000015,0,122,106,33,25,239,238,0.44927272727272727,0.4291666666666667,0.419090909090909,0.12633333333333333,0.553,0.4583333333333333,1
5,1,-4,4,0,1,-12.099999999999994,4.700000000000003,-16.22,-15.23,-5.949999999999989,-8,113,115,34,29,242,240,0.4425555555555556,0.5774444444444444,0.3641111111111111,0.27155555555555555,0.29633333333333334,0.4166666666666667,0
2,3,0,4,0,1,-5.299999999999997,5.599999999999994,-10.969999999999999,-10.969999999999999,-4.609999999999999,-4,107,113,29,17,241,240,0.5402,0.3174,0.4025,0.16899999999999998,0.35,0.275,0
1,7,4,2,1,0,1.2000000000000028,-4.799999999999997,6.07,6.8,-33.850000000000016,2,117,114,24,24,239,240,0.4671111111111111,0.4931,0.21577777777777776,0.446,0.4444444444444444,0.4,1
1,10,2,-6,1,0,4.200000000000003,0.09999999999999432,4.289999999999999,4.68,-4.609999999999985,8,125,91,31,24,239,241,0.4338333333333333,0.356,0.25,0.22829999999999995,0.4583333333333333,0.5166000000000001,1
2,1,0,0,1,1,-0.5999999999999943,-0.8999999999999915,0.25,0.44000000000000017,-31.11999999999999,0,126,119,28,29,240,242,0.47844444444444445,0.3783,0.34255555555555556,0.3509,0.5555555555555556,0.27999999999999997,1
1,7,-2,-4,1,1,4.0,-2.700000000000003,6.67,6.14,-4.009999999999991,2,119,115,26,34,241,240,0.40859999999999996,0.5566,0.3694,0.2447,0.5482,0.5,1
2,3,6,0,1,0,-3.5,-2.5999999999999943,-0.7999999999999998,-0.029999999999999805,-12.380000000000003,6,97,94,25,20,240,240,0.46240000000000003,0.2958888888888889,0.2484,0.23333333333333334,0.3556,0.30866666666666664,1
1,2,2,0,0,1,13.100000000000009,-3.0999999999999943,16.33,16.11,-11.030000000000015,2,123,126,40,34,241,240,0.41566666666666674,0.5103333333333333,0.2777777777777778,0.3363333333333334,0.37966666666666665,0.5833333333333334,0
7,4,-4,-4,0,1,2.8999999999999915,-2.200000000000003,5.03,5.55,5.530000000000015,0,125,130,26,21,241,239,0.604875,0.5524,0.23825000000000002,0.3508,0.47225000000000006,0.5334,0
10,4,-2,0,1,1,-0.29999999999999716,-4.599999999999994,4.22,4.0,25.48999999999998,-2,107,96,22,25,240,240,0.34822222222222227,0.38409090909090904,0.2255555555555556,0.11690909090909091,0.3508888888888889,0.38181818181818183,1
1,13,-4,2,1,1,-6.099999999999994,0.09999999999999432,-5.98,-5.54,40.08,-6,122,114,33,27,240,241,0.5441111111111111,0.408,0.43033333333333335,0.27466666666666667,0.5277777777777778,0.4424444444444445,1
5,2,6,-2,1,1,12.299999999999997,2.6000000000000085,9.659999999999998,9.51,-15.52000000000001,8,103,108,21,21,240,239,0.40359999999999996,0.43133333333333335,0.22070000000000004,0.24791666666666667,0.3917,0.4779166666666666,0
4,2,-4,4,1,0,1.2000000000000028,-0.09999999999999432,1.31,1.7300000000000004,-2.230000000000004,-8,105,102,21,29,240,240,0.3209,0.40155555555555555,0.2325,0.3074444444444444,0.4056,0.4876666666666667,1
2,4,6,-6,1,1,5.3999999999999915,-8.900000000000006,14.34,13.66,2.7299999999999898,12,128,102,30,23,239,240,0.49453846153846154,0.42977777777777776,0.2806923076923077,0.2997777777777778,0.3782307692307692,0.5666666666666667,1
1,1,0,4,0,1,-4.3999999999999915,5.900000000000006,-10.389999999999999,-10.579999999999998,1.9500000000000028,-4,105,121,21,30,242,240,0.3216428571428572,0.44727272727272727,0.21307142857142858,0.2550909090909091,0.4345,0.4229090909090909,0
1,2,2,-6,1,0,8.299999999999997,-8.799999999999997,17.1,16.98,-13.75,8,110,93,29,24,237,242,0.30115384615384616,0.26566666666666666,0.2256153846153846,0.12875,0.34615384615384615,0.4305833333333333,1
13,2,-2,-6,1,0,5.0,1.3999999999999915,3.5399999999999996,3.48,-25.009999999999977,4,116,95,30,23,240,240,0.5425833333333333,0.43479999999999996,0.3195,0.15560000000000002,0.16666666666666666,0.45,1
2,1,6,-2,1,0,3.3999999999999915,-7.400000000000006,10.74,11.26,-36.809999999999995,8,144,137,35,21,265,265,0.5404444444444443,0.49888888888888894,0.4573333333333333,0.42133333333333334,0.5666666666666667,0.335,1
1,2,6,-2,0,1,0.09999999999999432,-2.799999999999997,2.77,3.4700000000000006,-34.03999999999999,8,130,130,25,28,266,264,0.47333333333333333,0.5029999999999999,0.29355555555555557,0.4052222222222222,0.3111111111111111,0.5138888888888888,0
4,8,-4,-2,0,1,-4.599999999999994,6.800000000000011,-11.33,-10.32,5.070000000000007,-2,81,127,18,33,240,240,0.31975,0.5431538461538461,0.08166666666666667,0.26792307692307693,0.3055833333333334,0.3312307692307692,0
2,7,-2,2,0,1,5.0,7.6000000000000085,-2.6399999999999997,-1.7500000000000002,-11.209999999999994,-4,105,116,24,28,240,239,0.3826363636363636,0.521,0.22718181818181818,0.3025454545454545,0.5181818181818182,0.36363636363636365,0
3,2,-6,2,1,1,-2.8999999999999915,4.800000000000011,-7.779999999999999,-6.68,-23.590000000000003,-8,97,111,20,29,240,240,0.38469999999999993,0.4138,0.19579999999999997,0.2518,0.6599999999999999,0.4857,0
2,7,6,0,1,1,-4.900000000000006,-4.299999999999997,-0.5900000000000003,-0.41000000000000014,-12.029999999999994,6,105,114,24,32,239,240,0.5144,0.5291111111111112,0.1453,0.4098888888888889,0.2225,0.37033333333333335,0
3,1,-2,2,1,1,5.700000000000003,4.5,1.29,1.8500000000000005,-2.559999999999988,-4,129,89,34,20,240,241,0.4990666666666666,0.35866666666666663,0.3222,0.19655555555555554,0.3333333333333333,0.5602222222222222,1
7,8,-4,4,1,1,-1.0,3.200000000000003,-4.369999999999999,-4.21,-23.61999999999999,-8,131,122,35,24,240,239,0.5142,0.40709090909090906,0.3,0.2461818181818182,0.5347000000000001,0.6363636363636364,1
10,2,0,2,0,1,-7.299999999999997,0.8999999999999915,-7.9799999999999995,-7.6899999999999995,63.28,-2,102,134,25,27,240,240,0.4288,0.5104,0.2933,0.4563,0.5517,0.4833,0
6,5,4,-2,1,0,12.099999999999994,-4.700000000000003,16.22,15.23,5.949999999999989,6,104,96,24,21,240,240,0.41479999999999995,0.38381818181818184,0.22949999999999998,0.25181818181818183,0.675,0.42427272727272725,1
1,2,-4,2,1,0,4.900000000000006,-4.3999999999999915,9.459999999999999,9.47,-0.4300000000000068,-6,112,97,25,27,239,241,0.32127272727272727,0.4192727272727273,0.18818181818181817,0.21809090909090909,0.38636363636363635,0.4090909090909091,1
1,2,0,-2,0,1,0.0,1.2999999999999972,-1.26,-0.6700000000000002,29.47,2,89,118,26,24,238,238,0.4492999999999999,0.47707692307692307,0.2596,0.1322307692307692,0.40499999999999997,0.5563846153846155,0
2,4,4,4,1,1,-6.6000000000000085,-1.9000000000000057,-4.879999999999999,-3.9700000000000006,0.8000000000000114,0,132,119,28,29,239,240,0.4382,0.4042307692307692,0.3748,0.18046153846153848,0.5309,0.3,1
8,5,0,-4,1,0,1.7000000000000028,-1.7000000000000028,3.4299999999999997,2.42,4.6899999999999835,4,135,131,29,23,241,238,0.5701818181818182,0.507125,0.4772727272727273,0.27525,0.5045454545454545,0.6255,1
13,13,0,6,0,1,-5.8999999999999915,-1.2000000000000028,-4.63,-5.67,21.62000000000001,-6,108,116,23,18,239,240,0.34227272727272734,0.3975555555555556,0.12345454545454544,0.21544444444444444,0.5,0.8555555555555556,0
5,2,-6,0,1,1,-1.5,-0.19999999999998863,-1.3399999999999999,-1.6199999999999999,25.62999999999998,-6,113,116,24,25,241,241,0.42588888888888893,0.5262,0.1938888888888889,0.15,0.5185555555555555,0.475,0
2,4,4,-4,1,1,6.199999999999989,-8.400000000000006,14.43,13.74,-1.4300000000000068,8,115,119,21,28,241,239,0.46230000000000004,0.5271111111111112,0.32530000000000003,0.4152222222222222,0.4048999999999999,0.39511111111111114,0
9,2,4,-2,1,0,8.399999999999991,-10.700000000000003,19.1,18.99,-22.849999999999994,6,133,100,36,24,239,239,0.5091111111111112,0.3524444444444444,0.5261111111111112,0.30922222222222223,0.5092222222222222,0.42588888888888893,1
4,4,-2,0,1,1,-4.099999999999994,2.9000000000000057,-6.859999999999999,-6.04,0.44000000000001194,-2,120,105,28,28,240,240,0.47829999999999995,0.3760769230769231,0.3233,0.14292307692307693,0.5084,0.23507692307692307,1
1,11,-2,0,0,1,-3.8999999999999915,10.100000000000009,-14.0,-13.35,3.3599999999999994,-2,116,120,23,22,266,265,0.49609999999999993,0.38000000000000006,0.3355,0.228,0.7916000000000001,0.44466666666666677,0
2,3,4,0,1,1,4.5,-3.0999999999999943,7.59,7.960000000000001,-24.860000000000007,4,117,114,30,32,239,241,0.4152,0.4603,0.29860000000000003,0.23289999999999997,0.53,0.5166999999999999,1
2,2,-2,0,1,1,-4.0,-1.2999999999999972,-2.67,-2.5200000000000005,35.760000000000005,-2,120,108,25,25,239,240,0.49636363636363634,0.4872727272727273,0.23418181818181819,0.28845454545454546,0.4727272727272727,0.4636363636363636,1
2,2,0,4,1,0,2.1000000000000085,3.700000000000003,-1.44,-0.7199999999999998,-13.959999999999994,-4,127,121,34,29,240,241,0.494,0.4748,0.25533333333333336,0.27080000000000004,0.4305555555555556,0.275,1
2,2,-2,2,1,1,-6.0,1.7000000000000028,-7.83,-7.46,-10.149999999999991,-4,115,99,25,23,240,240,0.2893846153846154,0.39484615384615385,0.2742307692307692,0.1553076923076923,0.33761538461538465,0.38592307692307687,1
2,1,-2,2,1,0,-5.0,4.0,-9.059999999999999,-8.23,0.6500000000000057,-4,123,119,28,24,239,241,0.5682222222222223,0.4502,0.41477777777777775,0.2734,0.6481111111111111,0.35,1
2,1,0,0,1,1,-11.200000000000003,2.299999999999997,-13.209999999999999,-12.69,38.260000000000005,0,115,98,25,26,239,240,0.5967272727272728,0.3430909090909091,0.29545454545454547,0.19699999999999998,0.45454545454545453,0.25,1
1,2,2,-2,1,1,8.0,-1.5,9.34,8.63,21.999999999999986,4,105,99,18,20,265,264,0.3491818181818182,0.3463,0.1650909090909091,0.30599999999999994,0.6233636363636363,0.38330000000000003,1
1,7,4,-2,1,0,-0.9000000000000057,-1.7000000000000028,0.8199999999999998,1.44,-18.32,6,104,93,25,19,239,239,0.3995,0.31855555555555554,0.29433333333333334,0.2248888888888889,0.4583333333333333,0.40744444444444444,1
1,1,-2,2,1,1,2.6000000000000085,0.6000000000000085,2.04,2.41,-27.10000000000001,-4,116,128,27,32,240,239,0.4596666666666667,0.49244444444444446,0.33011111111111113,0.35255555555555557,0.5,0.49211111111111117,0
16,5,-2,0,0,1,-2.6000000000000085,9.5,-12.32,-11.440000000000001,-0.9699999999999989,-2,105,120,23,25,240,240,0.436,0.35484615384615387,0.3151818181818182,0.34869230769230775,0.32036363636363635,0.29484615384615387,0
2,2,-6,6,1,1,-1.7999999999999972,2.1000000000000085,-3.9499999999999997,-4.859999999999999,34.97999999999998,-12,98,102,25,14,243,240,0.4104000000000001,0.503875,0.3,0.276375,0.2556,0.458375,0
2,2,2,-2,1,1,6.199999999999989,-8.400000000000006,14.43,13.74,-1.4300000000000068,4,134,93,40,20,239,240,0.484,0.526090909090909,0.40246666666666664,0.338,0.4583333333333333,0.447,1
2,5,4,0,1,0,13.0,-9.099999999999994,21.979999999999997,21.799999999999997,-34.27000000000001,4,141,106,29,29,241,241,0.6083076923076922,0.4849,0.5482307692307692,0.39110000000000006,0.3076923076923077,0.4,1
2,2,0,-4,1,1,2.5,-1.0,3.4700000000000006,3.84,-26.399999999999977,4,128,120,36,30,239,241,0.5171111111111111,0.5243333333333333,0.4122222222222222,0.3663333333333333,0.5333333333333333,0.3611111111111111,1
5,2,-4,2,1,1,-0.20000000000000284,2.9000000000000057,-3.0999999999999996,-2.4699999999999998,32.99000000000001,-6,123,117,25,24,239,240,0.5237777777777778,0.46240000000000003,0.22755555555555557,0.1855,0.494,0.5017,1
2,6,-4,4,0,1,-9.399999999999991,9.300000000000011,-18.45,-16.79,-20.719999999999985,-8,99,121,24,27,239,240,0.40659999999999996,0.3807142857142857,0.2973,0.16428571428571428,0.4667,0.3155,0
2,2,0,0,1,1,-5.5,7.099999999999994,-12.54,-11.36,13.79000000000002,0,123,112,33,24,239,240,0.50925,0.499,0.39537500000000003,0.3833636363636364,0.375,0.3409090909090909,1
2,2,0,0,1,1,-8.200000000000003,-1.2999999999999972,-6.87,-6.640000000000001,10.600000000000009,0,128,109,30,24,238,239,0.3727272727272727,0.39725000000000005,0.33336363636363636,0.2579166666666666,0.35354545454545455,0.3819166666666667,1
3,2,4,0,1,0,-2.6000000000000085,-2.700000000000003,-0.1899999999999995,0.04999999999999982,-23.469999999999985,4,128,108,29,28,240,241,0.42158333333333325,0.3393333333333333,0.32458333333333333,0.28758333333333336,0.35275000000000006,0.25833333333333336,1
2,2,4,-4,1,1,8.0,-1.5,9.34,8.63,21.999999999999986,8,108,103,32,20,242,241,0.36263636363636365,0.38188888888888894,0.19245454545454546,0.256,0.4512727272727273,0.34444444444444444,1
8,16,2,4,1,1,-0.4000000000000057,4.0,-4.43,-4.97,-12.639999999999993,-2,124,115,37,28,240,242,0.542,0.3966363636363637,0.3084,0.39936363636363637,0.2857,0.47400000000000003,1
5,3,0,-2,1,0,11.700000000000003,-4.799999999999997,16.54,15.73,-10.680000000000007,2,122,103,29,21,242,241,0.5212727272727272,0.48733333333333334,0.19318181818181818,0.17116666666666666,0.426,0.375,1
2,2,-2,0,0,1,0.7999999999999972,2.799999999999997,-2.0,-1.54,-9.159999999999997,-2,108,114,21,22,240,241,0.366,0.40711111111111115,0.17355555555555557,0.35644444444444445,0.5766666666666667,0.22577777777777777,0
2,2,0,2,0,1,1.8000000000000114,-0.8999999999999915,2.7800000000000002,3.2800000000000002,11.529999999999987,-2,115,146,23,41,241,240,0.37628571428571433,0.4960833333333334,0.21150000000000002,0.2629166666666667,0.29642857142857143,0.32641666666666663,0
8,2,0,-2,1,0,4.599999999999994,-6.800000000000011,11.33,10.32,-5.070000000000007,2,136,130,26,35,241,241,0.4939,0.6051,0.4617,0.43949999999999995,0.483,0.45999999999999996,1
2,2,-4,-2,0,1,-10.5,8.200000000000003,-18.88,-17.32,4.160000000000011,-2,91,120,25,28,239,239,0.3619,0.48915384615384616,0.312,0.1580769230769231,0.3381,0.3974615384615384,0
1,2,2,-4,1,0,2.6999999999999886,-2.5,5.1000000000000005,4.88,-51.859999999999985,6,132,119,35,24,240,240,0.6024,0.4246666666666667,0.47540000000000004,0.30000000000000004,0.44089999999999996,0.6908888888888889,1
2,2,-6,-2,1,1,6.200000000000003,-3.6999999999999886,9.67,9.209999999999999,-13.250000000000028,-4,122,105,27,24,240,239,0.4505555555555556,0.5312,0.2647777777777778,0.3256,0.4801111111111111,0.45,1
11,6,0,2,0,1,-3.9000000000000057,-2.4000000000000057,-1.5300000000000002,-1.9500000000000002,12.039999999999992,-2,89,123,27,27,241,239,0.3197,0.41225,0.24169999999999997,0.2221666666666667,0.4,0.6680833333333333,0
2,2,2,4,0,1,-8.899999999999991,3.6000000000000085,-12.09,-10.95,-10.759999999999991,-2,116,129,24,31,240,241,0.5169090909090909,0.6312222222222222,0.3510909090909091,0.4466666666666667,0.34245454545454546,0.3333333333333333,0
6,2,6,-2,1,1,-4.6000000000000085,-5.200000000000003,0.6199999999999997,0.9999999999999996,-9.619999999999997,8,111,116,25,28,241,239,0.47750000000000004,0.45266666666666666,0.25,0.3147777777777778,0.488875,0.5925555555555556,0
2,7,4,4,0,1,-5.200000000000003,2.799999999999997,-8.209999999999999,-7.859999999999999,-7.059999999999988,0,101,103,20,28,239,240,0.40859999999999996,0.4181111111111111,0.25,0.36711111111111117,0.4,0.4444444444444444,0
2,12,4,2,1,0,-0.09999999999999432,2.799999999999997,-2.77,-3.4700000000000006,34.03999999999999,2,119,103,30,26,240,238,0.44,0.4501428571428571,0.17661538461538465,0.18814285714285717,0.3076923076923077,0.1262142857142857,1
5,10,0,0,1,0,-6.5,-5.1000000000000085,-1.3399999999999999,-2.15,-23.75999999999999,0,118,106,25,19,240,240,0.4143636363636363,0.39781818181818185,0.24836363636363637,0.2030909090909091,0.3711818181818182,0.3650909090909091,1
3,4,-2,-2,1,1,-3.700000000000003,4.299999999999997,-8.149999999999999,-7.74,-1.7999999999999972,0,104,112,24,28,241,241,0.2930833333333333,0.3973,0.19716666666666668,0.1999,0.52775,0.485,0
8,5,-4,-2,1,1,-6.299999999999997,-0.20000000000000284,-5.91,-6.21,-17.310000000000002,-2,101,120,30,34,240,241,0.5014000000000001,0.6102,0.3542,0.24830000000000002,0.4333,0.5599999999999999,0
7,1,-4,-4,1,0,-1.5,1.7000000000000028,-3.1999999999999993,-2.3,-22.389999999999986,0,112,99,36,19,240,240,0.49909090909090903,0.41044444444444445,0.3856363636363636,0.23344444444444445,0.36363636363636365,0.6018888888888889,1
9,2,0,2,0,1,5.800000000000011,0.4000000000000057,5.45,5.800000000000001,-24.230000000000018,-2,119,129,34,31,240,240,0.439,0.40199999999999997,0.2678888888888889,0.3894,0.4518888888888889,0.37089999999999995,0
3,2,2,2,1,1,0.29999999999999716,5.8999999999999915,-5.48,-4.67,3.980000000000018,0,108,106,25,24,241,241,0.4827,0.41312499999999996,0.2878,0.314875,0.29,0.505625,1
2,1,-2,4,1,1,-3.8999999999999915,5.1000000000000085,-8.629999999999999,-7.699999999999999,-24.22999999999999,-6,95,113,23,28,239,240,0.3765833333333333,0.40375,0.19166666666666665,0.21658333333333335,0.28891666666666665,0.23608333333333334,0
5,4,-2,2,0,1,-2.1000000000000085,7.0,-8.99,-8.4,26.61,-4,104,111,26,22,240,240,0.39845454545454545,0.4504444444444445,0.33818181818181814,0.2871111111111111,0.4318181818181818,0.39633333333333337,0
2,2,0,2,1,0,0.5999999999999943,-4.1000000000000085,4.66,4.18,-1.0600000000000165,-2,122,96,33,21,241,240,0.59625,0.35166666666666674,0.43191666666666667,0.2688333333333333,0.5166666666666666,0.3055833333333333,1
2,3,-4,2,1,0,-1.5,1.2000000000000028,-2.7399999999999998,-3.45,37.38999999999998,-6,112,86,26,20,240,240,0.5019,0.4517692307692308,0.5381,0.1396923076923077,0.1778,0.32053846153846155,1
3,1,0,-2,1,1,3.700000000000003,-1.7000000000000028,5.3,4.33,-32.370000000000005,2,128,113,40,19,240,241,0.49266666666666664,0.448888888888889,0.21133333333333335,0.24811111111111112,0.4166666666666667,0.6916666666666667,1
2,7,4,2,1,0,0.7000000000000028,-4.900000000000006,5.64,6.38,15.04999999999999,2,121,114,17,32,240,240,0.5097499999999999,0.34909090909090906,0.22549999999999998,0.26890909090909093,0.79375,0.4697272727272727,1
2,4,-4,-2,0,1,-6.5,7.400000000000006,-14.19,-13.3,-20.109999999999985,-2,103,140,24,38,240,240,0.4148181818181818,0.5307272727272726,0.3667272727272728,0.5048181818181818,0.45609090909090905,0.6363636363636364,0
2,2,2,-2,0,1,-10.0,2.5,-12.52,-11.48,14.120000000000005,4,111,122,28,28,241,241,0.40611111111111114,0.46370000000000006,0.349,0.2883,0.48933333333333334,0.3381,0
1,2,-2,6,0,1,-3.5999999999999943,8.700000000000003,-12.389999999999999,-12.12,-7.209999999999994,-8,105,121,31,30,238,241,0.3116666666666667,0.4607272727272727,0.2755,0.46218181818181814,0.375,0.2863636363636364,0
12,4,-4,-4,1,1,5.1000000000000085,-0.8999999999999915,6.209999999999999,5.8500000000000005,16.159999999999982,0,110,119,20,30,226,240,0.445125,0.4955555555555555,0.26225,0.365,0.421375,0.2777777777777778,0
2,2,-4,-2,1,1,-2.0,1.0,-2.8200000000000003,-2.55,2.5799999999999983,-2,86,116,16,34,239,240,0.34177777777777774,0.4109,0.1331111111111111,0.3167,0.5888888888888889,0.63,0
2,2,4,0,0,1,0.5999999999999943,-0.4000000000000057,1.01,0.22999999999999998,1.6499999999999915,4,119,120,31,26,241,239,0.42454545454545456,0.5311,0.4282727272727273,0.3725,0.42045454545454547,0.41900000000000004,0
1,12,0,4,0,1,3.4000000000000057,4.0,-0.5600000000000005,-1.25,3.069999999999993,-4,113,126,35,27,240,242,0.3085,0.39633333333333337,0.18925,0.27775,0.34441666666666665,0.42016666666666663,0
2,2,-2,0,1,1,4.0,2.5999999999999943,1.4100000000000001,1.85,-6.290000000000006,-2,127,117,36,30,241,240,0.4803333333333334,0.5341250000000001,0.34,0.342125,0.319,0.375,1
2,2,4,6,0,1,-4.3999999999999915,8.200000000000003,-12.11,-10.829999999999998,-11.089999999999975,-2,102,132,22,33,239,239,0.32766666666666666,0.49625,0.2484,0.39208333333333334,0.36666666666666664,0.3958333333333333,0
11,2,-2,2,1,0,7.299999999999997,-5.0,12.299999999999999,11.260000000000002,-4.3100000000000165,-4,124,116,33,27,240,239,0.4126,0.45210000000000006,0.29769999999999996,0.3249,0.2318,0.5,1
3,2,2,-2,0,1,-5.3999999999999915,-6.400000000000006,1.08,0.040000000000000036,-20.72,4,92,101,14,21,240,240,0.2575454545454546,0.5498999999999999,0.1,0.32,0.4697272727272727,0.45709999999999995,0
3,10,-4,4,0,1,-9.700000000000003,4.799999999999997,-14.67,-13.82,-26.37999999999998,-8,109,162,19,48,241,240,0.48309090909090907,0.6652857142857143,0.20454545454545456,0.5785714285714286,0.5378181818181819,0.325,0
2,2,-2,0,1,1,-1.0999999999999943,-2.799999999999997,1.69,1.52,50.02999999999997,-2,122,112,26,27,240,240,0.5296666666666667,0.5353333333333333,0.48888888888888893,0.37033333333333335,0.5304444444444445,0.3055555555555556,1
14,1,2,0,1,0,-1.8000000000000114,0.8999999999999915,-2.7800000000000002,-3.2800000000000002,-11.529999999999987,2,119,117,33,30,240,239,0.4157777777777778,0.4855555555555556,0.29744444444444446,0.21477777777777782,0.3451111111111111,0.42588888888888893,1
6,2,6,-2,1,0,2.5999999999999943,-5.5,8.02,7.909999999999999,-16.409999999999997,8,125,104,28,28,239,238,0.4040769230769231,0.427,0.40992307692307695,0.2840833333333333,0.3194615384615385,0.4791666666666667,1
2,6,-4,4,1,1,-4.099999999999994,9.600000000000009,-13.85,-13.48,10.260000000000012,-8,110,121,29,26,239,239,0.5118,0.45066666666666666,0.2783,0.26588888888888884,0.2166,0.35322222222222227,0
2,17,-2,2,1,1,5.0,1.5,3.46,3.25,-13.469999999999999,-4,128,107,23,23,237,240,0.48933333333333334,0.2806153846153846,0.21383333333333332,0.1833076923076923,0.5612499999999999,0.43130769230769234,1
3,3,2,0,1,1,-6.700000000000003,0.8999999999999915,-7.639999999999999,-7.08,3.25,2,133,122,25,16,240,241,0.5001111111111112,0.48290909090909084,0.2928888888888889,0.23299999999999998,0.6471111111111111,0.5428181818181819,1
2,2,-4,4,0,1,-6.599999999999994,5.5,-11.77,-11.79,18.129999999999995,-8,89,132,26,29,217,241,0.3436923076923077,0.4404615384615385,0.2855384615384616,0.36553846153846153,0.3269230769230769,0.5384615384615384,0
5,5,-2,-4,1,1,3.200000000000003,-1.7999999999999972,4.819999999999999,4.699999999999999,-25.78,2,108,97,28,29,239,239,0.40249999999999997,0.4377,0.303,0.2511,0.36669999999999997,0.5,1
12,8,-2,0,0,1,-2.5999999999999943,-0.8999999999999915,-1.6199999999999997,-1.4699999999999998,5.939999999999998,-2,107,116,24,28,242,239,0.5502222222222222,0.4566666666666667,0.39999999999999997,0.274,0.21966666666666665,0.2888888888888889,0
7,12,0,2,1,0,0.3999999999999915,-7.799999999999997,8.0,7.7,-6.90000000000002,-2,124,109,31,28,241,240,0.5286666666666666,0.6072,0.49211111111111117,0.34830000000000005,0.46299999999999997,0.21669999999999998,1
4,3,-2,0,0,1,-4.599999999999994,8.200000000000003,-12.73,-12.15,16.830000000000005,-2,95,111,24,29,239,242,0.41339999999999993,0.31933333333333336,0.21189999999999998,0.13516666666666668,0.5417,0.5219999999999999,0
2,12,0,-4,1,0,8.700000000000003,-4.400000000000006,13.23,12.48,-0.6400000000000148,4,129,93,38,21,241,239,0.5441538461538461,0.3076,0.3028461538461539,0.125,0.45253846153846156,0.51,1
2,15,2,-2,1,0,-7.299999999999997,-6.6000000000000085,-0.6,-1.2799999999999998,14.870000000000005,4,121,91,31,17,239,241,0.5065384615384615,0.33885714285714286,0.3953076923076923,0.1392857142857143,0.3811538461538462,0.26785714285714285,1
2,7,-4,-6,1,1,-1.7000000000000028,3.299999999999997,-5.329999999999999,-5.19,-4.3799999999999955,2,112,96,21,22,240,211,0.4436,0.3423333333333334,0.2629,0.3381111111111111,0.8047000000000001,0.4166666666666667,0
3,12,-6,0,0,1,-1.5999999999999943,5.299999999999997,-6.790000000000001,-6.4,1.8300000000000125,-6,95,118,28,33,234,240,0.4475555555555556,0.3135384615384616,0.2698888888888889,0.3603846153846154,0.20366666666666666,0.22823076923076924,0
2,2,4,0,0,1,-0.7000000000000028,-0.4000000000000057,-0.3600000000000001,-1.09,-8.489999999999995,4,119,120,31,28,240,239,0.4773333333333334,0.4176363636363636,0.3312222222222222,0.13936363636363636,0.5401111111111111,0.5064545454545454,0
14,2,-2,-2,1,1,1.7999999999999972,-1.7000000000000028,3.63,3.34,-15.010000000000005,0,127,134,33,30,239,238,0.3770909090909091,0.5302999999999999,0.27190909090909093,0.2943,0.3120909090909091,0.36669999999999997,0
2,2,6,4,1,0,3.799999999999997,-6.799999999999997,10.639999999999999,11.02,-33.06999999999999,2,132,111,26,27,241,241,0.4520909090909091,0.4364615384615384,0.27918181818181814,0.21484615384615385,0.37572727272727274,0.41923076923076924,1
8,3,0,6,0,1,-6.199999999999989,6.1000000000000085,-11.87,-10.73,-20.56999999999998,-6,111,121,25,32,241,240,0.39655555555555555,0.496125,0.36133333333333334,0.307375,0.33699999999999997,0.520875,0
3,2,0,4,1,1,6.6000000000000085,1.9000000000000057,4.879999999999999,3.9700000000000006,-0.8000000000000114,-4,127,122,33,25,240,240,0.5361,0.40588888888888897,0.2691,0.24033333333333337,0.3875,0.4722222222222222,1
4,3,0,0,1,0,6.799999999999997,-0.4000000000000057,7.08,6.26,-10.25,0,110,93,27,19,241,240,0.48179999999999995,0.25275000000000003,0.2566,0.11066666666666668,0.375,0.15691666666666668,1
2,3,-2,0,1,1,1.3000000000000114,-2.299999999999997,3.61,3.5300000000000002,30.959999999999994,-2,124,145,21,36,241,241,0.29776923076923073,0.5877,0.17523076923076927,0.40940000000000004,0.5366153846153846,0.5846,0
2,9,0,4,1,1,1.5999999999999943,-1.5999999999999943,3.1,3.4200000000000004,3.6400000000000006,-4,123,104,24,22,239,237,0.45615384615384613,0.3045384615384616,0.2771538461538462,0.19515384615384615,0.41392307692307695,0.4185384615384615,1
2,2,-2,-4,1,1,3.1000000000000085,3.3000000000000114,-0.3200000000000003,0.5099999999999998,-33.81,2,98,94,24,20,239,240,0.3970909090909091,0.3341,0.19027272727272726,0.17170000000000002,0.4318181818181818,0.6383,1
1,2,0,0,1,1,-0.5999999999999943,5.5,-6.06,-6.01,12.820000000000014,0,106,148,30,42,240,242,0.4406666666666667,0.582076923076923,0.3176666666666667,0.38038461538461543,0.3680833333333333,0.4423076923076923,0
1,4,-6,0,0,1,1.4000000000000057,3.4000000000000057,-1.9400000000000004,-1.8899999999999997,14.359999999999985,-6,105,127,25,32,228,240,0.483125,0.45010000000000006,0.241125,0.4654,0.458375,0.3875,0
4,3,2,4,0,1,0.9000000000000057,8.5,-7.51,-7.52,19.890000000000022,-2,109,148,25,37,241,240,0.4596,0.6281538461538461,0.21773333333333333,0.39492307692307693,0.3,0.22438461538461538,0
6,3,-4,-4,1,0,-3.9000000000000057,-3.8000000000000114,0.23000000000000043,-0.5899999999999999,37.97,0,110,106,33,25,241,239,0.5302727272727272,0.41766666666666663,0.3175454545454546,0.2018888888888889,0.38636363636363635,0.537,1
5,2,2,-4,1,0,-0.20000000000000284,-1.9000000000000057,1.75,1.1,40.27999999999999,6,111,109,28,22,240,240,0.48250000000000004,0.5437777777777778,0.24620000000000003,0.3036666666666667,0.3,0.3015555555555556,1
2,1,2,2,0,1,-5.699999999999989,-0.7000000000000028,-4.78,-5.54,14.719999999999999,0,87,96,18,18,241,240,0.29263636363636364,0.32844444444444443,0.20618181818181816,0.17777777777777778,0.3909090909090909,0.487,0
2,2,-4,2,1,1,-6.700000000000003,6.199999999999989,-13.0,-12.25,-14.32999999999997,-6,94,120,22,29,239,242,0.41466666666666674,0.36083333333333334,0.17744444444444443,0.2524166666666667,0.3765555555555556,0.2698333333333333,0
2,2,-4,6,1,1,-2.8999999999999915,1.9000000000000057,-4.26,-3.4899999999999993,-0.6099999999999994,-10,103,117,21,30,240,241,0.2963571428571429,0.32122222222222224,0.11207142857142857,0.3018888888888889,0.33335714285714285,0.7407777777777778,0
2,7,6,2,1,0,6.200000000000003,-8.099999999999994,14.43,14.53,-19.890000000000015,4,145,117,39,29,240,240,0.4564166666666667,0.44563636363636366,0.4090833333333333,0.26281818181818184,0.4444166666666667,0.47881818181818175,1
10,2,2,-4,1,1,6.299999999999997,0.20000000000000284,5.91,6.21,17.310000000000002,6,109,104,29,31,240,218,0.5066,0.4051111111111111,0.20670000000000002,0.35777777777777775,0.4667,0.6333333333333333,0
9,1,-2,4,1,1,0.6000000000000085,3.9000000000000057,-3.29,-3.5199999999999996,45.38,-6,104,98,22,26,242,241,0.3505,0.43487499999999996,0.18170000000000003,0.257375,0.5778000000000001,0.520875,1
9,2,2,-2,0,1,2.8999999999999915,1.0,1.85,1.26,-35.269999999999996,4,113,127,26,30,241,239,0.37418181818181817,0.35018181818181815,0.11627272727272726,0.345,0.39909090909090916,0.3492727272727273,0
2,8,2,-6,1,0,6.599999999999994,-3.9000000000000057,10.33,9.879999999999999,-26.83999999999999,8,105,91,23,23,239,230,0.39088888888888884,0.42488888888888887,0.21477777777777782,0.16122222222222224,0.5106666666666667,0.43333333333333335,1
3,2,2,2,1,0,3.5999999999999943,0.7999999999999972,2.73,2.5700000000000003,11.400000000000006,0,137,118,36,35,239,239,0.43883333333333335,0.502,0.3100833333333333,0.42118181818181816,0.3541666666666667,0.5,1
1,2,-4,2,1,1,2.700000000000003,1.2999999999999972,1.5499999999999998,1.23,32.779999999999994,-6,125,134,22,29,239,241,0.4087777777777778,0.3761111111111111,0.31444444444444447,0.3624444444444444,0.6482222222222221,0.5555555555555556,0
2,4,-2,0,1,1,-0.29999999999999716,-5.8999999999999915,5.48,4.67,-3.980000000000018,-2,133,123,32,26,240,241,0.6905,0.518125,0.4685,0.26275000000000004,0.364625,0.4375,1
4,8,0,0,0,1,3.3000000000000114,4.5,-1.1099999999999999,-1.1800000000000002,-3.3700000000000045,0,139,140,33,35,289,290,0.40622222222222226,0.4668888888888889,0.1716666666666667,0.24633333333333335,0.40700000000000003,0.33155555555555555,0
3,5,2,4,1,0,3.200000000000003,-2.0999999999999943,5.4399999999999995,5.220000000000001,-3.8700000000000045,-2,124,105,23,24,238,240,0.36950000000000005,0.36879999999999996,0.20207142857142854,0.16909999999999997,0.2857142857142857,0.4107,1
2,3,2,-4,1,1,9.200000000000003,-2.299999999999997,11.34,10.78,-1.200000000000017,6,119,105,29,20,239,239,0.4512727272727273,0.5489090909090909,0.34654545454545455,0.33336363636363636,0.36363636363636365,0.3788181818181818,1
2,2,-4,-4,1,1,-9.900000000000006,2.8999999999999915,-12.92,-12.72,13.900000000000006,0,116,111,24,25,238,241,0.5624444444444444,0.35488888888888886,0.34155555555555556,0.16011111111111112,0.37222222222222223,0.5304444444444445,1
15,2,6,4,1,1,7.099999999999994,-1.8000000000000114,8.549999999999999,8.17,-3.999999999999986,2,103,124,24,28,240,242,0.4454166666666666,0.4390833333333333,0.20058333333333334,0.375,0.27699999999999997,0.45891666666666664,0
8,2,2,-6,1,1,4.099999999999994,-9.600000000000009,13.85,13.48,-10.260000000000012,8,143,105,30,25,241,239,0.5456923076923078,0.44930000000000003,0.2857692307692308,0.2233,0.33976923076923077,0.525,1
2,3,6,2,1,0,5.299999999999997,-5.599999999999994,10.969999999999999,10.969999999999999,4.609999999999999,4,119,103,25,20,239,240,0.3705555555555555,0.4181111111111111,0.17733333333333334,0.14800000000000002,0.42288888888888887,0.6055555555555556,1
2,3,2,0,1,0,0.20000000000000284,0.29999999999999716,-0.07000000000000006,0.6699999999999999,57.39,2,120,118,27,29,240,241,0.6012,0.3982,0.3492,0.41550000000000004,0.575,0.35469999999999996,1
1,6,0,-4,1,1,5.5,-1.2000000000000028,6.65,6.42,-0.7900000000000205,4,106,113,24,27,240,240,0.44855555555555554,0.434,0.21844444444444444,0.3806666666666667,0.45366666666666666,0.4444444444444444,0
10,10,2,0,1,1,4.699999999999989,-9.600000000000009,14.09,13.43,-7.519999999999996,2,114,98,27,29,241,240,0.3315,0.4678181818181818,0.18692857142857142,0.1590909090909091,0.41664285714285715,0.3181818181818182,1
1,2,-2,2,0,1,-2.6000000000000085,9.5,-12.32,-11.440000000000001,-0.9699999999999989,-4,97,109,16,27,241,241,0.442,0.34,0.35555555555555557,0.2117272727272727,0.5555555555555556,0.43636363636363634,0
6,2,-2,2,0,1,-8.099999999999994,4.299999999999997,-12.11,-12.100000000000001,12.040000000000006,-4,84,105,28,27,216,242,0.4312222222222222,0.34778571428571425,0.21366666666666667,0.12935714285714286,0.16666666666666666,0.31071428571428567,0
7,7,6,-4,0,1,-4.200000000000003,-0.09999999999999432,-4.289999999999999,-4.68,4.609999999999985,10,108,110,24,24,239,240,0.3913333333333333,0.48433333333333334,0.42644444444444446,0.36877777777777776,0.6111111111111112,0.48144444444444445,0
4,8,-6,-2,0,1,-4.0,4.799999999999997,-8.71,-8.41,20.89999999999999,-4,113,126,30,32,239,240,0.43600000000000005,0.3697142857142857,0.20344444444444443,0.3190714285714286,0.5494444444444445,0.20535714285714285,0
6,2,2,-2,0,1,-1.2000000000000028,0.09999999999999432,-1.31,-1.7300000000000004,2.230000000000004,4,103,112,29,20,240,242,0.4628,0.4042727272727273,0.34340000000000004,0.19390909090909092,0.2,0.4697272727272727,0
3,2,0,2,1,1,0.9000000000000057,3.0,-2.08,-2.1100000000000003,47.79,-2,116,123,23,30,240,241,0.3411111111111111,0.42300000000000004,0.20977777777777776,0.29969999999999997,0.36733333333333335,0.5529,0
4,2,-4,-4,0,1,-9.400000000000006,0.3999999999999915,-9.59,-9.68,41.480000000000004,0,95,125,13,26,220,240,0.37122222222222223,0.4652307692307692,0.13533333333333333,0.4029230769230769,0.7,0.25053846153846154,0
2,2,2,-6,1,0,5.299999999999997,-6.1000000000000085,11.57,10.19,36.76999999999998,8,140,112,38,21,241,240,0.4961428571428571,0.43244444444444446,0.2567857142857143,0.3463333333333333,0.41964285714285715,0.38699999999999996,1
2,3,4,-2,1,0,4.3999999999999915,-8.200000000000003,12.11,10.829999999999998,11.089999999999975,6,123,103,28,24,240,240,0.43564285714285716,0.33492307692307693,0.2125,0.1743076923076923,0.31707142857142856,0.2692307692307692,1
1,2,2,0,0,1,-4.5,1.7000000000000028,-6.1899999999999995,-6.130000000000001,13.100000000000009,2,105,117,24,27,240,241,0.4138,0.4124,0.25039999999999996,0.23620000000000002,0.5166999999999999,0.6083000000000001,0
3,1,2,-2,1,1,2.3999999999999915,0.8999999999999915,1.42,0.8399999999999999,13.63000000000001,4,118,113,25,23,240,240,0.3762,0.43733333333333335,0.24290000000000003,0.24922222222222226,0.3528,0.254,1
2,10,2,6,1,1,-5.0,3.299999999999997,-8.36,-7.7299999999999995,-13.96,-4,125,111,24,24,241,238,0.34175,0.41263636363636363,0.26908333333333334,0.30154545454545456,0.30416666666666664,0.39390909090909093,1
3,7,-4,4,0,1,-7.299999999999997,5.0,-12.299999999999999,-11.260000000000002,4.3100000000000165,-8,113,114,27,31,241,241,0.3550909090909091,0.4405,0.2090909090909091,0.2785,0.2878181818181818,0.29169999999999996,0
15,12,2,0,1,1,-4.900000000000006,-4.299999999999997,-0.5900000000000003,-0.41000000000000014,-12.029999999999994,2,118,104,25,28,240,241,0.2919333333333333,0.286,0.20886666666666667,0.1805,0.31666666666666665,0.25,1
1,2,0,-2,1,0,5.5,-5.200000000000003,10.65,10.04,30.959999999999994,2,124,108,26,27,240,240,0.42,0.443,0.21381818181818185,0.26236363636363635,0.2512727272727273,0.4181818181818182,1
2,6,2,2,1,1,0.29999999999999716,-5.700000000000003,5.86,5.58,-35.44,0,114,91,23,19,239,240,0.46971428571428575,0.37229999999999996,0.33692857142857147,0.10329999999999999,0.32142857142857145,0.41669999999999996,1
4,3,-2,2,1,1,-3.9000000000000057,1.4000000000000057,-5.2299999999999995,-5.0,-25.019999999999996,-4,105,121,24,32,240,240,0.45691666666666664,0.44699999999999995,0.23416666666666666,0.4518888888888889,0.3333333333333333,0.27655555555555555,0
8,2,2,-2,0,1,-2.700000000000003,0.09999999999999432,-2.9499999999999997,-3.06,-21.019999999999996,4,103,109,24,19,240,238,0.4189,0.38760000000000006,0.20590000000000003,0.2605,0.48810000000000003,0.4227,0
2,2,-6,4,0,1,-4.699999999999989,6.700000000000003,-11.23,-11.440000000000001,23.819999999999993,-10,109,114,26,22,239,241,0.4189,0.41333333333333333,0.18080000000000002,0.16244444444444445,0.28500000000000003,0.49233333333333335,0
2,2,4,-2,0,1,-2.4000000000000057,-0.5,-1.92,-2.0100000000000002,19.06999999999998,6,115,121,24,29,265,266,0.3768888888888889,0.47730000000000006,0.18055555555555555,0.4417,0.4722222222222222,0.42379999999999995,0
1,1,4,0,1,1,0.29999999999999716,-5.700000000000003,5.86,5.58,-35.44,4,135,104,31,18,237,238,0.5972857142857143,0.41739999999999994,0.33692857142857147,0.19,0.3135,0.4685,1
2,6,-4,2,1,1,-6.799999999999997,1.0,-7.549999999999999,-7.27,14.379999999999995,-6,111,131,24,26,228,239,0.41600000000000004,0.3711428571428571,0.18181818181818182,0.23214285714285715,0.6300909090909091,0.36607142857142855,0
3,5,-2,0,1,1,-2.0,1.0,-2.8200000000000003,-2.55,2.5799999999999983,-2,96,120,23,30,214,240,0.51,0.5353999999999999,0.274,0.23520000000000002,0.61875,0.5622,0
4,8,4,2,1,1,4.3999999999999915,-7.200000000000003,11.649999999999999,11.25,-31.42,2,99,126,20,25,239,239,0.4127272727272727,0.5500833333333334,0.24054545454545453,0.4715833333333333,0.125,0.3958333333333333,0
1,2,-4,-6,1,0,3.3999999999999915,-4.700000000000003,8.21,7.1,-25.310000000000002,2,147,134,43,29,239,239,0.5926666666666667,0.5113333333333334,0.5826666666666667,0.3464444444444445,0.6722222222222222,0.4773333333333334,1
2,11,4,-2,1,0,13.799999999999997,-8.0,21.549999999999997,20.42,10.329999999999984,6,124,90,33,21,242,240,0.43475,0.38575,0.3165833333333333,0.364875,0.10416666666666667,0.375,1
4,2,4,-2,0,1,5.0,-4.0,9.059999999999999,8.23,-0.6500000000000057,6,113,120,31,25,240,240,0.5327,0.39244444444444443,0.2989,0.254,0.3221,0.3611111111111111,0
12,4,-2,-4,1,1,-2.700000000000003,-2.5,-0.2200000000000002,-0.21999999999999975,9.809999999999988,2,120,109,25,26,240,242,0.514888888888889,0.42454545454545456,0.40022222222222226,0.20872727272727276,0.5261111111111111,0.4192727272727273,1
5,2,2,-4,1,0,2.299999999999997,-5.0,7.1,6.14,-9.920000000000016,6,112,98,28,20,240,239,0.49522222222222223,0.41000000000000003,0.29633333333333334,0.0686,0.3758888888888889,0.38570000000000004,1
2,3,-2,-4,0,1,1.0,10.300000000000011,-9.31,-7.89,-7.200000000000003,2,93,113,23,25,240,240,0.3624545454545455,0.3769166666666666,0.1439090909090909,0.28475,0.42427272727272725,0.375,0
4,8,-2,2,1,1,3.4000000000000057,1.7000000000000028,1.6600000000000001,2.29,-37.41,-4,120,125,33,34,241,240,0.4582222222222222,0.37609090909090903,0.20933333333333334,0.23736363636363633,0.49077777777777776,0.4772727272727273,0
2,6,4,4,1,1,-0.29999999999999716,0.9000000000000057,-1.21,-1.4099999999999997,-2.4099999999999966,0,96,106,28,26,240,240,0.36607142857142855,0.32815384615384613,0.21528571428571427,0.1753076923076923,0.17857142857142858,0.07692307692307693,0
2,1,0,0,1,1,-1.7000000000000028,-3.1000000000000085,1.42,1.15,2.5999999999999943,0,117,127,30,20,240,240,0.45729999999999993,0.3728,0.3233,0.1427,0.5977,0.355,0
2,6,2,-6,1,0,1.5999999999999943,-5.299999999999997,6.790000000000001,6.4,-1.8300000000000125,8,117,105,26,20,241,239,0.42972727272727274,0.3532,0.27954545454545454,0.1326,0.35609090909090907,0.5349999999999999,1
2,3,-4,-2,0,1,-10.400000000000006,3.5999999999999943,-13.959999999999999,-13.89,17.860000000000014,-2,91,124,19,23,221,240,0.5088,0.3628666666666667,0.23620000000000002,0.2664,0.2667,0.3611333333333333,0
2,2,2,2,1,0,7.6000000000000085,-3.3999999999999915,11.1,10.64,-27.750000000000014,0,135,113,35,26,238,240,0.42778571428571427,0.4975454545454545,0.38421428571428573,0.27036363636363636,0.26785714285714285,0.4103636363636364,1
4,2,4,-4,1,0,9.700000000000003,-4.799999999999997,14.67,13.82,26.37999999999998,8,104,98,21,18,240,241,0.2940909090909091,0.34111111111111114,0.2216363636363636,0.19277777777777777,0.5424545454545454,0.45366666666666666,1
8,6,2,-2,1,1,-5.199999999999989,-6.1000000000000085,1.0099999999999998,0.71,36.67,4,119,112,23,25,240,241,0.5187999999999999,0.3776,0.3819,0.2937,0.5784,0.38330000000000003,1
2,4,-2,-2,1,0,-1.9000000000000057,-4.1000000000000085,2.3199999999999994,1.6399999999999997,10.61,0,103,114,29,26,212,240,0.436,0.4359090909090909,0.43600000000000005,0.3510909090909091,0.5833333333333334,0.4696363636363637,1
2,8,4,4,0,1,-2.0999999999999943,3.200000000000003,-5.01,-4.6899999999999995,-21.00999999999999,0,117,119,28,26,265,266,0.47566666666666674,0.40525,0.2962222222222222,0.25775000000000003,0.246,0.6521250000000001,0
7,3,2,4,1,0,-0.6999999999999886,1.9000000000000057,-2.52,-3.0300000000000002,2.9200000000000017,-2,110,103,27,25,241,240,0.4623333333333334,0.4123333333333334,0.3592222222222222,0.20855555555555558,0.48488888888888887,0.4444444444444444,1
2,2,2,2,1,1,4.3999999999999915,-7.200000000000003,11.649999999999999,11.25,-31.42,0,136,120,26,21,243,241,0.4164615384615385,0.4311666666666667,0.41138461538461535,0.26391666666666663,0.19115384615384615,0.3686666666666667,1
9,5,-6,4,1,1,1.2000000000000028,7.599999999999994,-6.3,-6.109999999999999,22.30000000000002,-10,95,133,22,31,241,239,0.4656153846153846,0.48050000000000004,0.23484615384615384,0.3155,0.3076923076923077,0.5229285714285714,0
3,2,4,-4,1,1,0.6999999999999886,-6.900000000000006,7.42,7.29,-3.510000000000005,8,122,117,30,29,241,239,0.28415384615384615,0.5271538461538462,0.22276923076923077,0.3322307692307692,0.3141538461538461,0.12823076923076923,1
1,1,2,4,1,1,-11.199999999999989,-1.5,-9.229999999999999,-8.979999999999999,-9.359999999999985,-2,96,76,23,20,242,238,0.33199999999999996,0.37772727272727274,0.2578461538461539,0.11690909090909091,0.23076923076923078,0.1590909090909091,1
6,2,-4,-6,1,1,-5.1000000000000085,0.8999999999999915,-6.209999999999999,-5.8500000000000005,-16.159999999999982,2,103,122,22,20,239,240,0.362,0.42911111111111105,0.26066666666666666,0.2752222222222222,0.7438888888888889,0.534,0
5,7,0,-4,1,1,3.200000000000003,-1.7999999999999972,4.819999999999999,4.699999999999999,-25.78,4,126,92,37,22,240,216,0.4798,0.40762499999999996,0.3612,0.239625,0.3,0.375,1
7,1,0,2,1,1,-1.1000000000000085,1.2999999999999972,-2.42,-2.19,-3.039999999999992,-2,97,112,30,22,240,242,0.5332,0.3378333333333334,0.2365,0.12466666666666666,0.485,0.3333333333333333,0
5,7,0,2,1,0,0.5999999999999943,2.6999999999999886,-2.12,-1.9400000000000002,-1.129999999999967,-2,119,111,33,28,240,240,0.5115999999999999,0.46299999999999997,0.2711,0.2892222222222222,0.3,0.40744444444444444,1
2,2,4,-4,1,0,5.5,-6.5,11.91,10.71,1.4899999999999949,8,0,0,0,0,0,0,0.0,0.0,0.0,0.0,0.0,0.0,1
13,5,-6,0,1,1,-0.5,5.700000000000003,-6.359999999999999,-5.84,-9.959999999999994,-6,133,126,27,27,265,264,0.5106666666666667,0.46755555555555556,0.316,0.17333333333333334,0.6777777777777777,0.487,1
3,1,4,-4,1,1,0.5999999999999943,-5.5,6.06,6.01,-12.820000000000014,8,111,114,29,23,239,241,0.305,0.46066666666666667,0.28500000000000003,0.28844444444444445,0.4191,0.619,0
1,5,-6,2,0,1,-4.099999999999994,11.799999999999997,-15.87,-15.25,5.930000000000021,-8,112,125,31,24,240,241,0.5266666666666667,0.4678,0.1875,0.27999999999999997,0.2916666666666667,0.3089,0
13,5,0,-2,0,1,-3.200000000000003,0.20000000000000284,-3.41,-3.39,-2.8699999999999903,2,116,124,25,30,240,239,0.4731111111111111,0.47544444444444445,0.31244444444444447,0.22377777777777774,0.45633333333333337,0.7833333333333333,0
1,3,4,4,1,1,-0.20000000000000284,-0.5,0.15000000000000036,-0.1299999999999999,6.900000000000013,0,134,117,33,24,240,240,0.4426666666666666,0.47333333333333344,0.33825,0.3208333333333333,0.5,0.2916666666666667,1
3,5,-2,2,1,1,-3.5,-1.2000000000000028,-2.1999999999999997,-1.8599999999999999,-0.6200000000000045,-4,0,0,0,0,0,0,0.0,0.0,0.0,0.0,0.0,0.0,1
2,6,4,2,1,1,-5.200000000000003,2.0999999999999943,-7.309999999999999,-7.130000000000001,40.92999999999999,2,0,0,0,0,0,0,0.0,0.0,0.0,0.0,0.0,0.0,1
2,2,0,-2,1,1,-6.099999999999994,0.09999999999999432,-5.98,-5.54,40.08,2,0,0,0,0,0,0,0.0,0.0,0.0,0.0,0.0,0.0,0
9,2,0,4,1,1,1.1000000000000085,1.5,-0.15000000000000036,-0.3600000000000003,17.379999999999995,-4,0,0,0,0,0,0,0.0,0.0,0.0,0.0,0.0,0.0,0
1,5,-2,6,0,1,-0.9000000000000057,-0.30000000000001137,-0.5800000000000001,-0.3900000000000001,-6.560000000000002,-8,0,0,0,0,0,0,0.0,0.0,0.0,0.0,0.0,0.0,0
1,8,6,4,1,1,7.099999999999994,4.700000000000003,2.35,2.38,25.409999999999982,2,0,0,0,0,0,0,0.0,0.0,0.0,0.0,0.0,0.0,0
6,1,-4,-2,0,1,-2.6999999999999886,2.5,-5.1000000000000005,-4.88,51.859999999999985,-2,0,0,0,0,0,0,0.0,0.0,0.0,0.0,0.0,0.0,0
5,2,2,-4,1,0,13.299999999999997,-5.5,18.22,17.38,-17.250000000000014,6,0,0,0,0,0,0,0.0,0.0,0.0,0.0,0.0,0.0,1
3,1,0,2,0,1,-3.200000000000003,2.0999999999999943,-5.4399999999999995,-5.220000000000001,3.8700000000000045,-2,0,0,0,0,0,0,0.0,0.0,0.0,0.0,0.0,0.0,0
2,3,2,-4,1,1,7.299999999999997,-3.5,10.879999999999999,10.31,13.200000000000003,6,0,0,0,0,0,0,0.0,0.0,0.0,0.0,0.0,0.0,1
5,2,-4,0,0,1,-3.0999999999999943,7.0,-9.99,-8.7,-20.559999999999974,-4,0,0,0,0,0,0,0.0,0.0,0.0,0.0,0.0,0.0,0
2,5,-2,0,1,0,4.299999999999997,1.2000000000000028,3.09,3.66,19.89,-2,0,0,0,0,0,0,0.0,0.0,0.0,0.0,0.0,0.0,1
12,11,4,0,1,0,8.099999999999994,-4.299999999999997,12.11,12.100000000000001,-12.040000000000006,4,0,0,0,0,0,0,0.0,0.0,0.0,0.0,0.0,0.0,1
5,3,-2,0,1,1,2.200000000000003,3.0,-0.9599999999999995,-0.8199999999999998,-20.75,-2,0,0,0,0,0,0,0.0,0.0,0.0,0.0,0.0,0.0,1
2,2,-4,2,0,1,-9.099999999999994,12.900000000000006,-22.21,-21.21,-3.6999999999999886,-6,0,0,0,0,0,0,0.0,0.0,0.0,0.0,0.0,0.0,0
2,2,-6,-2,1,1,1.7999999999999972,2.0999999999999943,-0.2400000000000002,-0.09999999999999964,9.480000000000004,-4,0,0,0,0,0,0,0.0,0.0,0.0,0.0,0.0,0.0,1
5,3,0,2,0,1,-3.299999999999997,3.0,-6.279999999999999,-6.23,22.630000000000003,-2,0,0,0,0,0,0,0.0,0.0,0.0,0.0,0.0,0.0,0
2,11,0,6,0,1,1.6000000000000085,5.900000000000006,-4.18,-4.26,-0.15000000000000568,-6,0,0,0,0,0,0,0.0,0.0,0.0,0.0,0.0,0.0,0
7,2,2,2,1,1,0.6000000000000085,3.9000000000000057,-3.29,-3.5199999999999996,45.38,0,0,0,0,0,0,0,0.0,0.0,0.0,0.0,0.0,0.0,1
7,2,0,4,1,1,5.199999999999989,6.1000000000000085,-1.0099999999999998,-0.71,-36.67,-4,0,0,0,0,0,0,0.0,0.0,0.0,0.0,0.0,0.0,1
2,2,2,-6,1,0,13.299999999999997,-5.5,18.22,17.38,-17.250000000000014,8,0,0,0,0,0,0,0.0,0.0,0.0,0.0,0.0,0.0,1
3,3,-2,-2,0,1,-10.0,1.5,-11.21,-10.54,15.060000000000002,0,0,0,0,0,0,0,0.0,0.0,0.0,0.0,0.0,0.0,0
5,7,2,4,1,1,5.200000000000003,-2.0999999999999943,7.309999999999999,7.130000000000001,-40.92999999999999,-2,0,0,0,0,0,0,0.0,0.0,0.0,0.0,0.0,0.0,0
6,2,0,-4,1,1,6.700000000000003,-6.199999999999989,13.0,12.25,14.32999999999997,4,0,0,0,0,0,0,0.0,0.0,0.0,0.0,0.0,0.0,0
2,5,-4,4,1,1,-2.1999999999999886,2.6000000000000085,-4.67,-4.46,2.9599999999999795,-8,0,0,0,0,0,0,0.0,0.0,0.0,0.0,0.0,0.0,0
3,9,6,-2,1,0,0.9000000000000057,0.30000000000001137,0.5800000000000001,0.3900000000000001,6.560000000000002,8,0,0,0,0,0,0,0.0,0.0,0.0,0.0,0.0,0.0,1
9,4,0,-2,1,1,-4.6000000000000085,-5.200000000000003,0.6199999999999997,0.9999999999999996,-9.619999999999997,2,0,0,0,0,0,0,0.0,0.0,0.0,0.0,0.0,0.0,0
3,8,0,-2,1,0,2.9000000000000057,-3.0,6.05,5.53,-11.970000000000013,2,0,0,0,0,0,0,0.0,0.0,0.0,0.0,0.0,0.0,1
2,7,4,-4,1,1,5.3999999999999915,-8.900000000000006,14.34,13.66,2.7299999999999898,8,0,0,0,0,0,0,0.0,0.0,0.0,0.0,0.0,0.0,1
2,2,-6,2,0,1,-9.899999999999991,12.400000000000006,-22.299999999999997,-21.29,0.46000000000000796,-8,0,0,0,0,0,0,0.0,0.0,0.0,0.0,0.0,0.0,0
9,2,-2,-2,1,0,3.9000000000000057,2.4000000000000057,1.5300000000000002,1.9500000000000002,-12.039999999999992,0,0,0,0,0,0,0,0.0,0.0,0.0,0.0,0.0,0.0,1
4,2,2,6,0,1,-0.09999999999999432,1.4000000000000057,-1.3600000000000003,-1.2799999999999998,-9.31000000000001,-4,0,0,0,0,0,0,0.0,0.0,0.0,0.0,0.0,0.0,0
2,4,0,2,1,1,-4.200000000000003,0.0,-4.2,-4.12,-25.159999999999997,-2,0,0,0,0,0,0,0.0,0.0,0.0,0.0,0.0,0.0,1
2,7,0,-4,1,1,0.5,-3.0999999999999943,3.48,3.13,-13.140000000000015,4,0,0,0,0,0,0,0.0,0.0,0.0,0.0,0.0,0.0,1
