delta_ws_total,delta_ws_of,delta_ws_def,delta_per,delta_usg,delta_bpm,delta_rating_of_jug,delta_rating_def_jug,delta_efg,delta_faltas_cometidas,delta_perdidas_balon,delta_puntos,delta_asistencias,delta_rebotes_totales,delta_robos,delta_tapones,delta_tiros_libres,delta_real_puntos,delta_real_asistencias,delta_real_reb_def,delta_real_robos,delta_real_tapones,equipo1_gana
0.9337581699346398,0.6980718954248362,0.11154901960784303,3.2064705882352946,2.705032679738558,1.8519607843137256,1.5751633986928226,-3.0686274509803866,0.004375816993464121,0.196078431372549,0.2222222222222222,-0.04248366013072058,-0.11764705882352944,0.13725490196078427,-0.15359477124182996,0.09150326797385616,-66.10500367647059,2.916666666666666,1.3333333333333333,0.21969696969696972,0.3787878787878788,0.022727272727272707,1
1.1691478696741853,0.6677418546365912,0.43408771929824597,1.4368170426065188,-0.3703759398496267,0.8550501253132834,-8.012531328320804,3.6140350877193015,-55.49430952380952,-0.05012531328320802,-0.20050125313283218,0.45112781954887193,0.010025062656641603,0.3333333333333335,0.05012531328320807,0.02756892230576441,-117.58551470588235,-0.44444444444444464,0.31111111111111134,-0.7888888888888888,0.25555555555555554,0.6888888888888889,1
-1.8839999999999995,-1.0111000000000006,-0.8065,-5.505999999999997,-3.785499999999999,-3.5321,-0.7000000000000028,0.29999999999999716,62.458915789473686,-0.19999999999999996,-0.2500000000000001,1.200000000000001,0.19999999999999973,0.6499999999999999,0.0,-0.10000000000000003,-52.630263157894746,1.3166666666666664,-0.46666666666666634,-0.06666666666666643,-0.2333333333333334,-0.4666666666666666,0
-1.8220433436532506,-1.391569659442725,-0.5579442724458203,-1.6757275541795664,0.13811145510836198,-1.2618359133126937,13.541795665634666,-0.49845201238389336,0.07981114551083607,-0.15170278637770895,0.015479876160990669,0.4922600619195041,0.32507739938080515,0.8080495356037156,0.15170278637770895,0.3777089783281734,117.52972445820433,1.7333333333333343,0.6777777777777776,0.5666666666666664,0.5333333333333332,0.4,1
0.18866873065015355,-0.23099690402476813,0.6674396284829713,0.6661300309597458,-0.1131888544891666,-0.163625386996904,-3.941176470588232,0.9287925696594499,0.021281733746130127,0.2321981424148607,0.13003095975232193,-0.48606811145510775,0.03405572755417996,-0.003095975232198178,0.07120743034055732,-0.14860681114551083,55.48052777777779,0.35000000000000053,0.1333333333333333,0.06666666666666643,-0.11666666666666664,0.1333333333333333,0
-0.025845410628019927,-0.05638405797101509,-0.04388405797101447,-1.3409903381642536,-2.5193236714975917,-1.01518115942029,5.765700483091791,5.485507246376812,0.014939613526570028,-0.25120772946859904,0.048309178743961345,1.3091787439613523,0.34782608695652195,0.07246376811594235,0.24637681159420288,0.08212560386473433,0.03491062801932365,-0.4725274725274726,-0.543956043956044,-0.25274725274725274,0.02197802197802201,-0.48901098901098905,0
0.22129411764705909,0.2677941176470593,0.09575,1.3132941176470592,2.632617647058815,1.2513264705882354,-7.917647058823533,1.711764705882345,-0.03376764705882351,-0.2617647058823531,-0.45882352941176463,0.07941176470588296,0.35882352941176454,0.4117647058823528,0.16176470588235292,0.11470588235294116,-9.832305921052644,-2.3076923076923084,-0.3076923076923077,-0.3076923076923075,-0.15384615384615385,-0.23076923076923073,0
-1.1444886363636368,-0.8834261363636362,-0.2653295454545459,-2.917500000000004,-3.9127840909090885,-2.288931818181818,12.357954545454547,-5.994318181818187,0.05057386363636357,0.28409090909090917,0.4943181818181819,0.028409090909091717,-0.6079545454545454,0.26704545454545414,-0.17613636363636365,-0.125,-0.028818181818181854,-0.5,-0.10000000000000009,-1.3999999999999995,0.20000000000000007,-0.6,0
-0.7717894736842106,-0.35948947368421047,-0.4293947368421054,-0.18742105263158138,0.055184210526316946,-1.0771631578947365,-9.84210526315789,2.881578947368425,-0.044707894736842224,-0.594736842105263,-0.5736842105263157,3.1421052631578954,0.37368421052631584,0.8078947368421052,0.5026315789473683,0.12368421052631579,-157.79415789473686,1.7115384615384617,0.4166666666666665,-0.0064102564102563875,0.9423076923076923,0.6794871794871795,1
-0.6069999999999993,-0.4833555555555562,-0.12811666666666666,-1.9379444444444403,-2.460777777777782,-1.3432999999999997,-0.51111111111112,5.327777777777769,0.002083333333333326,-0.3388888888888888,-0.5,1.761111111111111,0.37222222222222223,0.9388888888888891,0.4444444444444444,0.02777777777777779,-52.59547953216374,0.9454545454545453,-0.4454545454545453,0.9545454545454546,0.0636363636363636,0.4454545454545455,0
-1.1015000000000001,-0.7262,-0.3608555555555555,-3.2582222222222246,-3.4705555555555527,-1.9944166666666665,1.2777777777777715,-7.799999999999997,0.0063777777777778155,0.10555555555555562,0.12222222222222223,-0.8055555555555554,-0.22222222222222232,0.011111111111111072,0.19444444444444442,-0.09999999999999998,49.966144444444446,0.7545454545454557,0.42727272727272725,0.34545454545454524,-0.1909090909090908,-0.7181818181818183,0
0.8253560371517032,0.7449535603715172,-0.0011578947368422465,1.625386996904023,2.2543653250774014,0.5585015479876159,-8.012383900928796,3.9164086687306536,-0.0017120743034056418,0.009287925696594312,-0.15170278637770895,-0.043343653250774494,-0.27554179566563475,0.4241486068111455,0.07739938080495357,0.34984520123839,-0.042542763157894514,-1.333333333333334,-0.9642857142857144,-0.5833333333333335,-0.09523809523809523,-0.023809523809523836,0
-0.573888888888888,-0.45561111111111074,-0.21050000000000013,-1.0988888888888901,-1.0727777777777732,-0.2899999999999998,4.1111111111111,7.333333333333329,0.00915359477124189,-0.3333333333333335,-0.4999999999999999,0.055555555555557135,0.11111111111111116,-0.2777777777777777,0.0,-0.055555555555555525,-58.76252941176471,-1.428571428571428,0.4285714285714286,-0.5,0.1428571428571429,0.21428571428571427,0
1.470350877192982,1.0248362573099423,0.5644736842105265,0.6830994152046781,0.3242982456140382,0.5624385964912277,8.89473684210526,-0.8274853801169684,0.0516286549707603,-0.4590643274853803,0.16374269005847963,0.8362573099415211,-0.2748538011695907,0.2719298245614037,0.06725146198830412,0.08187134502923976,0.003368421052631687,0.8461538461538449,-0.2307692307692304,-0.5384615384615388,0.23076923076923073,0.0,1
0.2117647058823522,-0.04888854489164096,0.33414860681114567,0.00792569659443032,0.6795046439628436,-0.19584210526315793,-2.1950464396284843,7.996904024767801,0.010730650154798682,0.16099071207430327,-0.052631578947368474,0.21052631578947434,0.28792569659442724,0.021671826625387247,-0.41795665634674917,-0.10835913312693501,9.85837171052632,-1.6318681318681314,0.30219780219780246,0.08791208791208804,0.09340659340659341,-0.5,0
-0.12894736842105248,-0.19715497076023403,0.04642105263157914,0.8276900584795346,-0.3339473684210539,0.9283596491228072,-3.187134502923982,5.1140350877193015,-55.48544444444444,0.19590643274853803,-0.049707602339181256,0.8479532163742682,-0.06140350877192979,0.5555555555555554,0.19298245614035087,0.011695906432748537,-55.078577205882354,-1.5,-0.5666666666666664,-0.6000000000000001,0.36666666666666664,-0.0222222222222222,0
0.3350154798761613,0.07031269349845193,0.016349845201238722,0.9954489164086713,1.236346749226012,1.5790464396284831,4.835913312693492,-6.086687306501545,0.0019287925696594987,0.08359133126934992,0.1331269349845201,-0.5665634674922604,-0.0866873065015481,0.1609907120743035,0.034055727554179516,0.20123839009287925,0.02309210526315786,1.3636363636363633,0.5454545454545454,0.4545454545454546,0.2727272727272727,0.36363636363636365,1
-0.07704347826086888,0.09671739130434842,-0.0890326086956521,2.0384347826086966,2.398934782608695,0.9454978260869566,-4.84347826086956,-3.3521739130434867,-0.034867391304347795,-0.15434782608695663,-0.22608695652173894,-0.5369565217391301,-0.04782608695652213,0.26086956521739113,-0.1630434782608695,0.04565217391304344,52.605109839816926,1.537878787878789,0.6893939393939397,1.772727272727273,0.08333333333333337,0.7651515151515151,1
-2.255775401069519,-1.620775401069519,-0.58342513368984,-2.8794117647058837,-1.4138502673796793,-2.745122994652407,11.692513368983953,-0.917112299465245,0.07384224598930483,-0.03208556149732611,0.32887700534759357,0.7673796791443852,0.042780748663101775,0.13101604278074852,0.07754010695187163,0.08823529411764708,117.50306417112299,1.8888888888888893,0.5777777777777775,0.45555555555555527,0.5222222222222224,0.6,1
0.43370588235294116,0.10955588235294078,0.16749999999999998,3.2887058823529376,0.22138235294117692,1.6999735294117646,-2.982352941176458,-0.5117647058823422,-62.464482352941175,0.061764705882352944,0.1588235294117648,0.17058823529411704,-0.10882352941176454,-0.21176470588235263,-0.061764705882352944,-0.06470588235294117,9.929516447368428,1.647435897435897,0.41025641025641035,0.21794871794871806,0.8525641025641024,-0.05128205128205132,1
-1.2226470588235285,-0.5515441176470595,-0.6688823529411763,-3.328470588235291,-3.3405882352941205,-2.046244117647059,-8.152941176470591,0.43529411764706083,-0.02044891640866875,-0.07941176470588229,-0.15000000000000002,0.6647058823529424,0.26764705882352935,0.37941176470588234,0.1147058823529411,-0.047058823529411764,19.746378289473682,3.716666666666667,-0.28333333333333344,1.0666666666666664,-0.11666666666666664,-0.06666666666666671,1
-0.7501250000000002,-0.7208625000000002,-0.1623249999999996,-3.815999999999999,-5.0298750000000005,-2.3925499999999995,6.912499999999994,-3.762500000000003,0.028187500000000032,-0.07499999999999996,-0.1875,1.0875000000000004,0.08749999999999991,0.8624999999999998,0.1875,0.125,-52.606368421052636,0.8461538461538467,-0.46153846153846145,0.7371794871794872,0.10256410256410264,-0.3589743589743589,1
-0.4671111111111115,-0.24153333333333338,-0.14583333333333348,0.6215555555555543,0.290388888888895,-0.0790666666666664,-13.722222222222229,-3.5833333333333286,-0.04427222222222238,-0.14444444444444438,-0.3222222222222223,1.0777777777777784,-0.10000000000000009,0.31666666666666643,0.11666666666666659,-0.12777777777777777,-157.84133625730996,-2.7062937062937067,-0.8811188811188808,-0.36363636363636376,-0.5244755244755244,-0.13286713286713286,0
0.5108823529411772,0.3405032679738562,0.22383333333333288,0.9817320261437921,0.9336928104575151,0.507264705882353,-4.22875816993465,9.483660130718945,0.017568627450980367,-0.30065359477124187,-0.4411764705882353,1.6993464052287575,0.10457516339869288,0.9183006535947715,0.1797385620915033,0.10130718954248366,0.051451388888889116,-1.9047619047619042,-1.0,-0.3452380952380949,-0.40476190476190477,-0.011904761904761862,0
0.5680952380952373,0.2974523809523806,0.2856111111111115,-1.0119841269841316,-3.4469841269841233,-0.6146428571428568,-3.603174603174608,-3.8333333333333286,-0.02286507936507931,0.031746031746031855,0.12698412698412698,-1.341269841269841,-0.31746031746031766,-0.05555555555555536,-0.031746031746031744,-0.2619047619047619,-0.06580555555555556,2.0666666666666664,0.16666666666666652,0.5444444444444447,0.3111111111111111,0.15555555555555556,1
0.3052631578947369,0.5066842105263154,-0.1742631578947369,0.6926315789473687,0.6242105263157924,0.10799999999999976,-4.05263157894737,-5.421052631578945,-0.02178947368421058,0.3157894736842104,0.26315789473684204,-2.473684210526317,-0.6315789473684212,-0.26315789473684204,-0.21052631578947367,0.05263157894736842,-0.10089473684210537,0.9444444444444446,0.38888888888888884,0.9222222222222225,-0.42222222222222217,0.4222222222222223,0
0.7632647058823516,0.5107588235294114,0.5012117647058827,1.9062941176470591,0.7902941176470542,1.07125,0.1470588235294059,4.770588235294113,-0.009158823529411886,-0.020588235294117796,0.10000000000000009,0.75,0.23529411764705888,0.3058823529411767,-0.22058823529411764,0.07058823529411762,12.462487500000002,0.655555555555555,-0.7777777777777777,-0.2999999999999998,1.0444444444444443,-0.05555555555555558,0
-0.08995215311004667,0.3898899521531103,-0.6583086124401905,-0.4578947368420998,0.42880382775119585,0.06786602870813385,0.9545454545454533,5.576555023923447,-0.01724162679425839,-0.43540669856459346,-0.5765550239234449,0.777511961722487,0.3349282296650715,0.5191387559808618,-0.031100478468899517,0.2368421052631579,-55.476959595959606,-0.8000000000000007,-1.2999999999999998,0.10000000000000009,-0.20000000000000007,-0.09999999999999998,0
-1.5951111111111107,-1.1576277777777773,-0.24916666666666676,-5.384,-3.1499444444444364,-3.337816666666667,5.877777777777766,2.933333333333323,62.47498888888889,-0.31666666666666665,-0.3222222222222223,0.5777777777777793,0.04999999999999982,0.1333333333333333,0.03888888888888886,-0.14444444444444443,-6.27163777089784,-2.3888888888888893,0.625,0.8888888888888888,-0.8055555555555556,0.02777777777777779,0
0.5875163398692815,0.5924607843137257,-0.12883333333333336,0.9964052287581726,1.8557843137254864,1.3478431372549022,1.2156862745097925,4.911764705882348,-0.0013529411764704458,-0.07843137254901977,-0.3366013071895424,-0.6928104575163392,0.16993464052287588,-0.19934640522875835,0.022875816993464082,0.15359477124183007,-62.4204080882353,-0.717948717948719,0.0064102564102563875,-0.5128205128205128,-0.5,-0.019230769230769273,0
0.7960000000000003,0.11575263157894788,0.4992368421052631,-0.018368421052629813,1.9227105263157895,0.6170578947368418,6.15789473684211,8.276315789473685,0.04433947368421065,0.331578947368421,0.047368421052631504,-1.0894736842105255,0.15263157894736845,-0.3342105263157893,-0.3973684210526315,-0.22894736842105268,105.23063157894738,-1.9835164835164845,0.027472527472527375,0.10989010989010994,-0.7252747252747251,-0.2417582417582418,0
-0.2956470588235298,-0.00367058823529387,-0.09387352941176541,1.106735294117641,1.4327058823529413,0.007858823529411474,2.4588235294117737,4.273529411764713,0.026426470588235274,0.15588235294117636,0.23529411764705888,-0.7676470588235293,-0.32647058823529385,-0.07941176470588207,-0.32352941176470584,-0.16176470588235292,52.581118421052636,2.9333333333333336,1.7666666666666666,1.0666666666666667,0.16666666666666674,0.016666666666666663,1
-0.2770526315789472,-0.11828947368421083,-0.17517105263157906,-2.389578947368422,-1.809552631578942,-1.2106763157894738,7.431578947368422,-3.2473684210526272,55.50481666666666,0.3763157894736844,0.5052631578947367,-2.2868421052631582,-0.40526315789473677,-1.0,-0.27631578947368424,-0.1394736842105263,64.92013312693499,3.262626262626263,0.5858585858585861,0.46464646464646453,0.18181818181818177,0.5252525252525252,1
0.15145833333333458,0.1371736111111106,0.012375000000000025,2.1286111111111143,1.4902083333333316,1.8364166666666666,-10.3125,6.0347222222222285,-0.024381944444444525,0.3472222222222223,0.07638888888888884,-0.3263888888888893,0.2847222222222223,-0.4791666666666665,0.03472222222222221,0.06944444444444442,-0.01200000000000001,0.3000000000000007,0.19999999999999973,1.2999999999999998,-0.4,0.39999999999999997,1
-0.9436842105263157,-0.6164473684210532,-0.469418128654971,0.5830116959064355,2.8329239766081784,-0.21893859649122782,-5.672514619883032,3.60526315789474,-0.036961988304093585,0.18128654970760238,-0.2748538011695908,-0.8918128654970765,0.2748538011695907,-0.7163742690058483,-0.23391812865497075,-0.02631578947368418,0.01968713450292392,2.5174825174825175,0.6713286713286715,1.0209790209790208,-0.18881118881118886,0.2097902097902098,1
1.2980952380952377,0.8648968253968252,0.3876666666666668,0.6091269841269842,-0.03642857142857281,-0.07330952380952382,-4.8253968253968225,-1.5,-0.008865079365079409,-0.24603174603174605,-0.15079365079365092,-0.3968253968253963,0.0714285714285714,-0.22222222222222188,-0.1428571428571428,0.015873015873015872,-62.5069375,0.44444444444444464,0.0,0.5555555555555554,-0.4444444444444444,-0.22222222222222227,1
1.1519565217391303,0.7304673913043489,0.4542173913043479,2.9424347826086965,3.3304347826087017,1.5262978260869564,6.756521739130434,-4.852173913043487,0.00446681922196801,0.2456521739130435,0.323913043478261,-1.9869565217391312,-0.49782608695652186,-0.589130434782609,-0.2630434782608695,0.09565217391304348,105.13816247139589,-2.7474747474747474,0.8787878787878787,-1.0505050505050506,-0.2727272727272727,-0.08080808080808077,0
0.2537426900584796,0.4009912280701755,-0.027192982456140324,-0.92423976608187,-1.1399415204678434,-1.1849385964912282,-3.1725146198830316,3.096491228070164,-0.033383040935672514,-0.3450292397660819,-0.14619883040935666,0.9064327485380108,0.26315789473684204,-0.29824561403508776,0.1228070175438597,-0.011695906432748537,0.031546783625730934,0.3681318681318677,0.10439560439560425,-0.26923076923076916,0.10439560439560447,-0.016483516483516508,1
0.3052631578947369,0.5066842105263154,-0.1742631578947369,0.6926315789473687,0.6242105263157924,0.10799999999999976,-4.05263157894737,-5.421052631578945,-0.02178947368421058,0.3157894736842104,0.26315789473684204,-2.473684210526317,-0.6315789473684212,-0.26315789473684204,-0.21052631578947367,0.05263157894736842,-0.10089473684210537,1.8333333333333321,0.08333333333333348,0.4166666666666665,0.0,0.0,1
1.2394117647058822,1.116359133126935,0.23173374613003106,1.996780185758512,-1.2112693498452032,1.9087832817337467,-2.8049535603715157,-7.291021671826627,-0.046495356037151825,0.30959752321981426,0.4055727554179568,-1.3869969040247678,-0.6408668730650156,-0.492260061919505,0.006191950464396245,-0.009287925696594423,-64.95056656346749,-0.3116883116883127,-0.32467532467532445,-0.4805194805194808,0.29220779220779225,0.49350649350649345,1
0.05561764705882277,0.07764117647058799,0.06380000000000008,0.7598235294117632,0.4585294117647081,0.35648529411764723,2.617647058823536,-1.4058823529411768,-0.04033529411764708,-0.138235294117647,0.04117647058823537,0.16176470588235325,0.11764705882352944,0.07058823529411784,0.014705882352941124,-0.2235294117647059,-50.0177625,-3.1999999999999993,-1.2384615384615387,-0.8615384615384616,-0.3307692307692308,0.18461538461538463,0
-0.5373529411764695,-0.20277941176470637,-0.42117647058823504,-1.5302352941176416,-0.7147058823529413,-0.11700882352941155,-10.858823529411765,-3.623529411764707,-0.050860681114551054,-0.25588235294117645,-0.3852941176470589,1.0176470588235293,0.32647058823529385,0.37941176470588234,0.17352941176470582,0.0117647058823529,-105.11843421052632,1.4454545454545453,0.32727272727272716,0.8636363636363638,0.0636363636363636,0.23636363636363633,1
-1.8316339869281046,-1.3555784313725492,-0.22763725490196074,-2.980522875816993,-0.10460784313725568,-2.4736078431372555,0.3137254901960773,-2.735294117647058,0.03394117647058825,-0.27450980392156854,-0.07516339869281063,1.398692810457515,0.47712418300653603,0.7875816993464055,0.3300653594771241,0.19934640522875818,117.50935294117646,-1.5444444444444443,0.5333333333333337,-0.47777777777777786,0.42222222222222217,0.36666666666666664,0
0.8372222222222216,0.8206111111111105,-0.1469999999999998,1.4794444444444466,0.17555555555554747,0.3168333333333333,5.944444444444457,-2.0,0.0033333333333334103,0.11111111111111116,0.44444444444444453,-0.055555555555557135,0.0,0.0,-0.05555555555555547,0.2222222222222222,58.81444771241831,0.8461538461538449,0.4615384615384617,-0.0769230769230771,-0.1538461538461538,-0.07692307692307693,1
1.5353157894736835,0.577323684210526,1.0527631578947363,4.641894736842101,2.957605263157891,3.2514657894736843,-14.099999999999994,-2.9947368421052545,-62.48849473684211,0.1763157894736842,-0.0052631578947368585,-0.6684210526315795,0.16052631578947407,-0.27368421052631575,0.24473684210526314,-0.0368421052631579,2.992356725146209,-0.28888888888888964,0.8444444444444443,-0.48888888888888893,0.7333333333333333,-0.36666666666666664,1
0.22764705882352976,0.3500000000000003,-0.02988235294117625,-1.1111764705882319,0.22352941176470154,-0.21411764705882358,-4.47058823529413,0.6470588235294059,-0.014882352941176458,0.05882352941176472,-0.05882352941176472,-0.7058823529411757,0.17647058823529416,-0.05882352941176494,0.17647058823529405,0.11764705882352944,62.447125,0.5555555555555554,0.34444444444444455,0.1333333333333333,-0.11111111111111116,-0.16666666666666669,0
0.01423529411764779,-0.0365588235294112,-0.11366176470588263,1.2927058823529372,1.413205882352944,0.66415,-4.447058823529403,-1.1705882352941188,-0.030591176470588177,-0.37941176470588234,-0.3999999999999999,0.5500000000000007,0.06470588235294095,0.2941176470588234,0.22058823529411764,-0.12058823529411766,-9.829055921052642,-2.7474747474747474,-0.49494949494949525,-0.8383838383838378,-0.030303030303030276,-0.030303030303030276,0
-0.17400000000000038,0.2261000000000002,-0.2505500000000005,1.7994999999999965,1.819500000000005,0.32289999999999996,-9.599999999999994,-2.299999999999997,-0.04930000000000012,-0.25,-0.09999999999999998,0.6499999999999995,-0.25,0.10000000000000009,-0.050000000000000044,-0.09999999999999998,-105.20557894736842,0.8454545454545457,0.42727272727272725,0.6545454545454548,0.04545454545454547,0.3545454545454546,0
0.15145833333333458,0.1371736111111106,0.012375000000000025,2.1286111111111143,1.4902083333333316,1.8364166666666666,-10.3125,6.0347222222222285,-0.024381944444444525,0.3472222222222223,0.07638888888888884,-0.3263888888888893,0.2847222222222223,-0.4791666666666665,0.03472222222222221,0.06944444444444442,-0.01200000000000001,-0.5,0.20000000000000018,0.20000000000000018,0.0,0.39999999999999997,0
1.4786842105263158,0.9245029239766089,0.5426403508771935,0.9336549707602337,-0.7545906432748488,1.3496052631578943,6.005847953216374,-3.8830409356725113,0.05335087719298248,0.15204678362573087,0.5526315789473685,-0.16374269005847886,-0.2748538011695907,-0.2836257309941521,-0.1549707602339181,0.2485380116959064,-0.01952046783625727,-1.4155844155844166,-0.25324675324675305,-0.5389610389610389,0.006493506493506551,0.40259740259740256,1
-0.5680952380952373,-0.2974523809523806,-0.2856111111111115,1.0119841269841316,3.4469841269841233,0.6146428571428568,3.603174603174608,3.8333333333333286,0.02286507936507931,-0.031746031746031855,-0.12698412698412698,1.341269841269841,0.31746031746031766,0.05555555555555536,0.031746031746031744,0.2619047619047619,0.06580555555555556,-0.7666666666666657,-0.6777777777777776,-0.18888888888888866,0.14444444444444438,0.43333333333333346,1
-0.5094736842105263,-0.6638391812865498,0.1961578947368423,-0.7480994152046776,-2.652894736842107,0.5380964912280705,5.339181286549703,2.9561403508771917,0.021669590643275005,0.301169590643275,0.26608187134502925,-0.25730994152046804,-0.00877192982456143,-0.3391812865497079,-0.17543859649122806,-0.30409356725146197,62.53529276315789,0.37179487179487225,0.5064102564102564,-0.4487179487179489,0.19871794871794873,0.12820512820512825,1
0.3708668730650162,0.324099071207431,-0.007938080495356381,-0.3289783281733758,0.3936532507739976,-0.4511052631578949,-8.541795665634666,-0.2074303405572806,-0.044046439628482925,-0.3188854489164086,-0.368421052631579,0.6842105263157894,0.02786377708978316,-0.33746130030959787,0.26006191950464397,-0.26006191950464397,-62.43752960526316,-2.0999999999999996,0.25555555555555554,-0.37777777777777777,0.06666666666666671,0.15555555555555556,0
-1.5447368421052636,-0.9867368421052638,-0.6178947368421055,-1.8657894736842149,-0.24368421052631817,-1.688631578947368,-1.2631578947368354,-3.8421052631578902,55.43448245614035,0.26315789473684226,0.05263157894736836,-2.6842105263157894,-0.052631578947368585,-1.1052631578947372,-0.31578947368421056,-0.3157894736842105,117.53939628482972,0.6666666666666661,1.1666666666666665,0.6444444444444448,-0.6444444444444444,0.0222222222222222,0
0.19500000000000028,0.2593888888888889,0.028833333333332822,0.10444444444444656,1.3322222222222209,-0.5893333333333335,-1.5555555555555571,2.6111111111111,-0.002388888888888996,-0.6111111111111112,-0.5555555555555556,2.0,0.38888888888888906,0.8333333333333339,0.2777777777777778,0.05555555555555558,-62.44129861111111,-0.6923076923076916,0.0,-0.5769230769230771,-0.10897435897435892,-0.358974358974359,0
-0.5200928792569663,-0.23826934984520176,-0.17310526315789465,-0.9327554179566544,-1.630154798761609,-0.45050154798761616,3.9597523219814263,-9.337461300309599,-0.02007739938080494,0.3065015479876161,0.414860681114551,-2.4303405572755423,-0.3560371517027865,-0.6873065015479876,-0.28792569659442724,-0.29721362229102166,-0.058351973684210856,0.7051282051282044,0.6987179487179487,-1.1474358974358974,0.8205128205128205,0.1923076923076923,1
0.7903636363636366,0.5898636363636363,0.13120454545454585,-0.4179999999999957,0.5324090909090948,0.36803181818181807,-2.2454545454545496,1.3818181818181898,-0.007486363636363513,-0.05909090909090908,-0.28181818181818197,-0.14090909090909243,0.2454545454545456,0.04545454545454586,0.11363636363636365,0.15000000000000002,-52.58181339712918,0.5,-0.6000000000000001,-0.3999999999999999,0.0,0.30000000000000004,1
-1.1133893557422971,-0.8172464985994397,-0.3546666666666669,-0.3605322128851558,-0.4526890756302464,-0.895700280112045,8.498599439775916,-2.0784313725490193,0.023260504201680576,-0.06442577030812324,0.15406162464986006,1.7563025210084033,0.036414565826330625,0.2549019607843137,0.06442577030812324,-0.0028011204481792618,62.497687500000005,1.166666666666666,1.1742424242424243,-0.40909090909090917,0.6212121212121213,0.16666666666666666,1
0.28888888888888875,-0.1465277777777767,0.5573333333333332,0.12199999999999633,0.6355555555555625,0.19428333333333314,6.577777777777769,2.6333333333333258,0.016073099415204628,-0.1166666666666667,-0.07222222222222219,-0.6222222222222218,-0.1499999999999999,-0.5166666666666666,0.03888888888888886,-0.0444444444444444,46.358625386996906,1.5,1.209090909090909,1.0999999999999996,0.0,0.04545454545454547,1
0.7320434782608691,0.28063260869565165,0.3522826086956521,2.5635652173913,0.45506521739129724,2.005802173913043,-6.056521739130432,4.5521739130434895,-62.46338260869565,-0.04565217391304355,-0.07391304347826089,0.7869565217391301,0.29782608695652213,-0.06086956521739095,0.2630434782608695,0.004347826086956552,-52.50789931350114,-3.0303030303030294,-1.01010101010101,-1.4747474747474745,0.19191919191919193,-0.19191919191919193,0
1.8316339869281046,1.3555784313725492,0.22763725490196074,2.980522875816993,0.10460784313725568,2.4736078431372555,-0.3137254901960773,2.735294117647058,-0.03394117647058825,0.27450980392156854,0.07516339869281063,-1.398692810457515,-0.47712418300653603,-0.7875816993464055,-0.3300653594771241,-0.19934640522875818,-117.50935294117646,-1.2424242424242422,-0.202020202020202,-0.404040404040404,-0.2020202020202021,0.12121212121212122,1
0.8739628482972126,0.11776780185758495,0.9151455108359126,2.464365325077395,2.5126934984520126,1.7656099071207432,-6.647058823529406,-3.130030959752318,-0.009130030959752178,0.05572755417956654,-0.10526315789473695,-0.13312693498452077,0.09287925696594446,-0.003095975232198178,0.13003095975232204,-0.08978328173374617,-69.38428472222222,-2.6111111111111107,-0.75,-0.8194444444444446,-0.33333333333333337,-0.16666666666666669,0
-0.12164705882352944,-0.22977058823529406,0.15667647058823508,-0.6927647058823556,-0.38679411764706373,-0.3150411764705885,12.058823529411768,6.57352941176471,0.0757264705882354,0.40588235294117636,0.33529411764705885,-1.4176470588235288,-0.07647058823529385,-0.17941176470588216,-0.2735294117647058,-0.061764705882352944,157.78669736842107,-0.627272727272727,-0.40909090909090917,0.49090909090909074,-0.3545454545454546,-0.6181818181818182,1
0.0393684210526315,0.06664210526315806,-0.07752368421052669,2.102184210526312,2.6690526315789533,1.5869052631578946,7.294736842105266,-1.8131578947368325,0.028355263157894772,0.23947368421052628,0.368421052631579,-1.3342105263157897,-0.41315789473684195,0.08157894736842142,-0.2894736842105263,0.03947368421052633,52.60421052631579,-1.0,0.0,0.0,-0.07692307692307698,0.07692307692307693,0
-0.023333333333334316,0.24183625730994152,-0.09873684210526301,-0.09374269005848213,-0.20254385964912558,-0.3838245614035086,6.84210526315789,-8.248538011695913,0.0011549707602339643,-0.35380116959064334,0.16374269005847963,-0.32163742690058506,-0.2748538011695907,-0.1491228070175441,0.22514619883040932,0.13450292397660824,52.593315789473685,0.32692307692307665,0.3205128205128205,-0.6346153846153846,0.8846153846153846,-0.038461538461538436,1
-0.5200928792569663,-0.23826934984520176,-0.17310526315789465,-0.9327554179566544,-1.630154798761609,-0.45050154798761616,3.9597523219814263,-9.337461300309599,-0.02007739938080494,0.3065015479876161,0.414860681114551,-2.4303405572755423,-0.3560371517027865,-0.6873065015479876,-0.28792569659442724,-0.29721362229102166,-0.058351973684210856,-0.09090909090909172,0.27972027972028,-0.5874125874125875,-0.2517482517482517,0.14685314685314688,1
-0.880973684210526,-0.8225947368421052,-0.06264210526315783,-2.3852105263157863,-2.7128947368421095,-0.9149868421052632,5.39473684210526,-2.510526315789477,0.04204736842105272,0.1289473684210527,0.11052631578947358,-0.11842105263157876,0.1578947368421053,-0.49473684210526336,-0.09210526315789469,-0.12631578947368416,50.06030526315789,-0.09999999999999964,0.7000000000000002,0.10000000000000009,0.09999999999999998,-0.09999999999999998,0
0.2931111111111111,0.46763333333333357,-0.10471666666666701,1.1779444444444422,1.52911111111111,0.40196666666666636,4.122222222222234,1.2833333333333314,-0.005027777777777742,-0.10555555555555562,0.22222222222222232,-0.4277777777777789,-0.1499999999999999,-0.21666666666666634,-0.16666666666666663,0.02777777777777779,52.635757309941525,4.0194805194805205,0.9350649350649352,2.3831168831168825,-0.1688311688311689,-0.012987012987012991,1
1.6218092105263167,1.162009868421053,0.5768486842105265,2.8117105263157924,1.8145065789473698,2.3988552631578943,-1.4177631578947398,5.20723684210526,0.027246710526315776,-0.11184210526315796,0.24013157894736847,0.5098684210526319,0.009868421052631637,-0.20723684210526283,0.10197368421052633,0.15131578947368418,-0.008631578947368324,-1.5272727272727273,-0.19090909090909092,-0.7454545454545456,0.1454545454545454,0.23636363636363633,0
-0.008333333333333748,0.10033333333333339,0.021833333333332927,-0.25055555555555564,1.078888888888887,-0.7871666666666666,2.8888888888888857,3.055555555555543,-0.0017222222222221806,-0.6111111111111112,-0.38888888888888884,1.0,0.0,0.5555555555555558,0.2222222222222222,-0.16666666666666663,0.02288888888888896,-1.6363636363636367,-0.45454545454545436,0.6363636363636362,-1.0,-0.09090909090909094,0
-1.1015000000000001,-0.7262,-0.3608555555555555,-3.2582222222222246,-3.4705555555555527,-1.9944166666666665,1.2777777777777715,-7.799999999999997,0.0063777777777778155,0.10555555555555562,0.12222222222222223,-0.8055555555555554,-0.22222222222222232,0.011111111111111072,0.19444444444444442,-0.09999999999999998,49.966144444444446,-0.5999999999999996,-0.19999999999999973,0.19999999999999973,-0.3999999999999999,0.4,0
-0.14974747474747385,-0.19041414141414092,0.14528787878787908,-1.1999999999999993,0.23646464646465049,-0.01848484848484855,-7.267676767676775,5.515151515151516,-0.03074747474747469,-0.5757575757575759,-0.9040404040404041,0.6868686868686869,0.5454545454545454,0.37878787878787934,0.2525252525252525,0.05555555555555558,-58.75624064171124,-0.372727272727273,0.09090909090909083,0.27272727272727293,-0.5909090909090908,0.04545454545454547,0
-0.9129411764705888,-0.6987647058823534,-0.21782352941176497,-0.6870588235294175,-2.8494117647058808,-1.7151176470588236,7.176470588235304,3.411764705882362,0.04529411764705876,0.11764705882352944,0.2941176470588236,0.35294117647058876,-0.23529411764705865,0.05882352941176494,-0.23529411764705876,-0.1764705882352941,62.41768750000001,0.9166666666666661,-0.08333333333333304,0.8333333333333335,-0.33333333333333337,0.0,1
-0.6613529411764709,-0.4595558823529411,-0.13761764705882373,-2.1775294117647057,-0.44491176470587845,-1.485855882352941,7.452941176470588,-0.13529411764706367,62.479364705882354,-0.12058823529411766,-0.10000000000000009,0.5352941176470587,-0.06764705882352962,0.2705882352941176,-0.1147058823529411,-0.05294117647058827,-72.37664144736843,-3.1282051282051277,-0.8141025641025643,-0.2884615384615383,-0.8717948717948717,0.4423076923076923,0
-1.0594117647058825,-0.7154673202614379,-0.3234705882352942,-1.7355228758169918,1.2620588235294115,-2.094774509803922,5.202614379084963,-1.4019607843137294,0.046983660130718974,-0.6633986928104576,-0.4084967320261439,2.0653594771241828,0.7549019607843139,0.620915032679739,0.27450980392156865,0.36601307189542487,55.079694852941174,-2.5972222222222214,-0.16666666666666652,-1.5694444444444446,-0.23611111111111116,-0.05555555555555558,0
-0.21336842105263187,0.15945789473684213,-0.1730263157894738,-0.30268421052631567,-0.8495526315789483,-1.2640052631578946,-16.89473684210526,-0.4868421052631646,-0.0776552631578949,-0.4894736842105263,-0.46842105263157896,1.9842105263157892,0.16315789473684195,0.01842105263157867,0.23947368421052628,-0.1394736842105263,-157.80978947368422,0.8000000000000007,1.0,0.30000000000000027,0.6000000000000001,0.3,1
-0.892095238095238,-0.5494523809523804,-0.2589166666666669,0.9527619047619034,2.1799285714285688,0.3556261904761904,0.5809523809523824,-0.36666666666667425,-0.010507142857142937,-0.32619047619047636,-0.30476190476190457,1.8357142857142863,0.39523809523809517,0.6666666666666665,0.22619047619047616,0.1119047619047619,52.66538157894736,-2.0555555555555554,0.2777777777777777,-0.8777777777777778,-0.2666666666666666,0.0444444444444444,0
-1.4307894736842095,-0.7920394736842109,-0.6938947368421053,-2.4104210526315786,-1.046315789473688,-1.5092131578947365,-8.642105263157887,5.831578947368428,-0.019842105263157883,-0.4447368421052631,-0.6236842105263157,2.742105263157896,0.6236842105263158,1.0078947368421054,0.40263157894736834,0.07368421052631574,-105.12589473684211,0.6999999999999993,-0.7000000000000002,-0.19999999999999973,0.5,0.10000000000000003,1
-0.2628173374612994,-0.15484829721362203,-0.2888328173374617,-1.096873065015485,-0.396346749225998,-0.5465263157894737,2.984520123839019,-4.417956656346746,55.474225490196076,-0.003095975232197956,0.10526315789473684,-1.7368421052631575,-0.3405572755417958,-0.7058823529411766,-0.055727554179566596,-0.26006191950464397,55.09107720588235,1.6222222222222218,0.7777777777777777,0.43333333333333357,-0.21111111111111125,0.8,1
0.3294736842105266,0.2629473684210528,-0.10442105263157919,0.4868421052631575,2.602105263157899,-0.3521052631578949,-7.73684210526315,5.736842105263165,-0.022157894736842154,0.05263157894736836,-0.26315789473684215,-0.4210526315789469,-0.10526315789473695,0.2105263157894739,-0.10526315789473684,-0.052631578947368474,-52.664421052631575,-1.916666666666666,-0.3333333333333335,-0.5,-0.5000000000000001,-0.3333333333333333,0
-0.14974747474747385,-0.19041414141414092,0.14528787878787908,-1.1999999999999993,0.23646464646465049,-0.01848484848484855,-7.267676767676775,5.515151515151516,-0.03074747474747469,-0.5757575757575759,-0.9040404040404041,0.6868686868686869,0.5454545454545454,0.37878787878787934,0.2525252525252525,0.05555555555555558,-58.75624064171124,-1.9363636363636374,-0.11818181818181817,-1.1454545454545455,0.509090909090909,-0.3090909090909091,0
-0.318956521739131,-0.5240173913043487,0.060832608695652546,-2.518934782608696,-4.048434782608702,-1.4171478260869563,1.643478260869557,4.202173913043481,0.01996739130434777,-0.14565217391304341,-0.17391304347826098,1.7369565217391312,0.49782608695652186,0.2891304347826087,0.4130434782608695,0.05434782608695654,-52.6008466819222,-3.0419580419580434,-1.4895104895104894,-1.804195804195804,0.027972027972027913,-0.16083916083916078,0
0.4059999999999997,0.31544444444444486,0.12874999999999992,1.5618888888888875,2.143499999999996,0.28231666666666655,-4.24444444444444,-1.8666666666666742,-0.019372222222222346,-0.5722222222222224,-0.4555555555555555,1.43888888888889,0.46666666666666656,0.44444444444444464,0.08333333333333337,0.12777777777777777,-9.841555921052638,-1.1222222222222218,0.7666666666666666,-0.37777777777777777,-0.47777777777777763,-0.033333333333333326,1
0.3677573529411764,0.10299632352941224,0.18962499999999993,-0.8963235294117666,-1.6354044117647035,-0.5419852941176471,3.194852941176464,0.39338235294117396,0.043672794117647074,-0.03676470588235303,-0.12867647058823528,1.0257352941176467,-0.18014705882352944,0.8419117647058822,-0.07720588235294112,0.19852941176470587,0.04056250000000017,-1.462121212121211,-0.11363636363636376,-0.8712121212121211,0.37878787878787884,0.13636363636363635,0
0.3241830065359479,0.22746078431372596,0.22866666666666657,0.6158496732026162,2.753006535947712,1.3210098039215687,-8.839869281045765,-0.42156862745098067,-0.013839869281045747,0.14379084967320255,-0.28104575163398704,-0.6928104575163392,0.05882352941176472,0.07843137254901933,0.07843137254901955,-0.01307189542483661,-62.472326388888895,1.155555555555555,-0.43333333333333357,0.38888888888888884,0.033333333333333326,0.1333333333333333,0
0.07438596491228155,-0.03809941520467852,0.053421052631579036,1.1826900584795368,-0.08061403508772003,1.1261929824561403,-7.631578947368425,4.669590643274859,-55.48611111111111,0.19590643274853803,-0.216374269005848,1.8479532163742682,0.32748538011695927,0.8333333333333335,0.24853801169590645,0.23391812865497075,-117.54276470588235,0.7692307692307683,0.8461538461538463,0.8461538461538463,-0.07692307692307687,0.23076923076923078,1
-0.5140935672514608,0.12469298245614047,-1.0140964912280697,-0.35678362573099065,-0.8804385964912278,-0.2036491228070174,12.333333333333329,7.39473684210526,0.02265944272445819,-0.19298245614035103,-0.17251461988304073,0.14619883040935733,-0.09941520467836273,-0.13742690058479523,-0.283625730994152,0.1257309941520468,-55.48324836601308,-1.5384615384615383,0.3076923076923077,-0.6153846153846154,0.46153846153846156,0.5384615384615385,0
0.19676470588235162,0.09261437908496717,0.21357843137254973,0.16473856209150384,-0.601928104575169,0.20750000000000002,1.7581699346405202,-3.3071895424836555,0.013607843137254827,0.4183006535947711,0.5,-1.1111111111111107,0.013071895424836555,-0.6830065359477127,-0.41503267973856206,0.19281045751633985,62.42879861111111,0.55944055944056,0.35664335664335667,-0.27972027972028,0.4405594405594405,-0.6503496503496504,1
0.22052631578947413,-0.0963947368421052,0.29821345029239765,0.8730116959064382,0.7576608187134433,1.0794298245614034,4.116959064327489,5.28947368421052,0.03566959064327491,0.023391812865497075,-0.011695906432748648,0.6871345029239766,0.38011695906432763,-0.5058479532163744,-0.2865497076023391,-0.02631578947368418,0.09416081871345028,0.6000000000000014,1.2,0.7999999999999998,-0.6,0.30000000000000004,1
-0.5514999999999994,-0.5596473684210523,-0.16706315789473702,-1.8983684210526288,-0.11078947368421055,-1.267092105263158,-2.3421052631578902,3.226315789473688,0.019889473684210568,0.18157894736842106,-0.15263157894736856,-0.5394736842105257,0.05263157894736836,-0.28421052631578947,-0.19736842105263153,-0.17894736842105263,-2.6041157894736813,-1.6730769230769234,-0.3141025641025643,-0.08974358974358942,-0.14743589743589736,0.28846153846153844,0
1.0116315789473687,0.7380078947368423,0.36897368421052623,2.980315789473684,1.8344473684210456,1.8360447368421051,-14.994736842105254,2.163157894736841,-62.51170526315789,-0.13947368421052642,-0.2684210526315789,0.38421052631578867,0.2131578947368422,-0.43157894736842106,0.1394736842105263,-0.08947368421052632,-52.51126315789473,-1.9696969696969697,-0.3560606060606062,-1.5378787878787878,0.38636363636363635,-0.2954545454545454,0
1.263622291021672,0.8726222910216723,0.30157585139318877,1.7909907120743007,0.7666253869969033,1.4486780185758519,-6.489164086687296,3.866873065015483,-0.0468637770897834,0.04643962848297223,-0.1207430340557274,0.6656346749226021,-0.11455108359133126,-0.01857585139318907,0.11145510835913308,-0.11455108359133132,-117.51409287925696,-3.3499999999999996,-1.0666666666666667,-1.0166666666666666,-0.5,-0.04999999999999999,0
0.5760371517027867,0.43747678018575886,0.32065015479876147,0.10244582043343442,-1.7826625386996895,0.014164086687306066,7.953560371517028,5.71826625386997,0.08186068111455108,-0.03095975232198156,0.28792569659442735,0.8297213622291029,-0.2291021671826623,0.5758513931888549,-0.034055727554179516,0.11455108359133126,-0.03388157894736821,1.76923076923077,0.4615384615384617,0.8461538461538463,0.0,0.07692307692307693,1
-0.3241830065359479,-0.22746078431372596,-0.22866666666666657,-0.6158496732026162,-2.753006535947712,-1.3210098039215687,8.839869281045765,0.42156862745098067,0.013839869281045747,-0.14379084967320255,0.28104575163398704,0.6928104575163392,-0.05882352941176472,-0.07843137254901933,-0.07843137254901955,0.01307189542483661,62.472326388888895,0.1999999999999993,0.6999999999999997,-0.8000000000000003,0.4,-0.19999999999999996,1
1.088104575163399,0.7212254901960786,0.09916666666666663,2.1222875816993465,0.9681372549019613,1.4754313725490198,2.2156862745097925,8.205882352941174,0.033000000000000085,-0.07843137254901977,-0.21895424836601296,0.3660130718954253,-0.006535947712418277,-0.08169934640522891,-0.15359477124182996,0.21241830065359477,0.06309191176470608,1.5846153846153843,0.6692307692307691,0.8230769230769228,0.015384615384615385,0.2615384615384616,0
-1.5470952380952383,-0.9268023809523804,-0.5221666666666669,-3.6492380952380934,-0.6740714285714233,-2.5956738095238094,11.480952380952374,-1.566666666666677,62.487742857142855,-0.1261904761904762,-0.004761904761904745,1.5857142857142863,0.14523809523809517,0.46666666666666634,0.1261904761904762,0.06190476190476191,52.56817105263158,2.477777777777778,-0.3555555555555552,1.2222222222222223,-0.13333333333333341,0.4555555555555556,1
-2.4055228758169926,-1.81118954248366,-0.43813725490196087,-4.079411764705883,-1.1773856209150289,-2.7636078431372555,4.424836601307177,4.598039215686271,0.04309477124183014,-0.607843137254902,-0.5751633986928105,1.454248366013072,0.5882352941176472,0.5098039215686279,0.3300653594771241,0.14379084967320266,58.746823529411756,-1.0069930069930066,0.013986013986013734,0.18181818181818166,-0.3356643356643355,-0.26573426573426573,0
-0.0393684210526315,-0.06664210526315806,0.07752368421052669,-2.102184210526312,-2.6690526315789533,-1.5869052631578946,-7.294736842105266,1.8131578947368325,-0.028355263157894772,-0.23947368421052628,-0.368421052631579,1.3342105263157897,0.41315789473684195,-0.08157894736842142,0.2894736842105263,-0.03947368421052633,-52.60421052631579,0.2222222222222232,-0.11111111111111116,-0.666666666666667,0.2222222222222222,-0.7777777777777777,1
1.286315789473683,0.5154181286549708,0.9182631578947362,1.6017836257309916,2.247105263157895,0.5824824561403508,-7.444444444444443,-6.061403508771932,-0.009616959064327468,-0.19590643274853803,-0.16081871345029253,0.5204678362573105,0.37719298245614064,-0.029239766081871288,0.22807017543859653,0.04093567251461988,-6.946409722222214,-2.333333333333334,-0.3737373737373737,-0.5656565656565657,0.26262626262626265,0.101010101010101,0
0.7809999999999997,0.257255555555556,0.37866666666666715,0.1384444444444437,0.641277777777777,1.0203999999999998,10.111111111111114,-3.0277777777777715,0.047216666666666796,0.5888888888888888,0.6,-2.4111111111111105,-0.12222222222222223,-1.0388888888888892,-0.3944444444444444,0.07222222222222219,157.80105847953217,-0.9000000000000004,0.10000000000000009,-1.1,0.39999999999999997,0.09999999999999998,0
-0.3604779411764709,-0.37576838235294097,-0.008492647058823799,-0.9110294117647086,-0.97128676470588,-0.455455882352941,6.665441176470594,-3.547794117647058,0.024202205882353,-0.09558823529411775,-0.1875,0.672794117647058,-0.18014705882352944,0.7830882352941178,-0.07720588235294112,0.022058823529411742,-124.8900625,-0.013888888888889284,-0.16666666666666652,1.083333333333333,-0.3055555555555556,0.16666666666666663,1
-1.0674162679425838,-0.7081531100478471,-0.3063755980861249,-1.9715789473684264,-2.341961722488037,-1.5787081339712918,9.677033492822972,-4.629186602870817,55.51230303030303,0.43540669856459346,0.7870813397129187,-2.145933014354066,-0.6507177033492824,-1.0454545454545459,-0.3899521531100479,-0.2894736842105263,117.50194652406417,2.126373626373627,0.41208791208791196,0.6978021978021975,-0.17582417582417587,0.543956043956044,1
-0.9176470588235297,-0.34552321981424194,-0.342560371517028,-0.6743962848297258,-2.3095046439628533,-0.9320990712074303,5.900928792569658,-1.702786377708975,0.031386996904024744,0.07430340557275539,0.28792569659442735,-0.32817337461300333,-0.2291021671826623,0.15479876160990713,0.12383900928792568,0.16718266253869973,52.556065789473685,1.333333333333333,0.25,0.25,0.0,-0.08333333333333337,1
-0.3052631578947369,-0.5066842105263154,0.1742631578947369,-0.6926315789473687,-0.6242105263157924,-0.10799999999999976,4.05263157894737,5.421052631578945,0.02178947368421058,-0.3157894736842104,-0.26315789473684204,2.473684210526317,0.6315789473684212,0.26315789473684204,0.21052631578947367,-0.05263157894736842,0.10089473684210537,-1.636363636363635,0.2727272727272725,-0.27272727272727293,-0.45454545454545453,-0.18181818181818182,0
0.03868421052631721,0.2346973684210525,-0.10052631578947357,-1.4277894736842072,-2.497368421052631,-0.10284473684210549,-2.905263157894737,2.094736842105263,0.031000000000000028,-0.286842105263158,-0.09736842105263155,1.8473684210526322,0.09736842105263155,0.9552631578947373,0.1394736842105263,0.12631578947368416,-105.15231578947369,-0.7777777777777786,-0.11111111111111116,-0.6666666666666665,-0.11111111111111116,0.0,0
-0.01423529411764779,0.0365588235294112,0.11366176470588263,-1.2927058823529372,-1.413205882352944,-0.66415,4.447058823529403,1.1705882352941188,0.030591176470588177,0.37941176470588234,0.3999999999999999,-0.5500000000000007,-0.06470588235294095,-0.2941176470588234,-0.22058823529411764,0.12058823529411766,9.829055921052642,1.2818181818181813,-0.5545454545454547,0.5454545454545454,-0.1909090909090908,0.7272727272727273,1
0.24695652173913185,0.3487173913043482,-0.11572705314009668,2.097657004830925,3.6659903381642494,1.204514492753623,-1.8212560386473342,0.8478260869565162,-0.001495169082125547,0.14009661835748788,-0.048309178743961345,-1.0314009661835755,-0.12560386473429963,-0.35024154589372003,-0.35748792270531393,0.19565217391304346,0.005533816425120852,1.511111111111111,-0.03333333333333366,0.8777777777777778,-0.33333333333333337,0.0444444444444444,1
-0.5748333333333338,-0.3178111111111108,-0.26580000000000004,-1.992111111111111,-0.31333333333333613,-1.6509166666666668,4.5,-5.022222222222226,0.021044444444444532,-0.17222222222222228,0.011111111111111072,-0.8611111111111107,-0.22222222222222232,-0.43333333333333357,0.02777777777777779,-0.0444444444444444,49.989200000000004,0.9000000000000004,0.2999999999999998,-0.5,-0.30000000000000004,-0.30000000000000004,1
1.4453636363636369,0.9672136363636363,0.39445454545454584,4.184000000000001,3.386409090909087,3.3193318181818183,-13.145454545454541,2.5818181818181927,-62.505736363636366,-0.25909090909090926,-0.5818181818181818,0.10909090909090757,0.4954545454545456,0.24545454545454604,0.21363636363636362,0.2,-52.4846028708134,-0.881818181818181,-1.4,-0.4545454545454546,-0.04545454545454547,-0.036363636363636376,1
0.5373529411764695,0.20277941176470637,0.42117647058823504,1.5302352941176416,0.7147058823529413,0.11700882352941155,10.858823529411765,3.623529411764707,0.050860681114551054,0.25588235294117645,0.3852941176470589,-1.0176470588235293,-0.32647058823529385,-0.37941176470588234,-0.17352941176470582,-0.0117647058823529,105.11843421052632,2.011111111111111,-0.2666666666666666,0.7555555555555555,0.1777777777777778,-0.16666666666666669,1
-1.4717647058823529,-1.1131176470588238,-0.32658823529411785,-0.8729411764705883,1.5276470588235291,-0.9116470588235297,6.0,1.529411764705884,0.047470588235294264,-0.41176470588235303,-0.3529411764705883,1.4117647058823515,0.47058823529411775,0.6470588235294121,0.17647058823529416,0.23529411764705882,-7.358180147058832,-1.0555555555555554,-0.18055555555555536,-0.6944444444444446,0.7083333333333333,-0.18055555555555558,1
1.661993464052287,1.1768366013071894,0.30966666666666676,3.2211764705882366,2.0409150326797345,1.7654313725490196,-1.8954248366013076,0.8725490196078454,0.023846405228758194,0.2549019607843137,0.28104575163398693,0.3104575163398682,-0.11764705882352944,0.19607843137254877,-0.15359477124182996,0.26797385620915026,58.82562132352942,1.717171717171718,0.44444444444444464,0.3232323232323231,0.010101010101010166,-0.12121212121212122,0
-0.15145833333333458,-0.1371736111111106,-0.012375000000000025,-2.1286111111111143,-1.4902083333333316,-1.8364166666666666,10.3125,-6.0347222222222285,0.024381944444444525,-0.3472222222222223,-0.07638888888888884,0.3263888888888893,-0.2847222222222223,0.4791666666666665,-0.03472222222222221,-0.06944444444444442,0.01200000000000001,2.404761904761904,0.6666666666666667,0.2285714285714282,0.3142857142857143,-0.04285714285714287,1
-0.49609523809523814,-0.12215238095238012,-0.23071666666666735,1.4332619047619026,3.8294285714285756,0.82727619047619,3.7809523809523853,-1.2166666666666686,0.004392857142857087,-0.02619047619047632,0.09523809523809534,0.6357142857142852,-0.05476190476190457,0.1166666666666667,-0.023809523809523836,0.011904761904761918,52.661118421052635,-0.4833333333333343,0.03333333333333366,0.3666666666666667,-0.5833333333333333,0.4,1
0.01950464396284879,0.10950464396284887,-0.05489473684210533,-0.1931269349845195,2.517801857585134,0.3229133126934986,-4.959752321981426,6.043343653250773,-0.014275541795665592,-0.3065015479876161,-0.5325077399380804,1.3715170278637778,0.5325077399380806,0.5696594427244581,0.4643962848297213,0.23839009287925694,-62.425148026315796,0.4555555555555557,-0.9666666666666663,-0.6222222222222222,0.28888888888888886,-0.11111111111111116,0
0.6976842105263161,0.6672473684210529,0.16397368421052638,0.79521052631579,-1.3958684210526258,0.32920526315789456,-4.10526315789474,-0.8552631578947398,0.0061342105263156865,-0.4368421052631579,-0.047368421052631504,2.2473684210526317,-0.15263157894736845,0.7552631578947371,0.23947368421052628,0.1763157894736842,-157.82057894736843,0.884615384615385,0.4340659340659341,-0.13186813186813184,0.17032967032967028,0.13186813186813184,1
0.2117647058823522,-0.04888854489164096,0.33414860681114567,0.00792569659443032,0.6795046439628436,-0.19584210526315793,-2.1950464396284843,7.996904024767801,0.010730650154798682,0.16099071207430327,-0.052631578947368474,0.21052631578947434,0.28792569659442724,0.021671826625387247,-0.41795665634674917,-0.10835913312693501,9.85837171052632,3.3000000000000007,1.35,1.85,-0.5,0.15000000000000002,1
-0.5563157894736825,0.05202631578947381,-0.8162076023391809,0.019327485380124187,1.1634502923976555,-0.04114912280701777,6.2222222222222285,8.39473684210526,0.02361695906432737,-0.08187134502923987,-0.11695906432748537,0.4239766081871341,0.011695906432748426,-0.13742690058479523,-0.3391812865497076,0.2368421052631579,-55.49472222222223,1.5777777777777793,0.5222222222222221,1.0,-0.6444444444444444,0.36666666666666664,1
-0.8545434782608683,-0.37748260869565176,-0.47658260869565217,-1.1605652173912997,0.19543478260869662,-0.7899021739130434,-0.5434782608695627,-6.952173913043481,0.0048826086956522685,0.2456521739130435,0.07391304347826089,-1.8369565217391308,-0.34782608695652195,-0.33913043478260896,-0.1630434782608695,0.09565217391304348,49.97167826086957,0.9230769230769234,0.6153846153846156,-0.07692307692307687,0.15384615384615385,-0.07692307692307693,1
-0.4059999999999997,-0.31544444444444486,-0.12874999999999992,-1.5618888888888875,-2.143499999999996,-0.28231666666666655,4.24444444444444,1.8666666666666742,0.019372222222222346,0.5722222222222224,0.4555555555555555,-1.43888888888889,-0.46666666666666656,-0.44444444444444464,-0.08333333333333337,-0.12777777777777777,9.841555921052638,-0.3426573426573416,-0.27272727272727293,0.09790209790209792,-0.09790209790209792,0.29370629370629375,1
0.8470526315789475,0.3194894736842109,0.4539210526315791,1.0705789473684248,1.639552631578944,1.3594263157894735,5.368421052631575,4.69736842105263,-55.44061666666666,0.17368421052631566,-0.0052631578947368585,0.4368421052631577,0.20526315789473704,0.3500000000000001,0.07631578947368428,0.1394736842105263,40.28118266253871,-0.46794871794871895,0.26923076923076916,-0.47435897435897423,0.21153846153846156,0.025641025641025605,0
0.3138888888888882,0.015722222222222637,0.23283333333333367,0.759999999999998,0.931666666666672,0.9413333333333334,-3.6111111111111143,-6.6111111111111,0.0029444444444444162,0.4444444444444444,0.2777777777777777,-1.3333333333333321,-0.22222222222222232,-0.7222222222222228,-0.2777777777777778,-0.05555555555555558,-0.04027777777777786,1.093406593406594,-0.41758241758241765,-0.2417582417582418,0.543956043956044,-0.17032967032967036,1
-0.30614035087719227,-0.5047836257309943,0.2031578947368422,-0.3930994152046754,-2.3995614035087733,0.7359298245614035,0.8947368421052602,2.511695906432749,0.02100292397660819,0.301169590643275,0.09941520467836251,0.742690058479532,0.38011695906432763,-0.06140350877192979,-0.11988304093567248,-0.08187134502923976,0.07110526315789467,3.723076923076924,1.7307692307692308,1.123076923076923,0.3615384615384616,0.16923076923076924,1
-0.4386363636363626,-0.04388636363636422,-0.41204545454545416,-1.3219999999999956,-0.39909090909091205,-0.2127681818181817,-13.845454545454544,2.88181818181819,-0.04682057416267932,-0.4590909090909092,-0.8318181818181819,1.3090909090909086,0.6954545454545453,0.895454545454546,0.21363636363636362,0.09999999999999998,-105.11486602870814,1.037878787878788,-0.2651515151515149,0.8560606060606064,-0.40909090909090906,0.21969696969696972,1
0.8104117647058819,0.6535617647058827,0.1889705882352941,-1.3045882352941174,-1.9725588235294076,-0.5742088235294114,1.4529411764705884,-1.6647058823529477,62.43189411764706,0.29117647058823537,0.2529411764705882,-0.8764705882352928,-0.5382352941176474,-0.37647058823529456,-0.29117647058823526,-0.2882352941176471,-65.0184613003096,1.4555555555555557,0.0,0.8777777777777778,-0.42222222222222217,0.18888888888888888,1
0.89343653250774,0.5892600619195045,0.2727182662538703,0.880185758513937,0.3316099071207468,1.392204334365325,-2.216718266253878,-9.455108359133135,-0.03101857585139317,0.18885448916408665,0.23839009287925683,-1.7244582043343666,-0.297213622291022,-0.6284829721362231,-0.22910216718266252,-0.06191950464396284,0.0074605263157891955,0.8461538461538467,0.5174825174825173,0.18881118881118875,-0.21678321678321677,0.5244755244755245,1
0.583479532163742,0.419619883040935,-0.11980701754385947,2.4036842105263165,1.3154970760233908,1.5017719298245615,9.116959064327489,-5.096491228070164,0.036716374269005925,0.45614035087719307,0.5906432748538012,-0.961988304093568,-0.26315789473684204,0.29824561403508776,-0.17836257309941517,0.23391812865497075,58.78290092879257,0.44444444444444464,-0.11111111111111116,-0.4444444444444442,0.11111111111111116,0.6666666666666667,1
0.5005882352941176,0.1287647058823529,0.22799999999999998,1.125882352941174,-0.887647058823525,0.12758823529411756,1.0,3.294117647058826,0.03435294117647053,0.0,0.11764705882352944,1.0588235294117645,-0.17647058823529416,0.11764705882352944,-0.17647058823529405,0.05882352941176469,62.48350000000001,2.104395604395604,0.25274725274725274,0.5439560439560438,-0.46153846153846156,0.25274725274725274,1
-0.09653594771241814,0.12253921568627435,-0.2585490196078428,-1.727026143790848,-2.5294771241830105,-1.5351274509803923,4.3692810457516345,1.0686274509803866,-0.0010424836601307108,-0.08496732026143783,0.22222222222222232,-0.013071895424836555,0.11764705882352944,-0.13725490196078427,0.0980392156862745,0.13071895424836605,124.91945138888889,3.314685314685314,1.643356643356643,0.7832167832167833,0.5594405594405594,-0.11188811188811193,1
0.9436842105263157,0.6164473684210532,0.469418128654971,-0.5830116959064355,-2.8329239766081784,0.21893859649122782,5.672514619883032,-3.60526315789474,0.036961988304093585,-0.18128654970760238,0.2748538011695908,0.8918128654970765,-0.2748538011695907,0.7163742690058483,0.23391812865497075,0.02631578947368418,-0.01968713450292392,-2.3939393939393927,-1.2525252525252524,-0.0707070707070705,-0.2121212121212121,-0.1313131313131313,0
0.02977777777777746,0.1026333333333338,0.2527833333333329,0.7973888888888858,2.4263333333333357,0.3751333333333329,-5.933333333333323,-4.049999999999997,-0.017514705882353043,0.1166666666666667,0.2777777777777777,-0.4277777777777789,-0.26111111111111107,0.06111111111111134,-0.11111111111111116,-0.1388888888888889,52.58383900928793,2.0,0.25,0.5833333333333335,-0.33333333333333337,0.16666666666666674,1
0.12812500000000027,0.3790098684210521,-0.08636184210526299,2.034868421052632,1.287664473684206,1.4525921052631579,-3.4703947368421098,-2.213815789473685,-0.02322697368421056,-0.006578947368421018,0.24013157894736847,-0.6480263157894743,0.009868421052631637,-0.6282894736842106,0.2598684210526315,0.20394736842105265,52.581315789473685,2.8571428571428568,0.6428571428571428,0.4047619047619051,0.25,0.45238095238095233,1
-0.3805263157894738,-0.4666842105263158,0.14973684210526317,-1.5757894736842122,-2.3189473684210533,-0.3902631578947368,8.526315789473685,-2.1578947368421098,55.50711403508772,0.10526315789473695,0.3157894736842105,-1.1052631578947363,0.05263157894736836,-0.8947368421052633,-0.3684210526315789,-0.3157894736842105,117.61386996904025,1.9230769230769242,1.4615384615384617,1.0769230769230769,-0.15384615384615385,0.0,1
-0.8945510835913311,-0.16341486068111477,-0.6758513931888537,-1.3326006191950412,-1.516811145510843,-0.9643157894736842,7.647058823529406,5.365325077399376,0.0208359133126933,0.003095975232197956,0.10526315789473695,0.36842105263157876,0.02476780185758498,0.17956656346749256,-0.3653250773993808,0.20743034055727555,6.933909722222218,3.9090909090909083,1.1111111111111107,1.4848484848484849,-0.4444444444444444,0.46464646464646464,1
0.8150517598343692,0.6461697722567288,0.1698840579710148,1.0856728778467932,0.2190062111801261,0.5898716356107663,-5.424430641821942,-2.9855072463768124,-0.024360248447204857,0.17184265010351973,0.07867494824016563,-2.3726708074534164,-0.4430641821946173,-0.4057971014492754,-0.3892339544513457,-0.06625258799171846,-0.06027173913043471,0.13186813186813318,-0.15384615384615374,0.4725274725274726,-0.39010989010989017,0.6208791208791209,1
0.3714999999999997,0.15875555555555532,0.25880000000000014,1.6371111111111087,0.060000000000002274,1.4530833333333337,-0.055555555555557135,5.466666666666669,-0.020377777777777717,0.17222222222222228,0.15555555555555567,-0.13888888888888928,-0.16666666666666674,0.15555555555555545,-0.08333333333333337,-0.1777777777777778,12.474987499999997,-1.0,-0.11111111111111116,-0.6666666666666665,-0.11111111111111116,0.1111111111111111,0
0.008333333333333748,-0.10033333333333339,-0.021833333333332927,0.25055555555555564,-1.078888888888887,0.7871666666666666,-2.8888888888888857,-3.055555555555543,0.0017222222222221806,0.6111111111111112,0.38888888888888884,-1.0,0.0,-0.5555555555555558,-0.2222222222222222,0.16666666666666663,-0.02288888888888896,-0.09999999999999964,0.6000000000000001,-0.5,-0.5,0.6,0
-2.0354117647058825,-1.2321117647058828,-0.7309705882352941,-1.978411764705882,-0.7114411764705864,-2.525841176470588,-3.352941176470594,-0.985294117647058,0.002155882352941174,-0.6411764705882352,-0.4529411764705883,2.4764705882352933,0.4882352941176471,0.8264705882352943,0.39117647058823524,0.2382352941176471,-40.28006501547989,-0.0636363636363626,0.372727272727273,-0.19090909090909092,-0.2909090909090908,-0.045454545454545414,0
-0.5779256965944275,-0.6284520123839015,-0.20147368421052625,0.3083900928792538,-1.6130650154798687,-0.13607120743034043,12.012383900928796,-2.6749226006191833,0.04722291021671826,0.20123839009287936,0.4272445820433437,-0.21362229102167163,-0.32198142414860675,0.21981424148606843,-0.20123839009287925,0.024767801857585148,62.44077960526316,0.5,0.2999999999999998,0.2999999999999998,0.7999999999999999,0.3,1
-0.7774999999999994,-0.4742000000000002,-0.38755000000000006,-3.1989999999999963,-2.2034999999999982,-1.7354000000000003,4.299999999999997,-3.5999999999999943,0.03975000000000006,0.40000000000000013,0.2999999999999998,-1.3000000000000007,-0.2999999999999998,-0.6000000000000001,0.0,0.050000000000000044,-2.6334315789473592,1.1363636363636367,-0.5636363636363637,1.0909090909090908,-0.12727272727272732,0.3454545454545455,1
-0.300875,-0.08378750000000013,-0.12912499999999993,-1.266499999999997,0.5263750000000016,-1.0304000000000002,0.7874999999999943,3.4124999999999943,62.4551625,-0.02499999999999991,0.08749999999999991,-0.1374999999999993,0.11249999999999982,-0.5125000000000002,-0.03749999999999998,-0.07500000000000001,52.51342105263158,-0.22222222222222143,0.22222222222222232,-0.11111111111111116,-0.44444444444444453,0.11111111111111105,0
-0.8372222222222216,-0.8206111111111105,0.1469999999999998,-1.4794444444444466,-0.17555555555554747,-0.3168333333333333,-5.944444444444457,2.0,-0.0033333333333334103,-0.11111111111111116,-0.44444444444444453,0.055555555555557135,0.0,0.0,0.05555555555555547,-0.2222222222222222,-58.81444771241831,-0.6666666666666661,-0.6666666666666665,0.22222222222222232,0.4444444444444444,0.6666666666666666,0
1.2226470588235285,0.5515441176470595,0.6688823529411763,3.328470588235291,3.3405882352941205,2.046244117647059,8.152941176470591,-0.43529411764706083,0.02044891640866875,0.07941176470588229,0.15000000000000002,-0.6647058823529424,-0.26764705882352935,-0.37941176470588234,-0.1147058823529411,0.047058823529411764,-19.746378289473682,-1.9250000000000007,-0.17499999999999982,-1.1749999999999998,-0.025000000000000022,0.025000000000000022,1
0.3254248366013073,0.10630392156862767,0.3466568627450983,-0.3093464052287551,0.9936274509803944,0.3672745098039214,-8.392156862745097,-8.32352941176471,-0.04394117647058832,-0.039215686274509665,0.0424836601307188,0.3398692810457504,0.06535947712418277,0.1405228758169934,0.21241830065359468,0.022875816993464027,0.0027205882352939748,1.4743589743589753,0.2564102564102564,-0.26923076923076916,0.12820512820512825,-0.19871794871794873,1
-0.7133201581027677,-0.6865810276679847,-0.04217193675889375,-1.6204347826087009,-2.9313438735177897,-1.3135296442687747,7.0889328063241095,1.9703557312252968,0.04235375494071131,0.2134387351778657,0.5079051383399209,0.6778656126482225,-0.19762845849802346,-0.306324110671937,0.049407114624505866,-0.19565217391304346,-0.02329644268774711,1.3888888888888893,0.46666666666666634,-0.24444444444444446,-0.11111111111111116,-0.3888888888888889,1
-1.1573684210526305,-0.3182631578947368,-0.9646842105263154,-2.4294736842105262,-1.913157894736841,-1.510842105263158,10.631578947368425,0.9473684210526301,55.49506140350877,0.0,0.21052631578947378,-1.3684210526315788,-0.31578947368421084,-0.5263157894736841,-0.4210526315789474,-0.05263157894736842,62.02498692810457,3.1136363636363633,1.1136363636363635,0.5113636363636362,0.3522727272727273,-0.19318181818181823,0
0.49588235294117666,0.48200619195046435,0.10326315789473695,1.1385448916408656,-0.3477399380804975,0.9106068111455108,-0.27554179566564585,-1.820433436532511,0.020445820433436512,-0.04334365325077405,0.11145510835913319,0.3777089783281724,-0.1702786377708978,0.21362229102167163,0.1826625386996904,0.4024767801857585,52.621878289473685,-1.0,-0.9090909090909087,-0.5454545454545454,-0.36363636363636365,0.2727272727272727,0
-1.2819195046439642,-0.8318885448916418,-0.3290619195046438,-0.7689164086687299,0.15266253869967983,-1.1421052631578943,-4.247678018575854,0.5758513931888558,-0.039743034055727655,0.2662538699690402,-0.052631578947368474,-0.9473684210526319,0.28792569659442724,-0.39938080495356054,-0.26006191950464397,-0.05572755417956654,62.44831907894737,1.916666666666666,1.1527777777777777,0.44444444444444464,-0.02777777777777779,0.06944444444444442,1
0.7300000000000004,0.5674444444444446,0.10205555555555534,1.6211111111111158,3.4105555555555505,0.541333333333333,-1.2222222222222143,2.3333333333333286,0.013999999999999901,-0.2777777777777779,-0.2777777777777779,0.9444444444444446,0.38888888888888906,-0.16666666666666652,-0.11111111111111105,0.2777777777777778,-62.44113194444444,-0.8999999999999986,0.7000000000000002,-0.9000000000000004,0.40000000000000013,0.0,0
-0.2925263157894733,-0.07890526315789526,-0.3531078947368418,-1.2942894736842092,-1.1401052631578956,-1.2920631578947366,-4.294736842105266,-0.23947368421052317,-0.017197368421052683,-0.02894736842105261,-0.21052631578947367,0.018421052631579116,-0.007894736842105399,0.4447368421052631,0.3421052631578947,0.2763157894736842,-52.689473684210526,-4.809523809523809,-1.3809523809523807,-1.488095238095238,-0.6071428571428571,-0.869047619047619,0
0.892095238095238,0.5494523809523804,0.2589166666666669,-0.9527619047619034,-2.1799285714285688,-0.3556261904761904,-0.5809523809523824,0.36666666666667425,0.010507142857142937,0.32619047619047636,0.30476190476190457,-1.8357142857142863,-0.39523809523809517,-0.6666666666666665,-0.22619047619047616,-0.1119047619047619,-52.66538157894736,0.8863636363636367,0.13636363636363624,-0.6287878787878787,0.5681818181818181,0.1515151515151515,1
0.7912941176470594,0.46899411764705934,0.37450000000000006,-0.005705882352938119,2.462617647058817,1.4000764705882351,4.882352941176464,3.161764705882348,0.030432352941176632,0.2882352941176469,0.04117647058823526,-1.7705882352941176,0.1588235294117648,-0.2382352941176471,-0.038235294117647034,0.11470588235294116,95.36900986842106,-1.627272727272727,-0.23636363636363633,0.8090909090909091,-0.7636363636363636,0.15454545454545454,0
-0.7203472222222227,-0.6182291666666664,0.09045833333333331,-3.018611111111113,-2.603541666666665,-2.0174166666666666,0.9791666666666714,-7.8125,0.010672794117646989,0.04166666666666674,0.09027777777777768,0.6597222222222214,-0.17361111111111116,0.9236111111111112,0.07638888888888884,-0.013888888888888895,-0.02252941176470591,2.65034965034965,-0.43356643356643354,1.727272727272727,0.013986013986013957,0.5244755244755244,1
-0.5584210526315787,-0.5189473684210526,-0.2563684210526316,0.11526315789473429,0.9047368421052653,0.18684210526315817,7.05263157894737,3.3684210526315894,0.03294736842105267,-0.10526315789473673,-0.10526315789473673,1.1578947368421062,0.2105263157894739,0.7894736842105265,0.26315789473684204,0.2631578947368421,0.015631578947368663,-2.3434343434343443,0.15151515151515182,-0.737373737373737,0.7373737373737375,-0.19191919191919193,0
0.5514999999999994,0.5596473684210523,0.16706315789473702,1.8983684210526288,0.11078947368421055,1.267092105263158,2.3421052631578902,-3.226315789473688,-0.019889473684210568,-0.18157894736842106,0.15263157894736856,0.5394736842105257,-0.05263157894736836,0.28421052631578947,0.19736842105263153,0.17894736842105263,2.6041157894736813,-2.0404040404040398,-0.6262626262626263,-1.7373737373737372,0.898989898989899,-0.10101010101010105,1
0.20333333333333403,0.1590555555555555,0.006999999999999895,0.3550000000000022,0.25333333333333385,0.19783333333333308,-4.444444444444443,-0.44444444444444287,-0.0006666666666668153,0.0,-0.16666666666666674,1.0,0.38888888888888906,0.2777777777777781,0.05555555555555558,0.2222222222222222,-62.4641875,2.282051282051281,1.198717948717949,0.8461538461538463,-0.42948717948717946,0.10897435897435898,1
-0.5373529411764695,-0.20277941176470637,-0.42117647058823504,-1.5302352941176416,-0.7147058823529413,-0.11700882352941155,-10.858823529411765,-3.623529411764707,-0.050860681114551054,-0.25588235294117645,-0.3852941176470589,1.0176470588235293,0.32647058823529385,0.37941176470588234,0.17352941176470582,0.0117647058823529,-105.11843421052632,0.40000000000000036,0.3999999999999999,0.30000000000000027,-0.19999999999999996,0.4,1
-0.583479532163742,-0.419619883040935,0.11980701754385947,-2.4036842105263165,-1.3154970760233908,-1.5017719298245615,-9.116959064327489,5.096491228070164,-0.036716374269005925,-0.45614035087719307,-0.5906432748538012,0.961988304093568,0.26315789473684204,-0.29824561403508776,0.17836257309941517,-0.23391812865497075,-58.78290092879257,-1.2363636363636363,-0.5818181818181816,0.10000000000000009,-0.23636363636363633,-0.24545454545454543,0
-0.5636470588235296,-0.11899411764705903,-0.4043823529411763,-1.1054705882352938,-2.2390882352941155,-1.6141941176470587,-9.352941176470594,-2.514705882352942,-0.04531470588235309,-0.2294117647058822,-0.09999999999999998,1.0647058823529418,0.01764705882352935,0.17941176470588216,0.21470588235294108,0.0029411764705882804,-32.92188486842106,1.2666666666666657,0.34444444444444455,0.03333333333333366,-0.2222222222222222,-0.26666666666666666,0
0.29833759590792797,0.17107672634271087,0.1847826086956521,-0.7251406649616374,0.23368286445012032,0.30582864450127867,-3.0741687979539734,5.063938618925832,0.0010997442455242812,-0.10741687979539649,-0.2327365728900257,0.6163682864450131,0.40664961636828667,0.15089514066496168,0.32480818414322243,0.06905370843989772,-62.43741576086957,-1.7636363636363637,-0.31818181818181834,-0.7000000000000002,-0.07272727272727275,0.08181818181818182,0
-0.024210526315789682,0.24373684210526259,-0.0698421052631577,0.2057894736842112,-1.9778947368421065,0.4601052631578947,3.6842105263157805,-11.15789473684211,0.00036842105263157343,0.26315789473684204,0.5263157894736842,-2.05263157894737,-0.5263157894736843,-0.47368421052631593,-0.10526315789473684,0.10526315789473689,52.563526315789474,0.033333333333333215,-0.43333333333333335,-1.5333333333333337,1.0333333333333332,0.18333333333333335,1
0.42337499999999917,0.18063750000000023,0.253425,-0.1365000000000034,-1.1768749999999955,-0.18549999999999978,5.8125,-1.0125000000000028,0.0033374999999999932,-0.17500000000000004,-0.08749999999999991,1.1875,-0.0625,0.9125000000000001,-0.0625,-0.025000000000000022,-49.9772,3.75,0.8611111111111112,1.8888888888888888,0.05555555555555547,0.9722222222222223,1
0.7578888888888891,0.33701666666666674,0.39616666666666656,3.904555555555554,2.974388888888889,3.0209833333333336,-11.822222222222223,-0.9333333333333229,-62.478322222222225,0.2055555555555555,-0.12222222222222223,-0.5222222222222221,-0.04999999999999982,-0.1333333333333333,0.016666666666666607,-0.07777777777777778,-52.54280994152047,2.541666666666666,0.02777777777777768,0.9722222222222223,0.5833333333333334,0.3472222222222222,1
-0.5688888888888881,-0.4810555555555558,0.10283333333333333,-0.8899999999999988,-1.1133333333333333,-0.18100000000000027,-9.333333333333329,-1.7777777777777715,-0.013709150326797537,0.38888888888888906,0.16666666666666652,0.33333333333333215,0.11111111111111116,0.44444444444444464,0.11111111111111105,0.055555555555555525,-0.03452941176470592,-0.5444444444444443,0.7999999999999998,-0.2333333333333334,0.14444444444444438,0.14444444444444438,1
0.49609523809523814,0.12215238095238012,0.23071666666666735,-1.4332619047619026,-3.8294285714285756,-0.82727619047619,-3.7809523809523853,1.2166666666666686,-0.004392857142857087,0.02619047619047632,-0.09523809523809534,-0.6357142857142852,0.05476190476190457,-0.1166666666666667,0.023809523809523836,-0.011904761904761918,-52.661118421052635,1.9222222222222207,0.6444444444444448,0.9888888888888889,-0.3222222222222223,-0.0444444444444444,1
0.3805263157894738,0.4666842105263158,-0.14973684210526317,1.5757894736842122,2.3189473684210533,0.3902631578947368,-8.526315789473685,2.1578947368421098,-55.50711403508772,-0.10526315789473695,-0.3157894736842105,1.1052631578947363,-0.05263157894736836,0.8947368421052633,0.3684210526315789,0.3157894736842105,-117.61386996904025,-1.2525252525252526,-0.23232323232323226,0.16161616161616177,-0.4242424242424242,0.5757575757575757,1
-0.7300000000000004,-0.5674444444444446,-0.10205555555555534,-1.6211111111111158,-3.4105555555555505,-0.541333333333333,1.2222222222222143,-2.3333333333333286,-0.013999999999999901,0.2777777777777779,0.2777777777777779,-0.9444444444444446,-0.38888888888888906,0.16666666666666652,0.11111111111111105,-0.2777777777777778,62.44113194444444,1.76923076923077,1.1538461538461537,1.3846153846153846,-0.3846153846153847,0.46153846153846156,1
-1.4786842105263158,-0.9245029239766089,-0.5426403508771935,-0.9336549707602337,0.7545906432748488,-1.3496052631578943,-6.005847953216374,3.8830409356725113,-0.05335087719298248,-0.15204678362573087,-0.5526315789473685,0.16374269005847886,0.2748538011695907,0.2836257309941521,0.1549707602339181,-0.2485380116959064,0.01952046783625727,0.1999999999999993,0.0,0.5,0.0,-0.8,1
0.6874747474747478,0.6301969696969696,-0.0017121212121207208,0.27944444444444727,0.41202020202019796,0.29834848484848475,-1.3232323232323182,3.5151515151515156,-0.02741414141414128,-0.46464646464646475,-0.45959595959595956,0.6313131313131297,0.5454545454545454,0.37878787878787934,0.19696969696969702,0.2777777777777778,0.05820707070707076,-1.166666666666666,-0.9444444444444446,0.14444444444444482,0.033333333333333326,-0.2666666666666666,1
0.9401111111111105,0.7802777777777772,-0.014083333333333226,0.7820000000000036,0.29594444444444434,0.3865166666666666,5.022222222222226,-4.133333333333326,0.023261111111111177,0.5166666666666668,0.6222222222222221,-0.8277777777777793,-0.2999999999999998,-0.3333333333333335,-0.13888888888888884,0.09444444444444444,6.174427244582056,1.6999999999999993,-0.16666666666666652,0.011111111111111072,-0.07777777777777778,0.4666666666666666,1
-1.0938847117794483,-0.7077418546365908,-0.40956140350877224,-0.5536591478696753,2.0651127819548876,-0.5727869674185464,3.5388471177944893,3.9649122807017534,0.008984962406014985,-0.37092731829573933,-0.37844611528822036,3.127819548872181,0.5689223057644113,0.8245614035087718,0.5288220551378445,0.23558897243107768,0.07253947368421065,0.8194444444444446,0.3333333333333335,1.1111111111111112,-0.23611111111111116,0.16666666666666669,0
1.470350877192982,1.0248362573099423,0.5644736842105265,0.6830994152046781,0.3242982456140382,0.5624385964912277,8.89473684210526,-0.8274853801169684,0.0516286549707603,-0.4590643274853803,0.16374269005847963,0.8362573099415211,-0.2748538011695907,0.2719298245614037,0.06725146198830412,0.08187134502923976,0.003368421052631687,-0.41666666666666696,-0.016666666666666607,0.0,-0.2333333333333334,-0.2833333333333333,1
-0.19500000000000028,-0.2593888888888889,-0.028833333333332822,-0.10444444444444656,-1.3322222222222209,0.5893333333333335,1.5555555555555571,-2.6111111111111,0.002388888888888996,0.6111111111111112,0.5555555555555556,-2.0,-0.38888888888888906,-0.8333333333333339,-0.2777777777777778,-0.05555555555555558,62.44129861111111,-0.6999999999999993,0.5818181818181816,0.16363636363636358,-0.5545454545454547,-0.027272727272727282,1
-0.601052631578948,-0.3702894736842106,-0.14847660818713448,-2.4488011695906504,-3.0766081871344966,-1.4696929824561402,4.409356725146196,-7.44736842105263,55.471444444444444,0.08187134502923987,0.32748538011695916,-1.7923976608187129,-0.32748538011695927,-0.38888888888888884,-0.08187134502923982,-0.2894736842105263,117.51970915032679,1.6333333333333346,-0.011111111111111072,-0.34444444444444455,-0.011111111111111183,0.4666666666666666,1
0.34868421052631593,0.4337763157894745,-0.2462631578947363,0.8641052631578958,0.8278947368421079,0.28063421052631554,14.799999999999997,2.6947368421052573,0.029578947368420927,0.023684210526315752,0.25526315789473697,-0.5315789473684216,-0.3605263157894738,-0.37631578947368416,-0.24473684210526314,0.13684210526315793,49.63790643274854,1.0,1.0,1.3333333333333335,0.2222222222222222,0.5555555555555556,1
-1.0116577540106957,-0.8576577540106955,-0.22695454545454585,-0.8952941176470635,-3.16502673796791,-1.6193582887700535,10.163101604278083,-3.093582887700535,0.04125401069518703,0.3208556149732622,0.7406417112299466,0.06149732620320947,-0.6042780748663101,-0.45721925133689867,-0.27540106951871657,-0.2647058823529412,62.414119318181825,1.166666666666666,-0.666666666666667,1.3333333333333333,-0.75,-0.16666666666666669,1
1.0212222222222227,0.7020166666666665,0.03866666666666663,4.28511111111111,2.0771666666666633,3.047816666666667,-1.7666666666666657,4.400000000000006,-62.465835294117646,-0.01666666666666683,-0.1777777777777776,-0.5222222222222221,0.06111111111111134,-0.411111111111111,-0.03888888888888886,0.0888888888888889,-52.49089164086687,-3.8441558441558445,-0.9545454545454546,-1.0259740259740262,-0.5714285714285714,-0.14935064935064937,0
0.4102352941176477,0.39074117647058904,-0.08546176470588307,1.7732058823529364,3.062705882352951,1.1357999999999997,-1.2470588235294002,-2.020588235294113,-0.015691176470588153,-0.07941176470588229,0.0,-0.6500000000000004,-0.3852941176470588,-0.25588235294117645,-0.02941176470588236,-0.22058823529411764,-9.833319078947369,2.6223776223776216,1.0489510489510492,0.5524475524475525,0.21678321678321677,0.5244755244755244,1
1.5688854489164088,1.3793065015479877,0.12731269349845187,2.4836222910216694,1.3908359133126957,1.5566780185758518,-10.541795665634666,-1.5541795665634623,-0.06865325077399398,0.3622291021671826,0.14241486068111464,-1.8080495356037147,-0.7461300309597525,-0.2817337461300311,-0.09907120743034059,-0.0619195046439629,-117.61498761609907,0.40000000000000036,0.10000000000000009,-0.8999999999999999,0.6000000000000001,0.30000000000000004,1
-0.35027863777089774,-0.27845201238390116,-0.2313560371517025,-0.8027863777089781,-1.3895356037151672,-0.35018885448916404,7.541795665634666,-2.0278637770897774,0.032340557275541804,0.2600619195046441,0.368421052631579,-0.9195046439628474,-0.1455108359133126,0.1609907120743035,-0.024767801857585203,0.14241486068111459,124.88790460526316,6.25,1.7403846153846154,2.4711538461538463,0.4230769230769231,0.3942307692307692,1
0.9241250000000005,0.4947625,0.4128750000000001,2.0165000000000024,3.2103749999999955,2.0696499999999998,2.6875,6.0625,0.02111250000000009,0.32499999999999996,0.2875,-1.7374999999999998,0.1625000000000001,-0.9624999999999999,-0.13749999999999996,-0.025000000000000022,157.81194736842107,-2.5714285714285703,-0.5714285714285712,-1.285714285714286,0.0,-0.1428571428571429,0
-1.4936842105263164,-0.7830000000000008,-0.6632105263157895,-0.7768421052631602,-0.5268421052631638,-0.9462631578947364,-2.05263157894737,-7.421052631578945,-0.05047368421052634,0.10526315789473695,0.0,-1.1578947368421062,0.0,-0.4210526315789478,0.1578947368421052,0.052631578947368474,52.58994736842105,0.9000000000000004,1.2636363636363634,-0.9818181818181815,0.7363636363636364,0.04545454545454547,0
-0.5665,-0.4181444444444442,-0.28763333333333296,-1.7415555555555553,-1.3922222222222231,-0.8637500000000001,1.6111111111111143,-8.077777777777769,0.022766666666666713,0.4388888888888889,0.3999999999999999,-1.8611111111111107,-0.22222222222222232,-0.9888888888888894,-0.19444444444444442,0.12222222222222223,49.96631111111111,-0.06666666666666643,0.3333333333333335,-0.8555555555555552,0.3222222222222223,0.3888888888888889,1
-1.2250000000000005,-0.5785500000000001,-0.542,-3.2829999999999995,-2.683999999999994,-3.1000499999999995,-1.9000000000000057,-2.6500000000000057,62.43405,-0.34999999999999987,-0.20000000000000007,1.6000000000000005,-0.050000000000000266,0.44999999999999973,0.09999999999999998,-0.04999999999999999,-105.29852631578949,-1.0,-0.09999999999999964,-0.3999999999999999,0.0,-0.2,0
0.8032723112128144,0.2966910755148744,0.7004805491990842,2.0783295194508007,2.502540045766594,1.2456636155606409,-8.043478260869563,-7.546910755148744,-0.025112128146452917,0.22196796338672775,0.06864988558352403,-1.4553775743707096,-0.13729977116704806,-0.2128146453089248,-0.01830663615560635,-0.04118993135011445,55.50025603864735,1.416666666666667,0.08333333333333304,0.33333333333333304,0.0,-0.08333333333333334,1
-0.3598692810457518,-0.24246078431372542,0.0989509803921571,-2.1075816993464045,-1.6322549019607848,-1.5619607843137258,-5.686274509803923,-4.264705882352942,-0.013529411764706012,0.1372549019607845,0.2777777777777777,-0.013071895424836555,0.006535947712418277,0.1405228758169934,0.15359477124182996,-0.03594771241830064,124.86753308823529,3.0128205128205128,1.3141025641025643,0.6025641025641026,-0.05128205128205132,-0.14743589743589747,1
-1.2289999999999992,-0.6337500000000005,-0.54325,-0.9039999999999999,-0.9315000000000069,-0.5807999999999998,-11.599999999999994,1.5,-0.039334210526315805,-0.40000000000000013,-0.5499999999999999,1.450000000000001,0.44999999999999973,0.8500000000000001,0.09999999999999998,-0.050000000000000044,-52.53305263157896,1.0999999999999996,-0.19999999999999973,1.6,-1.2,0.4,1
0.45701388888888905,0.2532291666666666,0.2670416666666666,2.6380555555555567,3.5007638888888906,1.9905833333333334,-11.034722222222229,2.4791666666666714,-0.02315972222222229,0.18055555555555558,-0.03472222222222232,-0.6597222222222214,0.0625,-0.6458333333333335,-0.02083333333333337,-0.1527777777777778,-0.02938888888888891,2.1313131313131297,0.6060606060606062,0.9696969696969693,0.07070707070707061,0.3434343434343434,1
-0.367647058823529,-0.17897058823529433,-0.14876797385620955,0.68545751633987,1.050261437908489,-0.20477450980392176,2.2810457516339966,9.32352941176471,0.0448986928104575,0.15032679738562083,0.013071895424836555,-0.062091503267973636,0.045751633986928386,-0.1405228758169934,-0.26797385620915026,0.08823529411764708,-0.014194444444444287,-1.0,-0.2999999999999998,-0.10000000000000009,0.0,-0.49999999999999994,0
1.0594117647058825,0.7154673202614379,0.3234705882352942,1.7355228758169918,-1.2620588235294115,2.094774509803922,-5.202614379084963,1.4019607843137294,-0.046983660130718974,0.6633986928104576,0.4084967320261439,-2.0653594771241828,-0.7549019607843139,-0.620915032679739,-0.27450980392156865,-0.36601307189542487,-55.079694852941174,-1.081818181818182,-1.2181818181818183,0.17272727272727284,0.11818181818181828,-0.3363636363636363,0
-0.05561764705882277,-0.07764117647058799,-0.06380000000000008,-0.7598235294117632,-0.4585294117647081,-0.35648529411764723,-2.617647058823536,1.4058823529411768,0.04033529411764708,0.138235294117647,-0.04117647058823537,-0.16176470588235325,-0.11764705882352944,-0.07058823529411784,-0.014705882352941124,0.2235294117647059,50.0177625,1.1999999999999993,0.4454545454545453,0.627272727272727,-0.09090909090909083,0.23636363636363633,1
-0.01950464396284879,-0.10950464396284887,0.05489473684210533,0.1931269349845195,-2.517801857585134,-0.3229133126934986,4.959752321981426,-6.043343653250773,0.014275541795665592,0.3065015479876161,0.5325077399380804,-1.3715170278637778,-0.5325077399380806,-0.5696594427244581,-0.4643962848297213,-0.23839009287925694,62.425148026315796,1.68888888888889,0.34444444444444455,0.9333333333333336,0.0,0.5666666666666667,1
-0.4671111111111115,-0.24153333333333338,-0.14583333333333348,0.6215555555555543,0.290388888888895,-0.0790666666666664,-13.722222222222229,-3.5833333333333286,-0.04427222222222238,-0.14444444444444438,-0.3222222222222223,1.0777777777777784,-0.10000000000000009,0.31666666666666643,0.11666666666666659,-0.12777777777777777,-157.84133625730996,2.595238095238095,0.7142857142857142,0.9166666666666665,0.08333333333333337,0.023809523809523808,1
-1.5831249999999994,-0.9273125000000004,-0.6773750000000001,-4.2395,-4.311875000000001,-2.5016999999999996,-1.4874999999999972,-3.112499999999997,0.0037532894736842515,-0.17500000000000004,-0.3375,1.3375000000000004,0.08749999999999991,1.1625,0.03749999999999998,-0.025000000000000022,-105.14368421052632,-0.1309523809523796,0.20238095238095255,-0.3214285714285716,0.5595238095238094,-0.6071428571428572,1
0.318956521739131,0.5240173913043487,-0.060832608695652546,2.518934782608696,4.048434782608702,1.4171478260869563,-1.643478260869557,-4.202173913043481,-0.01996739130434777,0.14565217391304341,0.17391304347826098,-1.7369565217391312,-0.49782608695652186,-0.2891304347826087,-0.4130434782608695,-0.05434782608695654,52.6008466819222,2.4499999999999993,1.15,0.9500000000000002,-0.5,0.09999999999999998,1
-0.3294736842105266,-0.2629473684210528,0.10442105263157919,-0.4868421052631575,-2.602105263157899,0.3521052631578949,7.73684210526315,-5.736842105263165,0.022157894736842154,-0.05263157894736836,0.26315789473684215,0.4210526315789469,0.10526315789473695,-0.2105263157894739,0.10526315789473684,0.052631578947368474,52.664421052631575,-1.916666666666666,0.0,-1.083333333333333,0.5000000000000001,-0.11111111111111116,1
0.31764705882353006,0.16979411764705876,0.09893790849673167,2.4836928104575193,3.676143790849668,1.7244607843137254,-0.4248366013071774,5.264705882352942,0.014486928104575192,-0.026143790849673332,-0.22222222222222232,0.29084967320261335,0.10457516339869288,-0.1405228758169934,-0.20915032679738554,0.14705882352941174,-124.87900694444444,-4.415384615384616,-0.6923076923076925,-1.330769230769231,-0.3076923076923077,0.15384615384615385,0
0.7435294117647056,0.6343529411764706,0.12847058823529411,0.8582352941176463,-0.8635294117647057,0.9981764705882357,-2.52941176470587,-5.470588235294116,-0.06694117647058834,0.3529411764705883,0.2941176470588236,-1.7647058823529402,-0.47058823529411775,-0.7058823529411766,-0.17647058823529416,-0.4117647058823529,-117.57244485294117,1.147435897435896,0.5192307692307692,-0.20512820512820484,0.019230769230769273,0.12179487179487175,1
-1.4691470588235291,-0.9051705882352943,-0.509623529411765,-2.5727647058823546,-2.420294117647064,-2.1991911764705883,3.558823529411768,1.523529411764713,0.05127647058823531,0.25588235294117645,0.1352941176470588,-0.867647058823529,-0.17647058823529393,-0.12941176470588234,-0.07352941176470584,-0.0117647058823529,49.951950000000004,1.5128205128205119,0.21794871794871784,1.1410256410256412,-0.012820512820512775,-0.4551282051282051,1
1.4453636363636369,0.9672136363636363,0.39445454545454584,4.184000000000001,3.386409090909087,3.3193318181818183,-13.145454545454541,2.5818181818181927,-62.505736363636366,-0.25909090909090926,-0.5818181818181818,0.10909090909090757,0.4954545454545456,0.24545454545454604,0.21363636363636362,0.2,-52.4846028708134,1.3000000000000007,-0.42727272727272725,0.01818181818181852,0.47272727272727266,0.2272727272727273,1
0.2770526315789472,0.11828947368421083,0.17517105263157906,2.389578947368422,1.809552631578942,1.2106763157894738,-7.431578947368422,3.2473684210526272,-55.50481666666666,-0.3763157894736844,-0.5052631578947367,2.2868421052631582,0.40526315789473677,1.0,0.27631578947368424,0.1394736842105263,-64.92013312693499,-2.125,0.20000000000000018,-0.4500000000000002,-0.3999999999999999,-0.525,1
0.008333333333333748,-0.10033333333333339,-0.021833333333332927,0.25055555555555564,-1.078888888888887,0.7871666666666666,-2.8888888888888857,-3.055555555555543,0.0017222222222221806,0.6111111111111112,0.38888888888888884,-1.0,0.0,-0.5555555555555558,-0.2222222222222222,0.16666666666666663,-0.02288888888888896,0.7999999999999989,1.0,0.2999999999999998,0.4,0.20000000000000007,1
0.20044817927170833,0.11848179271708625,0.13684313725490194,-0.3265266106442617,-2.3967226890756343,-0.8194173669467786,-1.3221288515406115,5.4901960784313815,0.022033613445378186,0.18207282913165268,0.14005602240896353,-1.4033613445378146,-0.2717086834733893,-0.19607843137254877,-0.299719887955182,-0.17366946778711484,-0.07999999999999985,1.2111111111111104,-0.7666666666666666,-0.2999999999999998,-0.3555555555555556,0.16666666666666663,0
-0.21735294117647008,-0.138261437908497,0.025715686274509153,0.9670261437908501,1.5978104575163385,0.5937941176470589,-0.7581699346405202,5.5424836601307135,-0.0019019607843137054,-0.3594771241830066,-0.5,1.3464052287581687,0.10457516339869288,0.859477124183007,0.1797385620915033,-0.07516339869281047,-124.87917361111111,0.3222222222222211,0.22222222222222232,1.0777777777777775,-0.7111111111111111,-0.7111111111111111,1
1.34664705882353,0.8083205882352942,0.38532352941176495,3.975764705882355,3.0707941176470577,3.4150911764705882,-10.158823529411762,-3.9235294117647044,-62.509776470588235,-0.055882352941176494,-0.1352941176470588,-0.18235294117647172,0.1264705882352941,-0.2705882352941176,0.17352941176470582,0.11176470588235293,-52.48817105263158,0.8461538461538458,0.6923076923076923,0.23076923076923084,0.46153846153846156,0.07692307692307687,1
0.17400000000000038,-0.2261000000000002,0.2505500000000005,-1.7994999999999965,-1.819500000000005,-0.32289999999999996,9.599999999999994,2.299999999999997,0.04930000000000012,0.25,0.09999999999999998,-0.6499999999999995,0.25,-0.10000000000000009,0.050000000000000044,0.09999999999999998,105.20557894736842,-4.123076923076923,-1.569230769230769,-1.676923076923077,-0.1923076923076923,0.2153846153846154,0
-0.45759868421052685,-0.6419572368421049,0.19078289473684218,-2.5217105263157897,-3.889769736842105,-1.100486842105263,11.20723684210526,-3.5230263157894797,0.045384868421052715,-0.046052631578947345,0.023026315789473673,1.0690789473684212,0.09539473684210531,0.4177631578947367,-0.1546052631578947,-0.15131578947368418,0.08310526315789468,0.48888888888888893,0.28888888888888875,-0.47777777777777786,0.38888888888888884,-0.6444444444444444,0
-0.6874747474747478,-0.6301969696969696,0.0017121212121207208,-0.27944444444444727,-0.41202020202019796,-0.29834848484848475,1.3232323232323182,-3.5151515151515156,0.02741414141414128,0.46464646464646475,0.45959595959595956,-0.6313131313131297,-0.5454545454545454,-0.37878787878787934,-0.19696969696969702,-0.2777777777777778,-0.05820707070707076,1.988888888888889,0.022222222222222143,1.1555555555555554,-0.26666666666666666,0.5,1
0.519215686274511,0.24016993464052283,0.20199999999999996,1.2322875816993477,-0.14519607843137194,1.2944313725490195,-7.117647058823536,6.4281045751634025,0.019290849673202548,0.3104575163398693,-0.05228758169934644,0.6993464052287575,0.10457516339869288,0.36274509803921573,-0.042483660130718914,0.26797385620915026,0.028562500000000157,1.8545454545454554,0.26363636363636367,0.9909090909090907,0.13636363636363635,0.6272727272727273,1
0.9063305322128858,0.5128935574229692,0.14525490196078428,0.3399439775910338,-0.7667226890756247,0.30852380952380964,-5.0280112044817855,-0.8039215686274446,-0.02008403361344524,-0.05322128851540597,-0.09523809523809534,-1.2857142857142856,-0.3305322128851542,-0.37254901960784315,-0.0056022408963585235,-0.23249299719887956,-62.494437500000004,-1.26923076923077,-0.5961538461538463,-0.9102564102564106,0.3782051282051282,0.09615384615384615,0
1.2171637426900577,0.898567251461988,0.16108771929824584,3.1715789473684257,2.1054970760233864,1.5971929824561404,-2.4093567251461963,-0.8859649122806985,-55.48155555555555,0.14035087719298245,0.11695906432748537,1.459064327485379,0.10526315789473695,0.6666666666666665,0.1374269005847954,0.23391812865497075,-58.74570588235294,1.708333333333334,1.0138888888888888,-0.22222222222222232,0.4027777777777778,0.7638888888888888,1
0.8627777777777768,0.30908333333333404,0.7678333333333334,1.2208888888888865,1.7083333333333357,0.48428333333333295,2.4666666666666686,-4.700000000000003,0.006919504643962737,0.21666666666666679,0.4277777777777777,-0.6777777777777789,-0.26111111111111107,-0.23888888888888893,0.03888888888888886,0.011111111111111127,105.12115479876161,1.1999999999999993,0.7000000000000002,0.0,0.0,-0.2,1
-0.38736842105263314,-0.668473684210527,0.34678947368420987,0.5636842105263113,1.669473684210523,-0.17778947368421005,-11.89473684210526,-4.78947368421052,-0.060578947368420955,0.26315789473684226,-0.15789473684210542,-1.3157894736842106,0.26315789473684226,-0.5789473684210531,0.10526315789473684,-0.2631578947368421,55.51440935672515,0.5,-0.19999999999999973,0.09999999999999964,0.0,-0.30000000000000004,1
0.8545434782608683,0.37748260869565176,0.47658260869565217,1.1605652173912997,-0.19543478260869662,0.7899021739130434,0.5434782608695627,6.952173913043481,-0.0048826086956522685,-0.2456521739130435,-0.07391304347826089,1.8369565217391308,0.34782608695652195,0.33913043478260896,0.1630434782608695,-0.09565217391304348,-49.97167826086957,-2.801282051282051,-0.8910256410256412,-1.294871794871795,-0.13461538461538458,-0.03205128205128205,0
-0.22129411764705909,-0.2677941176470593,-0.09575,-1.3132941176470592,-2.632617647058815,-1.2513264705882354,7.917647058823533,-1.711764705882345,0.03376764705882351,0.2617647058823531,0.45882352941176463,-0.07941176470588296,-0.35882352941176454,-0.4117647058823528,-0.16176470588235292,-0.11470588235294116,9.832305921052644,2.0909090909090917,0.6212121212121213,0.18181818181818166,0.25,-0.05303030303030304,1
-0.7626315789473681,-0.676102339181287,-0.23447368421052617,0.0597953216374254,-1.1239473684210495,0.8329385964912284,8.339181286549703,0.903508771929836,0.032827485380117094,0.5116959064327486,0.42397660818713456,-1.5730994152046787,-0.4298245614035088,0.1871345029239766,-0.1228070175438597,0.011695906432748537,62.450029605263154,0.6444444444444439,-0.06666666666666643,1.1666666666666665,-0.033333333333333326,0.16666666666666663,0
0.09871657754010688,0.15889304812834215,0.009131016042780882,0.20823529411764596,0.31561497326202925,-0.09575935828877014,-2.9866310160427787,6.505347593582897,0.004040106951871736,-0.20320855614973277,-0.446524064171123,0.2914438502673793,0.3689839572192515,0.5160427807486636,0.0401069518716578,0.08823529411764708,0.0035681818181819702,-1.0999999999999996,-0.7000000000000002,1.2999999999999998,-0.6,-0.09999999999999998,0
-0.6550000000000002,-0.3773500000000001,-0.26325,-4.601999999999997,-2.853999999999992,-2.9513,10.899999999999991,-1.2000000000000028,62.49825,0.20000000000000018,0.2999999999999998,-0.25,-0.25,-0.20000000000000018,-0.09999999999999998,-0.04999999999999999,-0.0972105263157843,0.1999999999999993,0.10000000000000009,0.5,-0.29999999999999993,0.19999999999999996,1
1.4307894736842095,0.7920394736842109,0.6938947368421053,2.4104210526315786,1.046315789473688,1.5092131578947365,8.642105263157887,-5.831578947368428,0.019842105263157883,0.4447368421052631,0.6236842105263157,-2.742105263157896,-0.6236842105263158,-1.0078947368421054,-0.40263157894736834,-0.07368421052631574,105.12589473684211,-0.8222222222222211,-0.8888888888888888,-0.6000000000000001,0.0,-0.1333333333333333,1
-2.7330959752321986,-1.8993591331269357,-0.8949442724458205,-2.773622291021672,0.6844272445820394,-2.8550464396284827,0.7523219814241457,-0.13003095975231815,-0.003978328173374512,-0.20433436532507732,-0.4055727554179568,0.22910216718266163,0.6408668730650156,0.07120743034055721,0.15170278637770895,0.0619195046439629,117.54051393188854,0.3222222222222211,1.1555555555555554,-0.7666666666666662,0.5111111111111112,-0.13333333333333341,0
1.7176111111111099,1.2544777777777774,0.37346666666666684,3.981,2.4994444444444426,2.121916666666667,0.7222222222222285,-0.5333333333333314,-0.016488888888888886,0.1166666666666667,0.3222222222222223,0.47222222222222143,0.0,0.2666666666666666,-0.13888888888888884,0.0444444444444444,8.807858823529415,2.666666666666667,1.25,0.4166666666666665,0.16666666666666674,0.6666666666666666,1
0.2925263157894733,0.07890526315789526,0.3531078947368418,1.2942894736842092,1.1401052631578956,1.2920631578947366,4.294736842105266,0.23947368421052317,0.017197368421052683,0.02894736842105261,0.21052631578947367,-0.018421052631579116,0.007894736842105399,-0.4447368421052631,-0.3421052631578947,-0.2763157894736842,52.689473684210526,1.2948717948717956,0.8589743589743593,1.301282051282051,-0.29487179487179493,0.41666666666666663,1
-0.020588235294118462,-0.04564705882352982,0.23929411764705888,1.131764705882354,0.9958823529411696,0.8012941176470589,1.0,2.235294117647058,0.011705882352941122,0.0588235294117645,0.0,0.235294117647058,0.11764705882352944,0.17647058823529438,-0.23529411764705876,0.11764705882352938,-62.450375,-3.3484848484848477,-2.174242424242424,-1.265151515151515,-0.037878787878787845,-0.11363636363636365,0
-1.078513931888545,-0.7572167182662544,-0.42947368421052623,-0.8174922600619201,-0.7254179566563437,-0.26365944272445796,11.012383900928796,-5.969040247678009,0.01286996904024773,0.20123839009287936,0.30959752321981426,-1.2724458204334361,-0.1455108359133126,0.10216718266253899,-0.024767801857585203,-0.03405572755417954,-0.04272039473684219,-3.313131313131313,0.3535353535353538,-0.9797979797979797,0.06060606060606066,0.12121212121212122,0
-0.17999999999999972,-0.400891812865497,0.09173684210526312,-0.2612573099415201,-0.050789473684208275,0.18599122807017554,-2.3976608187134474,8.692982456140356,-0.000488304093567149,0.35380116959064334,0.0029239766081871066,-0.678362573099415,-0.11403508771929838,-0.12865497076023402,-0.2807017543859649,-0.35672514619883045,9.870871710526316,-2.448717948717949,-0.4871794871794872,-1.0576923076923077,0.2692307692307693,0.05769230769230771,0
-0.08995215311004667,0.3898899521531103,-0.6583086124401905,-0.4578947368420998,0.42880382775119585,0.06786602870813385,0.9545454545454533,5.576555023923447,-0.01724162679425839,-0.43540669856459346,-0.5765550239234449,0.777511961722487,0.3349282296650715,0.5191387559808618,-0.031100478468899517,0.2368421052631579,-55.476959595959606,-0.40000000000000036,0.10000000000000009,-1.2999999999999998,0.4,0.0,0
1.244117647058823,0.7631176470588235,0.3564705882352941,1.9841176470588202,-1.7511764705882307,1.1257647058823532,-1.5294117647058698,-2.17647058823529,-0.03258823529411781,0.3529411764705883,0.41176470588235303,-0.7058823529411757,-0.6470588235294119,-0.5882352941176472,-0.3529411764705882,-0.35294117647058826,-55.08894485294117,-2.5999999999999996,-1.233333333333333,-0.9111111111111105,0.43333333333333346,-0.16666666666666663,0
1.1255263157894726,0.2853552631578955,0.8681578947368422,1.7177894736842099,0.42210526315789565,1.4012131578947367,12.694736842105257,-0.4105263157894825,0.041631578947368464,0.1289473684210527,0.3605263157894737,-0.2684210526315791,0.007894736842105399,-0.7447368421052634,-0.19210526315789467,-0.12631578947368416,105.22678947368422,-0.5666666666666664,-0.7444444444444445,0.022222222222222143,0.33333333333333337,0.4444444444444444,1
0.12164705882352944,0.22977058823529406,-0.15667647058823508,0.6927647058823556,0.38679411764706373,0.3150411764705885,-12.058823529411768,-6.57352941176471,-0.0757264705882354,-0.40588235294117636,-0.33529411764705885,1.4176470588235288,0.07647058823529385,0.17941176470588216,0.2735294117647058,0.061764705882352944,-157.78669736842107,1.0769230769230766,0.0,0.1538461538461542,0.07692307692307698,0.15384615384615385,1
0.4311684782608691,0.19684510869565153,0.22315760869565215,1.297065217391303,0.9814402173912988,0.9754021739130432,-5.269021739130437,7.964673913043484,-0.008220108695652262,-0.07065217391304346,0.013586956521739024,0.6494565217391308,0.41032608695652195,-0.5733695652173911,0.2255434782608695,-0.07065217391304346,0.005521739130434744,0.5777777777777793,-0.18888888888888866,-0.14444444444444482,0.33333333333333326,-0.6222222222222221,0
1.1437222222222219,0.7988666666666666,0.1629666666666667,2.8821111111111097,1.4266666666666694,1.8319166666666669,4.833333333333329,6.799999999999997,-0.0073352941176469955,-0.21666666666666679,-0.1777777777777776,0.5277777777777786,0.11111111111111116,-0.011111111111111072,-0.13888888888888884,-0.011111111111111127,-49.954670588235295,-3.226190476190477,-0.75,-0.7619047619047619,-0.8571428571428571,-0.047619047619047616,0
1.2613312693498457,0.786241486068112,0.5683560371517027,1.9006811145510838,0.8432198142414897,1.9433993808049532,5.247678018575854,1.6594427244582022,0.05144891640866878,-0.20743034055727572,0.052631578947368474,1.1826625386996898,-0.1702786377708978,0.5758513931888549,0.024767801857585203,0.17337461300309592,-124.89869407894737,-1.3499999999999996,0.20000000000000018,0.04999999999999982,-0.525,0.025000000000000022,1
1.0510000000000002,0.8046500000000003,0.29144999999999954,5.082499999999996,4.503499999999999,3.4229499999999997,-7.699999999999989,0.3500000000000085,-62.48335,0.09999999999999987,0.10000000000000009,-0.9500000000000011,-0.19999999999999973,-0.34999999999999964,-0.15000000000000002,-0.04999999999999999,0.09294736842105777,1.666666666666666,0.5833333333333335,-0.08333333333333348,0.5833333333333333,0.0,1
0.12894736842105248,0.19715497076023403,-0.04642105263157914,-0.8276900584795346,0.3339473684210539,-0.9283596491228072,3.187134502923982,-5.1140350877193015,55.48544444444444,-0.19590643274853803,0.049707602339181256,-0.8479532163742682,0.06140350877192979,-0.5555555555555554,-0.19298245614035087,-0.011695906432748537,55.078577205882354,1.1010101010101003,0.23232323232323226,0.040404040404040664,0.49494949494949503,0.7272727272727273,0
-0.2017894736842103,-0.15828947368421042,-0.15064473684210533,-1.5064210526315787,-0.1148157894736812,-0.9284131578947368,2.957894736842107,4.331578947368428,0.01949210526315792,-0.044736842105262964,-0.0736842105263158,1.2921052631578949,0.1736842105263161,0.1578947368421053,0.30263157894736836,0.12368421052631579,-52.59284210526315,-1.462121212121211,-0.9848484848484849,0.030303030303030276,0.1742424242424242,0.03030303030303033,0
-1.0947619047619037,-0.7058412698412697,-0.38066666666666693,-0.254126984126982,0.28976190476190666,0.2711428571428569,0.3809523809523796,1.0555555555555571,0.008198412698412594,0.24603174603174605,-0.015873015873015817,1.3968253968253963,0.31746031746031766,0.5,0.19841269841269837,0.20634920634920634,0.042749999999999955,-2.7023809523809517,-0.7261904761904763,-0.9880952380952379,-0.16666666666666663,0.0357142857142857,0
-0.03263157894736768,-0.1086578947368424,-0.13241812865497082,1.6809064327485412,2.286608187134501,1.3742719298245614,7.116959064327489,3.2368421052631646,0.046827485380116995,0.23391812865497075,0.14619883040935666,-0.628654970760234,-0.040935672514619714,0.02046783625731008,-0.23391812865497075,0.2894736842105263,0.00889766081871357,-4.361111111111111,-1.4722222222222219,-0.38888888888888884,-0.30555555555555547,0.3055555555555556,0
-0.19676470588235162,-0.09261437908496717,-0.21357843137254973,-0.16473856209150384,0.601928104575169,-0.20750000000000002,-1.7581699346405202,3.3071895424836555,-0.013607843137254827,-0.4183006535947711,-0.5,1.1111111111111107,-0.013071895424836555,0.6830065359477127,0.41503267973856206,-0.19281045751633985,-62.42879861111111,0.9153846153846157,0.1923076923076925,0.36923076923076925,-0.06923076923076932,-0.11538461538461542,0
-0.49588235294117666,-0.48200619195046435,-0.10326315789473695,-1.1385448916408656,0.3477399380804975,-0.9106068111455108,0.27554179566564585,1.820433436532511,-0.020445820433436512,0.04334365325077405,-0.11145510835913319,-0.3777089783281724,0.1702786377708978,-0.21362229102167163,-0.1826625386996904,-0.4024767801857585,-52.621878289473685,-2.083333333333334,-0.5166666666666666,-0.75,-0.41666666666666663,-0.4,0
2.255775401069519,1.620775401069519,0.58342513368984,2.8794117647058837,1.4138502673796793,2.745122994652407,-11.692513368983953,0.917112299465245,-0.07384224598930483,0.03208556149732611,-0.32887700534759357,-0.7673796791443852,-0.042780748663101775,-0.13101604278074852,-0.07754010695187163,-0.08823529411764708,-117.50306417112299,-0.29999999999999893,-0.40000000000000036,-0.7999999999999998,0.5,-0.09999999999999998,0
-0.7320434782608691,-0.28063260869565165,-0.3522826086956521,-2.5635652173913,-0.45506521739129724,-2.005802173913043,6.056521739130432,-4.5521739130434895,62.46338260869565,0.04565217391304355,0.07391304347826089,-0.7869565217391301,-0.29782608695652213,0.06086956521739095,-0.2630434782608695,-0.004347826086956552,52.50789931350114,-1.25,0.25,-0.5,-0.25,-0.24999999999999994,0
-0.26333333333333364,-0.36499999999999977,0.35749999999999993,-0.3805555555555564,0.8972222222222257,-0.026833333333333487,-10.055555555555557,-5.333333333333329,-0.012486928104575301,0.22222222222222232,0.05555555555555536,0.0,-0.11111111111111116,0.2777777777777777,0.05555555555555547,-0.16666666666666669,-0.05191830065359482,2.377777777777778,1.0444444444444447,0.14444444444444482,-0.14444444444444438,0.36666666666666664,1
1.0458823529411774,0.648558823529412,0.2970555555555554,2.4983986928104613,3.0120261437908447,1.6379313725490194,-3.8954248366013076,9.205882352941174,0.033957516339869265,0.03267973856209139,-0.1633986928104576,0.6437908496732021,0.10457516339869288,-0.08169934640522891,-0.20915032679738554,0.32352941176470584,0.051618055555555764,4.478632478632479,1.290598290598291,1.7179487179487176,-0.170940170940171,0.6153846153846154,1
-1.4786842105263158,-0.9245029239766089,-0.5426403508771935,-0.9336549707602337,0.7545906432748488,-1.3496052631578943,-6.005847953216374,3.8830409356725113,-0.05335087719298248,-0.15204678362573087,-0.5526315789473685,0.16374269005847886,0.2748538011695907,0.2836257309941521,0.1549707602339181,-0.2485380116959064,0.01952046783625727,1.246153846153847,-0.3076923076923075,0.6307692307692307,0.07692307692307687,0.2384615384615384,0
-0.3350154798761613,-0.07031269349845193,-0.016349845201238722,-0.9954489164086713,-1.236346749226012,-1.5790464396284831,-4.835913312693492,6.086687306501545,-0.0019287925696594987,-0.08359133126934992,-0.1331269349845201,0.5665634674922604,0.0866873065015481,-0.1609907120743035,-0.034055727554179516,-0.20123839009287925,-0.02309210526315786,0.10909090909090757,-0.19090909090909092,-0.9545454545454546,0.09090909090909094,-0.7,0
-0.8329999999999993,-0.20645000000000024,-0.5150500000000005,-0.42350000000000065,0.718,-0.10915000000000008,-8.399999999999991,0.6500000000000057,-0.02443421052631578,-0.10000000000000009,-0.15000000000000002,0.25,0.0,0.30000000000000027,-0.15000000000000002,-0.15000000000000002,-52.53731578947369,1.1538461538461533,0.6153846153846154,-0.23076923076923084,0.07692307692307687,0.23076923076923078,1
-1.1614052287581695,-1.0480718954248365,-0.08166666666666678,-2.0952941176470627,-2.9285620915032595,-1.637843137254902,2.8954248366013076,2.4215686274509807,0.010506535947712337,-0.2549019607843137,-0.1633986928104575,0.7483660130718963,-0.05882352941176472,-0.07843137254901933,-0.022875816993464082,-0.2091503267973856,3.657878676470588,-2.375,0.07500000000000018,-0.7000000000000002,-0.875,-0.050000000000000044,1
0.20814241486068097,0.24049535603715144,0.02501238390092908,-0.9180495356037124,-2.2942724458204324,-0.5370309597523222,0.48916408668729616,-5.396284829721367,-0.000606811145510866,0.3653250773993808,0.4736842105263157,-2.0773993808049536,-0.3560371517027865,-0.6284829721362231,-0.28792569659442724,-0.1207430340557275,124.8722730263158,3.2948717948717956,0.9615384615384615,1.6025641025641026,-0.2435897435897435,0.05769230769230771,1
-0.8803157894736833,-0.19997368421052597,-0.7895131578947363,-0.039894736842104095,-0.10360526315789897,-0.3001657894736842,3.200000000000003,4.194736842105257,-0.009755263157894878,-0.3763157894736844,-0.29473684210526296,0.9184210526315795,0.08947368421052593,0.47368421052631593,-0.14473684210526316,0.08684210526315789,-2.8951461988304246,0.3000000000000007,0.5,0.40000000000000036,-0.7000000000000001,0.09999999999999998,1
-0.12812500000000027,-0.3790098684210521,0.08636184210526299,-2.034868421052632,-1.287664473684206,-1.4525921052631579,3.4703947368421098,2.213815789473685,0.02322697368421056,0.006578947368421018,-0.24013157894736847,0.6480263157894743,-0.009868421052631637,0.6282894736842106,-0.2598684210526315,-0.20394736842105265,-52.581315789473685,1.6222222222222218,-0.7777777777777777,0.5,-0.16666666666666669,0.2666666666666666,1
-1.1030952380952375,-0.6055079365079363,-0.358833333333334,-0.5046825396825376,1.3686507936507937,-0.5160238095238097,3.2698412698412653,4.1111111111111,0.006476190476190413,-0.3650793650793651,-0.40476190476190466,2.3968253968253963,0.31746031746031766,1.0555555555555558,0.4206349206349206,0.03968253968253971,0.06563888888888891,-1.2666666666666657,0.14444444444444482,0.04444444444444473,-0.37777777777777777,-0.0444444444444444,0
-1.1642105263157898,-0.520052631578948,-0.7676315789473687,-0.2900000000000027,2.075263157894735,-1.2983684210526314,-9.78947368421052,-1.6842105263157805,-0.07263157894736849,0.1578947368421053,-0.26315789473684215,-1.578947368421053,-0.10526315789473695,-0.2105263157894739,0.05263157894736836,0.0,-0.07447368421052636,-2.122222222222222,-0.7666666666666666,0.12222222222222223,-0.7444444444444445,0.0,0
-0.20333333333333403,-0.1590555555555555,-0.006999999999999895,-0.3550000000000022,-0.25333333333333385,-0.19783333333333308,4.444444444444443,0.44444444444444287,0.0006666666666668153,0.0,0.16666666666666674,-1.0,-0.38888888888888906,-0.2777777777777781,-0.05555555555555558,-0.2222222222222222,62.4641875,1.18888888888889,0.3555555555555552,0.3333333333333335,0.28888888888888886,-0.34444444444444444,0
-0.7632647058823516,-0.5107588235294114,-0.5012117647058827,-1.9062941176470591,-0.7902941176470542,-1.07125,-0.1470588235294059,-4.770588235294113,0.009158823529411886,0.020588235294117796,-0.10000000000000009,-0.75,-0.23529411764705888,-0.3058823529411767,0.22058823529411764,-0.07058823529411762,-12.462487500000002,-2.6500000000000004,-1.8250000000000002,-0.9750000000000001,-0.07499999999999996,0.025000000000000022,1
-1.263622291021672,-0.8726222910216723,-0.30157585139318877,-1.7909907120743007,-0.7666253869969033,-1.4486780185758519,6.489164086687296,-3.866873065015483,0.0468637770897834,-0.04643962848297223,0.1207430340557274,-0.6656346749226021,0.11455108359133126,0.01857585139318907,-0.11145510835913308,0.11455108359133132,117.51409287925696,1.333333333333334,1.0,1.5555555555555558,-0.3333333333333335,-0.11111111111111116,1
0.05979532163742718,0.5803040935672512,-0.8035964912280695,0.7421052631578995,0.19233918128654537,0.0863508771929824,8.222222222222229,0.06140350877193157,0.013505847953216299,0.14035087719298245,0.32748538011695916,0.0906432748538002,-0.2105263157894739,0.14035087719298245,-0.283625730994152,0.18128654970760233,3.279281045751631,0.9090909090909083,-0.09848484848484818,0.3333333333333335,-0.12878787878787873,0.6590909090909091,1
0.21336842105263187,-0.15945789473684213,0.1730263157894738,0.30268421052631567,0.8495526315789483,1.2640052631578946,16.89473684210526,0.4868421052631646,0.0776552631578949,0.4894736842105263,0.46842105263157896,-1.9842105263157892,-0.16315789473684195,-0.01842105263157867,-0.23947368421052628,0.1394736842105263,157.80978947368422,-0.3538461538461526,0.1384615384615384,0.2076923076923074,-0.2846153846153846,-0.11538461538461536,1
-1.1691478696741853,-0.6677418546365912,-0.43408771929824597,-1.4368170426065188,0.3703759398496267,-0.8550501253132834,8.012531328320804,-3.6140350877193015,55.49430952380952,0.05012531328320802,0.20050125313283218,-0.45112781954887193,-0.010025062656641603,-0.3333333333333335,-0.05012531328320807,-0.02756892230576441,117.58551470588235,1.1118881118881125,0.6573426573426573,0.04195804195804209,0.11888111888111885,-0.02797202797202797,1
1.5951111111111107,1.1576277777777773,0.24916666666666676,5.384,3.1499444444444364,3.337816666666667,-5.877777777777766,-2.933333333333323,-62.47498888888889,0.31666666666666665,0.3222222222222223,-0.5777777777777793,-0.04999999999999982,-0.1333333333333333,-0.03888888888888886,0.14444444444444443,6.27163777089784,1.0,0.2999999999999998,0.2999999999999998,0.10000000000000009,0.19999999999999996,1
-0.8723684210526308,-0.2730921052631583,-0.43752631578947376,-2.525684210526313,-1.9510526315789534,-1.6960552631578947,-15.694736842105257,2.463157894736838,-0.05278947368421055,-0.33947368421052637,-0.518421052631579,1.5842105263157897,0.41315789473684195,0.21842105263157885,0.1394736842105263,-0.18947368421052635,-105.14152631578948,2.0,0.6666666666666665,0.6000000000000001,0.7333333333333333,-0.33333333333333337,1
-0.011779448621554778,-0.3494786967418544,0.5305964912280694,0.9926566416040075,2.2835338345864677,0.6557919799498746,-2.6190476190476204,-4.561403508771932,-0.0007518796992480592,0.05012531328320802,-0.010025062656641603,0.9172932330827068,0.30576441102756924,0.1929824561403506,0.37092731829573933,0.02506265664160401,55.560527777777786,2.712121212121211,0.8636363636363638,1.0681818181818183,0.0984848484848484,0.05303030303030304,1
-0.6146035805626608,-0.5276879795396425,-0.033040920716112865,-1.412199488491055,-2.6157289002557604,-1.4092890025575449,4.102301790281331,8.475703324808194,0.046393861892583044,0.010230179028132946,0.0613810741687979,0.9693094629156018,0.17135549872122802,0.20971867007672662,0.08951406649616367,-0.10741687979539638,-0.01972826086956514,-0.44444444444444464,0.22222222222222188,-0.11111111111111116,-0.4444444444444444,-0.6666666666666667,0
1.568300653594771,0.9905784313725494,0.5851372549019607,2.5999673202614364,1.0018300653594814,2.446774509803922,-10.369281045751634,-2.5980392156862706,-0.046428104575163553,0.49673202614379086,0.130718954248366,-1.398692810457515,-0.5882352941176472,-0.5098039215686279,-0.27450980392156865,-0.36601307189542487,-117.56127124183006,-5.222222222222221,-1.4529914529914532,-1.8717948717948714,-1.2393162393162394,-0.025641025641025605,0
-0.5004473684210522,-0.35591052631578934,-0.212378947368421,-0.8094210526315742,-0.39394736842105615,-0.5247236842105264,-3.131578947368425,-0.3526315789473671,-55.465066666666665,0.023684210526315752,-0.20526315789473693,0.9868421052631575,0.10526315789473695,0.3999999999999999,0.27631578947368424,0.18947368421052635,-67.55356470588235,-1.6410256410256414,-1.3012820512820513,-0.3076923076923075,-0.5705128205128204,-0.21794871794871798,0
-0.2070588235294113,-0.3043529411764705,-0.20941176470588263,-0.020588235294122015,-1.219411764705871,-0.5871764705882354,3.47058823529413,-2.882352941176464,0.003176470588235336,-0.11764705882352922,0.05882352941176472,0.47058823529411775,-0.2941176470588236,-0.11764705882352944,0.05882352941176472,-0.23529411764705882,0.0032500000000013074,-0.06666666666666643,0.4222222222222225,-0.6444444444444448,-0.43333333333333324,-0.2555555555555556,1
-0.901461988304094,-0.5437807017543865,-0.6673070175438598,0.2069005847953207,0.7890350877192951,-0.38143859649122747,0.43859649122806843,2.60526315789474,-0.037919504643962765,0.07017543859649122,-0.33040935672514615,-1.1695906432748533,0.16374269005847952,-0.7163742690058483,-0.17836257309941517,-0.1374269005847953,0.031160990712074232,-1.3566433566433567,0.19580419580419584,-1.006993006993007,0.29370629370629364,-0.6503496503496504,0
-0.7840106951871659,-0.5076577540106952,-0.2568368983957221,-2.0064705882352953,-2.9414973262032085,-1.833475935828877,5.692513368983953,-2.446524064171129,0.02637165775401057,0.3796791443850269,0.6818181818181819,-0.6443850267379663,-0.427807486631016,-0.5160427807486636,-0.09893048128342252,-0.14705882352941174,124.86124431818182,2.0,0.16666666666666652,0.5833333333333335,0.33333333333333337,0.0,1
0.22599999999999998,-0.08544736842105216,0.22048684210526304,1.3006315789473675,2.0927105263157877,0.4683078947368421,-6.642105263157887,6.826315789473682,-0.019860526315789495,-0.21842105263157907,-0.4526315789473684,0.760526315789475,0.3526315789473682,0.3157894736842106,-0.19736842105263153,-0.22894736842105268,0.029315789473677967,-3.083333333333333,-0.3333333333333335,-0.25,-0.8333333333333333,-0.33333333333333326,0
0.8019999999999996,0.7427444444444451,0.15694999999999948,2.042388888888887,3.793000000000003,0.7539666666666662,-1.0444444444444372,-2.7166666666666686,-0.004472222222222322,-0.27222222222222237,-0.05555555555555558,0.23888888888888893,0.01666666666666683,-0.10555555555555518,-0.16666666666666663,0.02777777777777779,-9.845819078947365,0.5,0.8000000000000003,0.7999999999999998,-0.20000000000000007,0.4,1
-0.525789473684211,-0.4102894736842102,-0.12395029239766076,-1.565643274853807,-1.3818713450292357,-1.1874298245614032,-0.06432748538011879,0.1315789473684248,-0.013880116959064326,-0.3391812865497075,-0.2514619883040934,1.7865497076023402,0.2514619883040936,0.7690058479532165,0.4970760233918128,-0.026315789473684237,0.006733918128655092,1.5999999999999996,-0.6444444444444448,-0.04444444444444473,0.4444444444444444,0.14444444444444443,1
-0.772666666666666,-0.3575888888888894,-0.4005000000000001,0.11211111111111194,-1.720166666666664,-0.23323333333333318,-13.0,-0.027777777777771462,-0.045494444444444615,0.022222222222222365,-0.21111111111111114,1.4111111111111105,0.12222222222222223,0.4833333333333334,0.17222222222222217,0.09444444444444444,-157.82394736842107,-3.0979020979020984,-1.272727272727273,-1.5454545454545454,0.30069930069930073,-0.14685314685314682,0
-0.3677573529411764,-0.10299632352941224,-0.18962499999999993,0.8963235294117666,1.6354044117647035,0.5419852941176471,-3.194852941176464,-0.39338235294117396,-0.043672794117647074,0.03676470588235303,0.12867647058823528,-1.0257352941176467,0.18014705882352944,-0.8419117647058822,0.07720588235294112,-0.19852941176470587,-0.04056250000000017,-0.43333333333333357,-0.3222222222222224,0.5222222222222221,-0.5,-0.7,1
-0.6146035805626608,-0.5276879795396425,-0.033040920716112865,-1.412199488491055,-2.6157289002557604,-1.4092890025575449,4.102301790281331,8.475703324808194,0.046393861892583044,0.010230179028132946,0.0613810741687979,0.9693094629156018,0.17135549872122802,0.20971867007672662,0.08951406649616367,-0.10741687979539638,-0.01972826086956514,2.787878787878789,0.6464646464646462,0.27272727272727293,0.49494949494949503,-0.5454545454545454,1
-2.3575070028011202,-1.580364145658263,-0.711137254901961,-2.344649859943976,1.2984873949579843,-2.021464985994398,10.028011204481786,0.09803921568627061,0.05584873949579838,-0.41736694677871156,-0.25770308123249297,2.462184873949579,0.6834733893557425,0.8431372549019609,0.41736694677871145,0.350140056022409,117.58663235294117,0.2222222222222232,0.7777777777777781,0.33333333333333304,-0.11111111111111116,-0.5555555555555556,1
0.8372222222222216,0.8206111111111105,-0.1469999999999998,1.4794444444444466,0.17555555555554747,0.3168333333333333,5.944444444444457,-2.0,0.0033333333333334103,0.11111111111111116,0.44444444444444453,-0.055555555555557135,0.0,0.0,-0.05555555555555547,0.2222222222222222,58.81444771241831,2.208333333333334,1.5972222222222223,-0.08333333333333304,0.18055555555555558,0.5277777777777778,1
-0.6589999999999989,-0.43255000000000043,-0.26449999999999996,-2.222999999999997,-1.101500000000005,-0.43205000000000005,1.2000000000000028,2.950000000000003,0.02486578947368434,0.1499999999999999,-0.050000000000000044,-0.39999999999999947,0.25,0.20000000000000018,-0.09999999999999998,-0.050000000000000044,52.66826315789474,-3.4848484848484844,-0.6666666666666665,-1.606060606060606,-0.2727272727272727,0.101010101010101,0
0.20333333333333403,0.1590555555555555,0.006999999999999895,0.3550000000000022,0.25333333333333385,0.19783333333333308,-4.444444444444443,-0.44444444444444287,-0.0006666666666668153,0.0,-0.16666666666666674,1.0,0.38888888888888906,0.2777777777777781,0.05555555555555558,0.2222222222222222,-62.4641875,-1.352564102564104,-0.20512820512820484,-0.34615384615384626,0.1282051282051282,-0.04487179487179488,0
-0.4448297213622294,-0.27826934984520135,-0.14857894736842092,-0.049597523219810924,0.06458204334365192,-0.1682383900928791,-0.5139318885448887,-1.7585139318885439,-55.50540196078431,-0.11455108359133126,-0.16408668730650156,1.1486068111455108,0.22291021671826639,0.47058823529411775,0.29102167182662536,-0.03405572755417954,-117.57132720588235,-1.3076923076923066,-0.8461538461538463,-0.6153846153846154,-0.23076923076923084,-0.15384615384615385,0
0.314473684210526,0.40445029239766095,-0.22499122807017513,0.643654970760231,1.3206725146198863,0.051236842105263025,-3.783625730994146,-5.567251461988292,-0.01928070175438601,0.3099415204678362,0.2894736842105263,-1.742690058479532,-0.38011695906432763,-0.494152046783626,-0.10233918128654973,0.2485380116959064,-0.09399415204678363,-5.1,-1.309090909090909,-2.4545454545454546,-0.23636363636363633,-0.46363636363636374,0
1.0116577540106957,0.8576577540106955,0.22695454545454585,0.8952941176470635,3.16502673796791,1.6193582887700535,-10.163101604278083,3.093582887700535,-0.04125401069518703,-0.3208556149732622,-0.7406417112299466,-0.06149732620320947,0.6042780748663101,0.45721925133689867,0.27540106951871657,0.2647058823529412,-62.414119318181825,-2.3272727272727263,-0.8909090909090907,-0.8454545454545452,-0.054545454545454564,-0.14545454545454545,0
0.38045751633987024,0.28810784313725524,-0.338245098039216,0.9758169934640506,0.6363725490196153,0.7606666666666668,4.686274509803923,2.029411764705884,0.0018235294117648904,-0.196078431372549,-0.2777777777777777,-0.22222222222222143,-0.12418300653594772,-0.3169934640522878,0.0816993464052288,-0.08169934640522875,-62.4171580882353,1.0,-0.33333333333333304,-0.11111111111111072,-0.22222222222222232,0.6666666666666666,1
0.024210526315789682,-0.24373684210526259,0.0698421052631577,-0.2057894736842112,1.9778947368421065,-0.4601052631578947,-3.6842105263157805,11.15789473684211,-0.00036842105263157343,-0.26315789473684204,-0.5263157894736842,2.05263157894737,0.5263157894736843,0.47368421052631593,0.10526315789473684,-0.10526315789473689,-52.563526315789474,0.21111111111111036,0.0777777777777775,-0.5,0.3666666666666667,0.36666666666666664,0
0.6613529411764709,0.4595558823529411,0.13761764705882373,2.1775294117647057,0.44491176470587845,1.485855882352941,-7.452941176470588,0.13529411764706367,-62.479364705882354,0.12058823529411766,0.10000000000000009,-0.5352941176470587,0.06764705882352962,-0.2705882352941176,0.1147058823529411,0.05294117647058827,72.37664144736843,-1.0,-0.11111111111111116,-0.7777777777777777,0.44444444444444453,0.5555555555555556,0
-1.2676842105263164,-0.868447368421053,-0.44272368421052644,0.5237894736842073,1.565868421052624,-0.4779552631578943,-8.694736842105257,-0.594736842105263,-0.07033421052631583,-0.11315789473684212,-0.4526315789473684,-0.39736842105263115,0.3526315789473682,-0.10526315789473717,-0.03947368421052633,-0.1763157894736842,52.61926315789473,-0.6999999999999993,1.6,-0.6999999999999997,0.30000000000000004,-0.5,0
0.5441111111111105,0.35297777777777695,-0.042283333333332784,0.3015000000000043,-1.3535555555555625,-0.08513333333333306,1.8222222222222229,-3.2833333333333314,0.008361111111111152,0.21666666666666679,0.2222222222222222,0.3722222222222218,0.1499999999999999,0.21666666666666634,0.11111111111111116,0.19444444444444442,6.178690402476782,0.7444444444444454,0.38888888888888884,-0.09999999999999964,-0.6333333333333334,0.07777777777777783,0
0.5563157894736825,-0.05202631578947381,0.8162076023391809,-0.019327485380124187,-1.1634502923976555,0.04114912280701777,-6.2222222222222285,-8.39473684210526,-0.02361695906432737,0.08187134502923987,0.11695906432748537,-0.4239766081871341,-0.011695906432748426,0.13742690058479523,0.3391812865497076,-0.2368421052631579,55.49472222222223,1.1111111111111107,0.11111111111111116,0.22222222222222232,0.11111111111111116,0.1111111111111111,1
0.4929565217391314,0.29791739130434847,0.18971739130434795,0.7194347826086993,2.2289347826086967,1.0942478260869564,7.956521739130437,-1.9021739130434838,0.02933260869565235,0.3956521739130434,0.27391304347826095,-2.3869565217391306,-0.24782608695652186,-0.3891304347826088,-0.36304347826086947,0.04565217391304344,157.80642562929063,-1.709090909090909,0.13636363636363624,-1.5999999999999996,0.018181818181818188,-0.2272727272727273,0
0.2537426900584796,0.4009912280701755,-0.027192982456140324,-0.92423976608187,-1.1399415204678434,-1.1849385964912282,-3.1725146198830316,3.096491228070164,-0.033383040935672514,-0.3450292397660819,-0.14619883040935666,0.9064327485380108,0.26315789473684204,-0.29824561403508776,0.1228070175438597,-0.011695906432748537,0.031546783625730934,-1.81111111111111,-0.48888888888888893,-0.8111111111111113,0.2333333333333334,-0.4777777777777778,0
0.4386363636363626,0.04388636363636422,0.41204545454545416,1.3219999999999956,0.39909090909091205,0.2127681818181817,13.845454545454544,-2.88181818181819,0.04682057416267932,0.4590909090909092,0.8318181818181819,-1.3090909090909086,-0.6954545454545453,-0.895454545454546,-0.21363636363636362,-0.09999999999999998,105.11486602870814,0.627272727272727,0.11818181818181817,-0.5818181818181816,-0.09999999999999998,0.42727272727272725,0
-1.4511764705882344,-1.067470588235294,-0.5658823529411767,-2.0047058823529422,0.5317647058823596,-1.7129411764705886,5.0,-0.705882352941174,0.03576470588235314,-0.47058823529411753,-0.3529411764705883,1.1764705882352935,0.3529411764705883,0.47058823529411775,0.4117647058823529,0.11764705882352944,55.09219485294117,-0.755244755244755,-0.9440559440559437,-0.4055944055944054,0.39860139860139854,-0.2027972027972028,0
1.1016099071207424,0.46776780185758526,0.8852631578947363,1.3531888544891633,2.736222910216714,1.5514922600619196,-11.117647058823536,-2.4829721362229122,-0.024012383900928636,0.11455108359133126,-0.16408668730650167,-0.8390092879256965,0.2693498452012386,-0.06191950464396312,0.3065015479876161,0.02786377708978327,-6.937159722222219,2.783333333333333,0.6166666666666667,1.1166666666666667,-0.016666666666666663,0.3166666666666667,1
0.367647058823529,0.17897058823529433,0.14876797385620955,-0.68545751633987,-1.050261437908489,0.20477450980392176,-2.2810457516339966,-9.32352941176471,-0.0448986928104575,-0.15032679738562083,-0.013071895424836555,0.062091503267973636,-0.045751633986928386,0.1405228758169934,0.26797385620915026,-0.08823529411764708,0.014194444444444287,0.5,-0.7,0.0,0.40000000000000013,0.0,1
-0.02977777777777746,-0.1026333333333338,-0.2527833333333329,-0.7973888888888858,-2.4263333333333357,-0.3751333333333329,5.933333333333323,4.049999999999997,0.017514705882353043,-0.1166666666666667,-0.2777777777777777,0.4277777777777789,0.26111111111111107,-0.06111111111111134,0.11111111111111116,0.1388888888888889,-52.58383900928793,0.7777777777777786,-0.6111111111111112,0.7222222222222219,0.11111111111111116,-0.11111111111111105,0
-0.0008771929824553659,0.0019005847953210697,0.028894736842105306,0.2995321637426933,-1.775350877192981,0.8439298245614033,-3.1578947368421098,-2.9093567251461963,-0.0007865497076023908,0.6169590643274854,0.36257309941520455,-1.7309941520467849,-0.2514619883040936,-0.32456140350877183,-0.33040935672514615,-0.029239766081871343,-0.0297894736842107,0.5,0.10000000000000009,0.8999999999999999,-0.20000000000000007,0.30000000000000004,1
-0.4448297213622294,-0.27826934984520135,-0.14857894736842092,-0.049597523219810924,0.06458204334365192,-0.1682383900928791,-0.5139318885448887,-1.7585139318885439,-55.50540196078431,-0.11455108359133126,-0.16408668730650156,1.1486068111455108,0.22291021671826639,0.47058823529411775,0.29102167182662536,-0.03405572755417954,-117.57132720588235,-0.3777777777777782,0.3555555555555552,-0.45555555555555527,0.13333333333333341,-0.28888888888888886,1
-0.42337499999999917,-0.18063750000000023,-0.253425,0.1365000000000034,1.1768749999999955,0.18549999999999978,-5.8125,1.0125000000000028,-0.0033374999999999932,0.17500000000000004,0.08749999999999991,-1.1875,0.0625,-0.9125000000000001,0.0625,0.025000000000000022,49.9772,-1.2222222222222214,-0.22222222222222188,-1.3333333333333335,0.7777777777777779,-0.1111111111111111,0
-0.19500000000000028,-0.2593888888888889,-0.028833333333332822,-0.10444444444444656,-1.3322222222222209,0.5893333333333335,1.5555555555555571,-2.6111111111111,0.002388888888888996,0.6111111111111112,0.5555555555555556,-2.0,-0.38888888888888906,-0.8333333333333339,-0.2777777777777778,-0.05555555555555558,62.44129861111111,2.7628205128205128,1.25,0.1987179487179489,0.2692307692307693,0.038461538461538436,1
0.7886215538847114,0.20105764411027538,0.5838245614035091,-0.13897243107769341,-2.68932330827068,0.46478696741854664,0.5137844611528806,1.4561403508771917,0.012804511278195596,0.05513784461152893,0.11528822055137833,-0.6541353383458643,0.06265664160400997,-0.5614035087719298,-0.31829573934837085,-0.2882205513784461,0.028355263157894717,0.75,0.6666666666666667,-0.41666666666666696,0.8333333333333335,0.33333333333333337,1
-0.006352941176470672,-0.08220588235294102,0.12563235294117625,2.424470588235291,2.4090882352941136,1.465444117647059,-3.447058823529403,1.0647058823529392,-0.018885294117647056,-0.32058823529411784,-0.3999999999999999,0.7852941176470587,0.18235294117647038,0.47058823529411775,-0.014705882352941124,-0.0029411764705882804,-72.27943092105264,-2.125,-1.4444444444444446,-0.4722222222222223,-0.4305555555555556,-0.4305555555555556,0
-0.44400000000000084,-0.3212944444444441,-0.1633333333333329,-3.1445555555555558,-2.042722222222217,-2.07965,8.211111111111109,-5.677777777777777,62.48126666666667,0.23888888888888893,0.3999999999999999,-0.81111111111111,-0.1722222222222225,-0.5888888888888895,-0.2944444444444444,0.0222222222222222,52.502532163742686,-0.6999999999999993,0.30000000000000027,-2.1,0.5,0.0,0
0.9176470588235297,0.34552321981424194,0.342560371517028,0.6743962848297258,2.3095046439628533,0.9320990712074303,-5.900928792569658,1.702786377708975,-0.031386996904024744,-0.07430340557275539,-0.28792569659442735,0.32817337461300333,0.2291021671826623,-0.15479876160990713,-0.12383900928792568,-0.16718266253869973,-52.556065789473685,-1.5,-0.027272727272726893,-0.07272727272727275,-0.9545454545454546,-0.054545454545454564,0
-0.42414141414141415,-0.2651969696969698,-0.3557878787878792,0.10111111111110915,-1.3092424242424237,-0.27151515151515127,11.378787878787875,1.818181818181813,0.03990106951871658,0.24242424242424243,0.4040404040404042,-0.6313131313131297,-0.43434343434343425,-0.656565656565657,-0.2525252525252525,-0.1111111111111111,-0.006288770053475945,3.3030303030303028,0.9393939393939394,1.7171717171717176,-0.5353535353535352,0.707070707070707,1
0.37011111111111017,0.5790777777777771,-0.2928333333333333,2.101000000000001,0.4659444444444425,0.2377666666666669,-7.7777777777777715,-5.583333333333329,-0.04093888888888897,-0.033333333333333215,0.12222222222222223,1.0222222222222213,-0.10000000000000009,0.31666666666666643,0.061111111111111116,0.09444444444444444,-99.02688854489165,1.8000000000000007,0.3250000000000002,-0.25,0.55,0.8,0
-0.3566315789473684,-0.3606578947368422,-0.10572368421052625,1.621684210526313,1.0195526315789465,1.115255263157895,4.094736842105263,-0.9631578947368382,0.013455263157894748,-0.06052631578947376,-0.03157894736842093,-0.13421052631578867,0.03684210526315779,0.6315789473684212,-0.03947368421052633,0.1394736842105263,52.608473684210516,1.262626262626263,1.2525252525252524,-0.7878787878787881,0.3939393939393939,-0.101010101010101,0
-0.15233552631578995,-0.13527302631578952,0.01651973684210528,-1.829078947368421,-3.2655592105263125,-0.9924868421052632,7.15460526315789,-8.944078947368425,0.023595394736842135,0.26973684210526305,0.2861842105263157,-1.4046052631578956,-0.5361842105263159,0.1546052631578947,-0.36513157894736836,-0.09868421052631576,-0.017789473684210688,0.8106060606060606,0.5606060606060606,0.6363636363636362,0.037878787878787956,0.3181818181818182,1
1.1178823529411765,0.8238588235294124,0.35194999999999954,2.9196764705882323,3.394470588235297,1.8505647058823527,-3.7176470588235304,4.155882352941177,0.015485294117647042,0.03823529411764692,0.05882352941176472,-0.06176470588235361,-0.26764705882352935,-0.020588235294117574,-0.2647058823529411,0.07352941176470587,52.646930921052636,4.846153846153846,1.628205128205128,1.75,0.07051282051282048,0.282051282051282,1
-0.2834055727554179,-0.20049535603715185,-0.04953869969040281,0.03489164086686891,0.5995356037151716,0.25476780185758513,3.984520123839019,-2.182662538699688,55.48593137254902,0.05572755417956654,0.10526315789473684,-1.5015479876160995,-0.22291021671826639,-0.5294117647058822,-0.29102167182662536,-0.14241486068111459,-7.359297794117651,-2.166666666666668,-0.8333333333333335,-0.833333333333333,0.0,0.25,0
2.045184210526316,1.3426473684210531,0.8302736842105265,2.675210526315789,0.6376315789473743,2.2133552631578945,4.39473684210526,4.194736842105257,0.03058421052631577,-0.286842105263158,0.15263157894736856,1.6973684210526319,-0.05263157894736836,0.7052631578947373,0.03947368421052633,0.12631578947368416,-49.98583157894737,-3.419580419580419,-1.1118881118881117,-1.0839160839160837,-0.12587412587412594,0.11188811188811193,0
-0.9049999999999985,-0.3817500000000007,-0.5699444444444446,-0.8447777777777716,0.3355555555555476,-0.3217833333333333,-8.577777777777769,5.700000000000003,-0.005961988304093557,-0.10555555555555562,-0.37222222222222234,0.9555555555555557,0.37222222222222223,0.23888888888888893,-0.09444444444444444,0.09999999999999998,-105.13262865497076,-1.9090909090909083,-0.4545454545454546,-0.43636363636363606,-0.3545454545454546,-0.3363636363636363,0
1.2627450980392165,0.8745228758169934,0.33047058823529407,2.090522875816994,-1.0087254901960776,2.2926078431372554,-9.647058823529406,0.9575163398692865,-0.04765032679738579,0.6633986928104576,0.24183006535947715,-1.0653594771241828,-0.36601307189542487,-0.3431372549019609,-0.21895424836601307,-0.14379084967320266,-117.54388235294117,-0.6999999999999993,-0.3555555555555552,-1.1555555555555554,-0.05555555555555558,0.13333333333333341,1
0.1177089783281744,0.3118359133126938,-0.43856965944272486,0.4789164086687272,1.9226006191950553,-0.156263157894737,-5.541795665634666,-2.2600619195046363,-0.032888544891640836,-0.1083591331269349,-0.21052631578947367,-0.6315789473684212,-0.3931888544891642,0.18885448916408665,0.31269349845201233,0.05572755417956654,-62.522792763157895,1.5999999999999996,-0.2777777777777777,0.1333333333333333,0.07777777777777783,0.4777777777777778,1
-1.2980952380952377,-0.8648968253968252,-0.3876666666666668,-0.6091269841269842,0.03642857142857281,0.07330952380952382,4.8253968253968225,1.5,0.008865079365079409,0.24603174603174605,0.15079365079365092,0.3968253968253963,-0.0714285714285714,0.22222222222222188,0.1428571428571428,-0.015873015873015872,62.5069375,-3.607692307692308,-0.12307692307692308,-0.8999999999999999,-0.2615384615384616,-0.5384615384615384,0
-0.7133201581027677,-0.6865810276679847,-0.04217193675889375,-1.6204347826087009,-2.9313438735177897,-1.3135296442687747,7.0889328063241095,1.9703557312252968,0.04235375494071131,0.2134387351778657,0.5079051383399209,0.6778656126482225,-0.19762845849802346,-0.306324110671937,0.049407114624505866,-0.19565217391304346,-0.02329644268774711,1.0,0.7999999999999998,-0.30000000000000027,0.7,0.19999999999999996,1
-0.3241830065359479,-0.22746078431372596,-0.22866666666666657,-0.6158496732026162,-2.753006535947712,-1.3210098039215687,8.839869281045765,0.42156862745098067,0.013839869281045747,-0.14379084967320255,0.28104575163398704,0.6928104575163392,-0.05882352941176472,-0.07843137254901933,-0.07843137254901955,0.01307189542483661,62.472326388888895,2.324175824175824,0.6648351648351647,0.5,-0.15384615384615385,-0.2857142857142857,1
1.1063157894736833,0.11452631578947381,1.0099999999999993,1.3405263157894716,2.1963157894736867,0.7684736842105263,-9.84210526315789,2.631578947368425,-0.010105263157894617,0.1578947368421053,-0.15789473684210542,-0.15789473684210442,0.26315789473684226,-0.1578947368421053,-0.05263157894736836,-0.31578947368421056,2.9244619883041025,-0.7000000000000011,-0.3999999999999999,-0.20000000000000018,0.09999999999999998,-0.2,0
-1.2980952380952377,-0.8648968253968252,-0.3876666666666668,-0.6091269841269842,0.03642857142857281,0.07330952380952382,4.8253968253968225,1.5,0.008865079365079409,0.24603174603174605,0.15079365079365092,0.3968253968253963,-0.0714285714285714,0.22222222222222188,0.1428571428571428,-0.015873015873015872,62.5069375,0.6999999999999993,0.47777777777777786,-0.011111111111111072,0.11111111111111116,-0.4888888888888889,0
-0.18866873065015355,0.23099690402476813,-0.6674396284829713,-0.6661300309597458,0.1131888544891666,0.163625386996904,3.941176470588232,-0.9287925696594499,-0.021281733746130127,-0.2321981424148607,-0.13003095975232193,0.48606811145510775,-0.03405572755417996,0.003095975232198178,-0.07120743034055732,0.14860681114551083,-55.48052777777779,-1.3166666666666664,0.3999999999999999,-0.5166666666666666,-0.28333333333333327,0.55,1
-1.861411764705882,-1.458211764705883,-0.48042058823529366,-3.7779117647058786,-2.5309411764705914,-2.8487411764705883,6.2470588235294,1.3147058823529392,0.051455882352941296,-0.39117647058823524,-0.3529411764705883,1.8264705882352938,0.7382352941176471,0.7264705882352942,0.4411764705882353,0.3382352941176471,64.92551393188853,-1.3333333333333321,-0.5,0.25,-0.16666666666666663,0.4166666666666667,0
0.5676315789473678,0.41671345029239815,0.20564035087719335,-0.16423976608187196,-0.2082748538011714,-0.2436052631578949,-6.783625730994146,-3.514619883040936,-0.030438596491228098,0.09941520467836251,0.13157894736842102,-0.42690058479532134,0.040935672514619714,-1.0204678362573105,-0.1549707602339181,-0.06725146198830412,-0.008730994152046923,0.8989898989898997,0.3939393939393936,0.595959595959596,0.0,-0.393939393939394,0
-0.29833759590792797,-0.17107672634271087,-0.1847826086956521,0.7251406649616374,-0.23368286445012032,-0.30582864450127867,3.0741687979539734,-5.063938618925832,-0.0010997442455242812,0.10741687979539649,0.2327365728900257,-0.6163682864450131,-0.40664961636828667,-0.15089514066496168,-0.32480818414322243,-0.06905370843989772,62.43741576086957,2.25,1.5000000000000002,0.5,0.08333333333333326,-0.16666666666666669,1
-0.37011111111111017,-0.5790777777777771,0.2928333333333333,-2.101000000000001,-0.4659444444444425,-0.2377666666666669,7.7777777777777715,5.583333333333329,0.04093888888888897,0.033333333333333215,-0.12222222222222223,-1.0222222222222213,0.10000000000000009,-0.31666666666666643,-0.061111111111111116,-0.09444444444444444,99.02688854489165,-3.0151515151515156,-0.1212121212121211,-1.0681818181818183,-0.06060606060606066,-0.03030303030303033,0
-0.26333333333333364,-0.36499999999999977,0.35749999999999993,-0.3805555555555564,0.8972222222222257,-0.026833333333333487,-10.055555555555557,-5.333333333333329,-0.012486928104575301,0.22222222222222232,0.05555555555555536,0.0,-0.11111111111111116,0.2777777777777777,0.05555555555555547,-0.16666666666666669,-0.05191830065359482,-0.022222222222222143,1.2777777777777777,-0.9333333333333331,0.42222222222222217,-0.2444444444444444,1
0.4448297213622294,0.27826934984520135,0.14857894736842092,0.049597523219810924,-0.06458204334365192,0.1682383900928791,0.5139318885448887,1.7585139318885439,55.50540196078431,0.11455108359133126,0.16408668730650156,-1.1486068111455108,-0.22291021671826639,-0.47058823529411775,-0.29102167182662536,0.03405572755417954,117.57132720588235,0.14444444444444393,0.0,0.37777777777777777,-0.34444444444444444,-0.37777777777777777,0
-0.20814241486068097,-0.24049535603715144,-0.02501238390092908,0.9180495356037124,2.2942724458204324,0.5370309597523222,-0.48916408668729616,5.396284829721367,0.000606811145510866,-0.3653250773993808,-0.4736842105263157,2.0773993808049536,0.3560371517027865,0.6284829721362231,0.28792569659442724,0.1207430340557275,-124.8722730263158,-1.2222222222222214,-0.11111111111111116,0.22222222222222232,-0.3333333333333335,0.22222222222222227,0
2.045184210526316,1.3426473684210531,0.8302736842105265,2.675210526315789,0.6376315789473743,2.2133552631578945,4.39473684210526,4.194736842105257,0.03058421052631577,-0.286842105263158,0.15263157894736856,1.6973684210526319,-0.05263157894736836,0.7052631578947373,0.03947368421052633,0.12631578947368416,-49.98583157894737,-0.12587412587412672,0.28671328671328666,-0.4475524475524475,0.19580419580419584,-0.2517482517482517,1
-0.30614035087719227,-0.5047836257309943,0.2031578947368422,-0.3930994152046754,-2.3995614035087733,0.7359298245614035,0.8947368421052602,2.511695906432749,0.02100292397660819,0.301169590643275,0.09941520467836251,0.742690058479532,0.38011695906432763,-0.06140350877192979,-0.11988304093567248,-0.08187134502923976,0.07110526315789467,0.9120879120879115,0.7417582417582418,0.10439560439560447,-0.11538461538461542,0.6978021978021978,1
0.979000000000001,0.6293499999999999,0.2365555555555554,4.661222222222225,4.121055555555547,3.2103166666666665,-7.877777777777766,5.400000000000006,-62.46487777777778,0.09444444444444433,-0.12222222222222223,-0.24444444444444535,0.1722222222222225,-0.411111111111111,-0.09444444444444444,0.2,-52.50236549707602,0.5888888888888886,0.2333333333333334,0.7222222222222223,-0.30000000000000004,-0.2888888888888889,0
0.35412500000000025,0.29356249999999995,0.13412500000000005,3.3354999999999997,3.3803749999999937,1.9209,-10.112499999999997,4.612499999999997,-0.043087500000000056,-0.2250000000000001,-0.2124999999999999,0.11250000000000071,0.3624999999999998,-0.3125,0.0625,-0.025000000000000022,52.61063157894736,0.8222222222222211,1.8666666666666665,-0.05555555555555536,-0.0888888888888888,-0.26666666666666666,0
-1.634999999999999,-0.9491944444444453,-0.6719999999999999,-2.4658888888888875,-3.075000000000003,-0.8631166666666663,-7.355555555555554,3.3666666666666742,-0.01996198830409346,0.17222222222222228,-0.09444444444444444,0.011111111111111072,-0.01666666666666683,0.40555555555555545,0.016666666666666607,-0.1777777777777778,-42.69149671052632,-2.8589743589743586,-1.3846153846153846,-1.2051282051282048,-0.3525641025641026,-0.1858974358974359,0
-0.1875541795665625,-0.19484829721362162,-0.26430650154798796,-0.2137151702786415,1.2983900928792629,-0.26426315789473676,-1.4891640866872962,3.160990712074309,-0.011099071207430256,-0.4241486068111453,-0.4736842105263157,1.8421052631578956,0.23839009287925705,0.4520123839009287,0.523219814241486,0.0030959752321981227,-62.421898026315795,-0.33333333333333215,0.33333333333333304,-0.666666666666667,0.6666666666666665,0.11111111111111116,0
1.1444886363636368,0.8834261363636362,0.2653295454545459,2.917500000000004,3.9127840909090885,2.288931818181818,-12.357954545454547,5.994318181818187,-0.05057386363636357,-0.28409090909090917,-0.4943181818181819,-0.028409090909091717,0.6079545454545454,-0.26704545454545414,0.17613636363636365,0.125,0.028818181818181854,-1.7307692307692308,0.0064102564102563875,-0.7115384615384617,0.2820512820512821,-0.20512820512820507,0
-0.010294117647059675,-0.21173856209150332,0.004166666666667096,0.14415032679738182,-1.82133986928104,-0.37967647058823534,5.22875816993465,-6.189542483660119,0.016784313725490163,0.30065359477124187,0.5588235294117647,-0.640522875816993,-0.28104575163398704,-0.8006535947712421,-0.35620915032679734,-0.04248366013071897,62.432048611111114,1.0999999999999996,0.5999999999999996,-0.2999999999999998,0.4,-0.2,1
-0.24846405228758073,-0.3493071895424831,0.1361568627450982,-1.4082352941176453,-0.07915032679737877,0.07727450980392159,-4.281045751633997,-0.9901960784313815,-0.034787581699346426,-0.37254901960784315,-0.4575163398692811,0.39542483660130756,0.17647058823529393,-0.13725490196078427,0.21241830065359468,-0.0326797385620915,-58.75980882352942,-2.1999999999999993,0.9750000000000001,-0.625,-0.5249999999999999,0.275,1
0.27971014492753454,0.05967149758454093,0.21078260869565213,-0.8315458937198112,-0.5087681159420328,-0.8610144927536232,5.043478260869563,1.9299516908212553,0.016161835748792264,-0.4178743961352658,-0.06280193236714982,0.9758454106280201,0.12560386473429963,-0.09420289855072461,0.1908212560386473,-0.14009661835748788,0.017521739130434755,0.5,-0.19999999999999973,-0.10000000000000009,0.7000000000000001,-1.0,1
-1.188359133126935,-0.9126222910216719,-0.27704953560371504,-0.9078328173374572,0.9281114551083576,-1.1664148606811149,2.015479876160981,3.712074303405572,-55.438460784313726,-0.4674922600619196,-0.45820433436532515,2.913312693498451,0.6934984520123841,1.1764705882352944,0.4674922600619195,0.3777089783281734,0.0011176470588196707,2.6363636363636367,0.06993006993007,0.8321678321678321,0.4405594405594404,0.31468531468531463,1
0.5236842105263149,-0.1606842105263162,0.6837894736842101,1.661578947368417,1.1231578947368455,1.4154210526315791,0.8947368421052602,-5.1578947368420955,0.023210526315789626,0.3157894736842106,0.26315789473684204,-1.0526315789473681,-0.05263157894736814,0.1578947368421053,0.10526315789473684,0.05263157894736842,55.50361988304094,1.2499999999999991,0.33333333333333326,0.6666666666666665,-0.25,0.08333333333333334,1
0.006352941176470672,0.08220588235294102,-0.12563235294117625,-2.424470588235291,-2.4090882352941136,-1.465444117647059,3.447058823529403,-1.0647058823529392,0.018885294117647056,0.32058823529411784,0.3999999999999999,-0.7852941176470587,-0.18235294117647038,-0.47058823529411775,0.014705882352941124,0.0029411764705882804,72.27943092105264,1.1666666666666679,0.5,0.08333333333333348,0.25,-0.16666666666666669,1
0.4671111111111115,0.24153333333333338,0.14583333333333348,-0.6215555555555543,-0.290388888888895,0.0790666666666664,13.722222222222229,3.5833333333333286,0.04427222222222238,0.14444444444444438,0.3222222222222223,-1.0777777777777784,0.10000000000000009,-0.31666666666666643,-0.11666666666666659,0.12777777777777777,157.84133625730996,-1.032051282051282,0.40384615384615374,-0.14743589743589736,0.21153846153846156,0.006410256410256401,0
1.1734999999999993,0.9015000000000004,0.4157499999999996,3.6794999999999956,3.853000000000005,2.2070499999999997,-1.0999999999999943,2.75,-0.02485000000000004,-0.10000000000000009,0.10000000000000009,0.09999999999999964,-0.1499999999999999,0.050000000000000266,-0.25,-0.15000000000000002,2.6291684210526327,-1.666666666666666,0.15555555555555545,-0.5222222222222221,-0.8666666666666667,-0.06666666666666665,0
-0.5922222222222224,-0.23921929824561428,0.00409649122807032,-0.9837426900584809,-1.3158771929824589,-0.5648245614035089,-2.4912280701754383,-10.026315789473685,-0.012554179566563572,0.03508771929824572,0.33040935672514615,0.011695906432747094,-0.16374269005847952,0.29532163742690054,0.33625730994152037,0.19005847953216376,52.55878637770898,1.384615384615385,0.0,0.1538461538461542,0.6153846153846153,0.07692307692307687,1
1.1642105263157898,0.520052631578948,0.7676315789473687,0.2900000000000027,-2.075263157894735,1.2983684210526314,9.78947368421052,1.6842105263157805,0.07263157894736849,-0.1578947368421053,0.26315789473684215,1.578947368421053,0.10526315789473695,0.2105263157894739,-0.05263157894736836,0.0,0.07447368421052636,0.4285714285714288,0.011904761904761862,-0.6666666666666665,0.2142857142857143,0.20238095238095238,1
-0.3382352941176485,-0.21544117647058858,0.1403562091503272,-1.3519281045751654,-2.6802614379084986,-0.9231666666666665,1.4248366013071774,-3.029411764705884,-0.0027810457516340703,0.08496732026143783,0.22222222222222232,-0.05555555555555536,0.013071895424836555,0.3169934640522878,-0.02614379084967322,-0.02941176470588236,62.42863194444445,0.8571428571428577,0.5833333333333333,0.0,-0.07142857142857145,-0.130952380952381,1
-1.9508823529411758,-1.0303088235294127,-0.867,-3.343176470588233,-2.676470588235297,-1.9597147058823527,-4.682352941176461,-3.505882352941171,-0.03991950464396282,-0.138235294117647,-0.20882352941176474,0.3117647058823536,0.26764705882352935,0.32058823529411784,0.1147058823529411,-0.2235294117647059,-105.18424671052632,-0.5999999999999996,0.2999999999999998,-0.20000000000000018,0.0,0.29999999999999993,0
1.5470952380952383,0.9268023809523804,0.5221666666666669,3.6492380952380934,0.6740714285714233,2.5956738095238094,-11.480952380952374,1.566666666666677,-62.487742857142855,0.1261904761904762,0.004761904761904745,-1.5857142857142863,-0.14523809523809517,-0.46666666666666634,-0.1261904761904762,-0.06190476190476191,-52.56817105263158,0.9666666666666668,0.7111111111111112,0.8555555555555552,-0.3111111111111111,-0.16666666666666669,0
0.20901960784313633,0.23859477124183037,-0.003882352941176226,-1.2175816993464057,-0.5189215686274515,-1.3809607843137255,3.647058823529406,-2.4869281045751706,0.00017973856209152483,-0.25163398692810457,0.11111111111111116,-0.3464052287581687,-0.10457516339869288,-0.30392156862745123,0.042483660130718914,-0.09150326797385616,124.9020625,1.958333333333334,-0.4166666666666665,-0.3611111111111107,0.5416666666666667,-0.29166666666666663,1
1.5447368421052636,0.9867368421052638,0.6178947368421055,1.8657894736842149,0.24368421052631817,1.688631578947368,1.2631578947368354,3.8421052631578902,-55.43448245614035,-0.26315789473684226,-0.05263157894736836,2.6842105263157894,0.052631578947368585,1.1052631578947372,0.31578947368421056,0.3157894736842105,-117.53939628482972,-1.7666666666666657,-1.0555555555555554,-1.0222222222222221,-0.28888888888888886,0.24444444444444446,0
0.8630676328502416,0.8769951690821256,-0.10311594202898533,2.8204347826087,2.694879227053139,1.3320144927536233,0.1787439613526658,-7.485507246376812,-0.011606280193236618,0.3623188405797102,0.3961352657004832,-1.3647342995169094,-0.34782608695652195,-0.07246376811594235,-0.30193236714975835,0.14009661835748788,58.77953708439898,-3.3499999999999996,-1.1,-0.4500000000000002,-0.95,-0.22499999999999998,0
-1.6139775910364147,-0.9460112044817925,-0.5826666666666669,-1.4864145658263297,0.4349579831932786,-1.0232885154061626,7.498599439775916,-5.372549019607845,-0.011092436974789954,-0.06442577030812324,0.036414565826330625,0.6974789915966388,0.21288515406162478,0.13725490196078427,0.2408963585434173,-0.06162464985994395,0.014187499999999797,-1.4777777777777779,-0.7333333333333334,-0.1333333333333333,-0.4666666666666666,0.3555555555555556,0
0.3382352941176485,0.21544117647058858,-0.1403562091503272,1.3519281045751654,2.6802614379084986,0.9231666666666665,-1.4248366013071774,3.029411764705884,0.0027810457516340703,-0.08496732026143783,-0.22222222222222232,0.05555555555555536,-0.013071895424836555,-0.3169934640522878,0.02614379084967322,0.02941176470588236,-62.42863194444445,-0.11111111111111072,0.8777777777777778,-0.5555555555555554,0.8666666666666667,0.1777777777777778,1
1.4549999999999992,0.5483026315789483,0.763736842105263,2.2046315789473674,3.0242105263157946,1.0491078947368417,4.957894736842107,5.326315789473682,0.01947368421052631,0.18157894736842106,0.09736842105263155,-0.689473684210526,-0.09736842105263155,-0.5342105263157895,-0.2973684210526315,-0.17894736842105263,52.56236842105264,0.49090909090909207,0.9818181818181817,0.7272727272727271,-0.26363636363636367,0.4363636363636364,0
-0.18866873065015355,0.23099690402476813,-0.6674396284829713,-0.6661300309597458,0.1131888544891666,0.163625386996904,3.941176470588232,-0.9287925696594499,-0.021281733746130127,-0.2321981424148607,-0.13003095975232193,0.48606811145510775,-0.03405572755417996,0.003095975232198178,-0.07120743034055732,0.14860681114551083,-55.48052777777779,-1.8888888888888893,-1.0606060606060608,-0.11111111111111116,-0.46464646464646475,-0.12121212121212122,0
-0.42414141414141415,-0.2651969696969698,-0.3557878787878792,0.10111111111110915,-1.3092424242424237,-0.27151515151515127,11.378787878787875,1.818181818181813,0.03990106951871658,0.24242424242424243,0.4040404040404042,-0.6313131313131297,-0.43434343434343425,-0.656565656565657,-0.2525252525252525,-0.1111111111111111,-0.006288770053475945,3.3888888888888893,0.1944444444444442,0.6388888888888888,0.5,0.4444444444444445,1
-2.0354117647058825,-1.2321117647058828,-0.7309705882352941,-1.978411764705882,-0.7114411764705864,-2.525841176470588,-3.352941176470594,-0.985294117647058,0.002155882352941174,-0.6411764705882352,-0.4529411764705883,2.4764705882352933,0.4882352941176471,0.8264705882352943,0.39117647058823524,0.2382352941176471,-40.28006501547989,2.3666666666666654,-0.04444444444444473,0.8555555555555552,0.19999999999999996,0.4555555555555556,1
0.3959999999999999,0.42730000000000024,0.02819999999999956,0.48049999999999926,1.6495000000000068,0.4716499999999997,3.200000000000003,-0.8499999999999943,0.014900000000000024,0.30000000000000004,0.3999999999999999,-1.200000000000001,-0.44999999999999973,-0.5499999999999998,-0.25,-0.09999999999999998,-0.0042631578947265325,2.416666666666666,-0.25,1.0,0.0,0.41666666666666663,1
-0.2537426900584796,-0.4009912280701755,0.027192982456140324,0.92423976608187,1.1399415204678434,1.1849385964912282,3.1725146198830316,-3.096491228070164,0.033383040935672514,0.3450292397660819,0.14619883040935666,-0.9064327485380108,-0.26315789473684204,0.29824561403508776,-0.1228070175438597,0.011695906432748537,-0.031546783625730934,0.5666666666666664,0.05555555555555536,0.5444444444444447,0.5333333333333332,0.2333333333333333,0
0.15233552631578995,0.13527302631578952,-0.01651973684210528,1.829078947368421,3.2655592105263125,0.9924868421052632,-7.15460526315789,8.944078947368425,-0.023595394736842135,-0.26973684210526305,-0.2861842105263157,1.4046052631578956,0.5361842105263159,-0.1546052631578947,0.36513157894736836,0.09868421052631576,0.017789473684210688,-0.5757575757575744,1.053030303030303,-0.5454545454545454,0.5075757575757575,-0.5681818181818181,0
0.314473684210526,0.40445029239766095,-0.22499122807017513,0.643654970760231,1.3206725146198863,0.051236842105263025,-3.783625730994146,-5.567251461988292,-0.01928070175438601,0.3099415204678362,0.2894736842105263,-1.742690058479532,-0.38011695906432763,-0.494152046783626,-0.10233918128654973,0.2485380116959064,-0.09399415204678363,1.5555555555555554,0.28888888888888875,0.2777777777777777,0.21111111111111114,0.38888888888888884,1
0.24900000000000055,0.061905555555555214,0.13450000000000006,3.040111111111109,0.7104999999999961,2.6689833333333333,-6.6555555555555515,3.066666666666677,-62.478877777777775,0.37222222222222223,0.15555555555555567,-1.18888888888889,-0.21666666666666656,-0.24444444444444446,0.016666666666666607,-0.07777777777777778,9.938766447368423,0.9363636363636374,-0.27272727272727293,0.5090909090909093,-0.24545454545454543,0.23636363636363633,0
0.685294117647059,0.3487647058823531,0.24770588235294122,1.7982352941176494,2.625882352941179,1.9292352941176472,-2.705882352941174,-4.058823529411768,-0.030411764705882305,-0.17647058823529416,-0.23529411764705888,0.352941176470587,0.0588235294117645,0.0,0.05882352941176472,0.05882352941176466,-124.8648125,-3.7166666666666677,-0.1333333333333333,-1.366666666666667,-0.41666666666666663,-0.04999999999999999,0
-0.28888888888888875,0.1465277777777767,-0.5573333333333332,-0.12199999999999633,-0.6355555555555625,-0.19428333333333314,-6.577777777777769,-2.6333333333333258,-0.016073099415204628,0.1166666666666667,0.07222222222222219,0.6222222222222218,0.1499999999999999,0.5166666666666666,-0.03888888888888886,0.0444444444444444,-46.358625386996906,3.083333333333334,0.3333333333333335,0.666666666666667,0.3333333333333333,0.25,1
0.5592982456140341,0.5170467836257315,0.22747368421052627,-0.4147953216374276,0.8706140350877156,-1.0307719298245615,-3.89473684210526,-0.45906432748539316,-0.03216081871345028,-0.5116959064327486,-0.2573099415204678,0.5730994152046787,0.040935672514619714,-0.4649122807017547,0.06725146198830412,-0.23391812865497075,0.014157894736842036,-1.0,-0.4444444444444442,0.11111111111111116,-0.22222222222222232,-0.4444444444444444,0
-0.07707236842105303,-0.17527302631578912,0.04104605263157901,-0.9459210526315776,-1.5708223684210516,-0.7102236842105262,2.680921052631575,-1.36513157894737,-55.461729166666665,-0.1513157894736843,-0.29276315789473684,2.1743421052631575,0.04276315789473695,1.3125,0.21381578947368424,0.16447368421052633,-117.53076470588235,-1.355555555555556,-0.8777777777777778,-0.2333333333333334,-0.18888888888888888,-0.36666666666666664,0
-0.5977894736842102,-0.5855894736842107,-0.1788447368421049,-1.986921052631578,-1.764315789473688,-1.4000631578947365,-0.24210526315789593,5.181578947368422,0.004592105263157897,-0.344736842105263,-0.4736842105263157,2.492105263157896,0.6236842105263158,0.7078947368421051,0.5526315789473684,0.22368421052631576,-52.588578947368426,0.40000000000000036,0.27272727272727293,0.2999999999999998,0.20909090909090922,0.36363636363636365,0
0.2070588235294113,0.3043529411764705,0.20941176470588263,0.020588235294122015,1.219411764705871,0.5871764705882354,-3.47058823529413,2.882352941176464,-0.003176470588235336,0.11764705882352922,-0.05882352941176472,-0.47058823529411775,0.2941176470588236,0.11764705882352944,-0.05882352941176472,0.23529411764705882,-0.0032500000000013074,-2.295454545454545,-0.38636363636363624,-0.13636363636363624,-0.24242424242424243,-0.38636363636363635,0
-0.9436842105263157,-0.6164473684210532,-0.469418128654971,0.5830116959064355,2.8329239766081784,-0.21893859649122782,-5.672514619883032,3.60526315789474,-0.036961988304093585,0.18128654970760238,-0.2748538011695908,-0.8918128654970765,0.2748538011695907,-0.7163742690058483,-0.23391812865497075,-0.02631578947368418,0.01968713450292392,-0.12179487179487136,0.07051282051282048,-0.11538461538461542,0.45512820512820507,0.19871794871794873,0
-0.05561764705882277,-0.07764117647058799,-0.06380000000000008,-0.7598235294117632,-0.4585294117647081,-0.35648529411764723,-2.617647058823536,1.4058823529411768,0.04033529411764708,0.138235294117647,-0.04117647058823537,-0.16176470588235325,-0.11764705882352944,-0.07058823529411784,-0.014705882352941124,0.2235294117647059,50.0177625,3.666666666666667,0.11111111111111116,1.333333333333333,-0.5000000000000001,0.9444444444444445,1
-2.3457275541795655,-1.2308854489164087,-1.2417337461300304,-3.3373065015479835,-0.9850464396284835,-2.677256965944273,12.647058823529406,4.659442724458202,0.05660061919504644,-0.4674922600619196,-0.24767801857585137,1.5448916408668723,0.3777089783281733,0.6501547987616103,0.04643962848297212,0.325077399380805,62.02610457516339,2.333333333333334,1.4777777777777779,0.8222222222222224,-0.12222222222222223,-0.1777777777777778,1
1.0163636363636366,0.5044162679425841,0.3516913875598089,0.8826315789473718,2.6251196172248825,0.8363397129186602,-8.887559808612437,8.208133971291872,-0.02734688995215301,-0.27751196172248815,-0.7344497607655504,0.6196172248803826,0.5980861244019138,0.3612440191387565,-0.08373205741626788,-0.07894736842105265,-52.5524976076555,-1.1999999999999993,-1.2,-0.3999999999999999,0.0,0.4,0
0.3598692810457518,0.24246078431372542,-0.0989509803921571,2.1075816993464045,1.6322549019607848,1.5619607843137258,5.686274509803923,4.264705882352942,0.013529411764706012,-0.1372549019607845,-0.2777777777777777,0.013071895424836555,-0.006535947712418277,-0.1405228758169934,-0.15359477124182996,0.03594771241830064,-124.86753308823529,1.3888888888888893,1.1111111111111112,0.4583333333333335,0.09722222222222221,0.16666666666666669,0
0.4671111111111115,0.24153333333333338,0.14583333333333348,-0.6215555555555543,-0.290388888888895,0.0790666666666664,13.722222222222229,3.5833333333333286,0.04427222222222238,0.14444444444444438,0.3222222222222223,-1.0777777777777784,0.10000000000000009,-0.31666666666666643,-0.11666666666666659,0.12777777777777777,157.84133625730996,-2.666666666666668,-0.25,-0.6944444444444442,-0.3333333333333333,-0.2777777777777778,1
-1.0458823529411774,-0.648558823529412,-0.2970555555555554,-2.4983986928104613,-3.0120261437908447,-1.6379313725490194,3.8954248366013076,-9.205882352941174,-0.033957516339869265,-0.03267973856209139,0.1633986928104576,-0.6437908496732021,-0.10457516339869288,0.08169934640522891,0.20915032679738554,-0.32352941176470584,-0.051618055555555764,0.44444444444444464,0.5555555555555554,-0.11111111111111072,0.11111111111111105,-0.5555555555555555,1
0.6407647058823525,0.4139088235294113,0.3769117647058826,3.3092941176470596,1.440794117647048,2.28715,-6.452941176470588,2.3705882352941217,-62.46765882352941,0.17941176470588216,0.10000000000000009,-0.3000000000000007,0.18529411764705905,-0.0941176470588232,-0.12058823529411766,0.17058823529411765,9.926266447368427,5.581196581196581,0.9914529914529915,1.5555555555555554,0.3846153846153846,0.5897435897435896,1
-0.2880434782608683,0.04066183574879245,-0.1889492753623192,0.5809903381642556,1.5876570048309198,0.07384782608695667,-2.154589371980677,1.1256038647342876,-0.017884057971014444,-0.19323671497584538,-0.326086956521739,0.024154589371979895,-0.12560386473429963,0.6497584541062804,0.03140096618357491,-0.02657004830917875,0.005367149758454204,-2.5757575757575744,0.010101010101009944,0.6464646464646462,-1.393939393939394,-0.6161616161616161,0
-1.1642105263157898,-0.520052631578948,-0.7676315789473687,-0.2900000000000027,2.075263157894735,-1.2983684210526314,-9.78947368421052,-1.6842105263157805,-0.07263157894736849,0.1578947368421053,-0.26315789473684215,-1.578947368421053,-0.10526315789473695,-0.2105263157894739,0.05263157894736836,0.0,-0.07447368421052636,1.8000000000000007,1.0,1.0,0.28888888888888886,-0.2222222222222222,1
1.2980952380952377,0.8648968253968252,0.3876666666666668,0.6091269841269842,-0.03642857142857281,-0.07330952380952382,-4.8253968253968225,-1.5,-0.008865079365079409,-0.24603174603174605,-0.15079365079365092,-0.3968253968253963,0.0714285714285714,-0.22222222222222188,-0.1428571428571428,0.015873015873015872,-62.5069375,1.1111111111111107,-0.5555555555555558,0.3333333333333335,-0.33333333333333337,0.1111111111111111,1
0.3350154798761613,0.07031269349845193,0.016349845201238722,0.9954489164086713,1.236346749226012,1.5790464396284831,4.835913312693492,-6.086687306501545,0.0019287925696594987,0.08359133126934992,0.1331269349845201,-0.5665634674922604,-0.0866873065015481,0.1609907120743035,0.034055727554179516,0.20123839009287925,0.02309210526315786,-2.7222222222222214,0.05555555555555536,-1.0555555555555558,-0.19444444444444442,-0.08333333333333331,1
-0.28888888888888875,0.1465277777777767,-0.5573333333333332,-0.12199999999999633,-0.6355555555555625,-0.19428333333333314,-6.577777777777769,-2.6333333333333258,-0.016073099415204628,0.1166666666666667,0.07222222222222219,0.6222222222222218,0.1499999999999999,0.5166666666666666,-0.03888888888888886,0.0444444444444444,-46.358625386996906,-1.6818181818181817,-0.28787878787878807,-0.7954545454545454,-0.045454545454545414,0.3181818181818182,0
1.4654117647058822,1.0309117647058827,0.4522205882352941,3.2974117647058794,0.8814411764705845,2.3770911764705884,-9.447058823529403,-0.46470588235294485,-0.06635588235294132,0.09117647058823519,-0.0470588235294116,-0.6264705882352928,-0.28823529411764737,-0.17647058823529438,-0.19117647058823528,-0.2382352941176471,-64.92125077399382,-4.132867132867133,-0.7272727272727271,0.4825174825174825,-1.2307692307692308,-0.4195804195804196,0
-1.2344407894736835,-0.4935361842105259,-0.9236381578947364,-3.375394736842104,-3.4839802631578927,-2.221065789473684,13.3125,-0.41776315789473983,0.03333223684210518,-0.1513157894736843,-0.08223684210526305,0.8059210526315788,-0.2730263157894739,0.7861842105263159,-0.20723684210526316,0.11184210526315791,-55.50577777777779,-0.44444444444444464,0.33333333333333304,-0.4444444444444442,-0.11111111111111105,0.1111111111111111,0
-0.6219999999999999,-0.3418526315789481,-0.2486868421052626,-1.7811315789473667,-3.7422105263157945,-0.9399578947368418,3.4421052631578846,-5.976315789473688,0.004960526315789471,-0.08157894736842097,0.052631578947368474,0.439473684210526,0.09736842105263155,0.2342105263157892,0.4473684210526315,0.32894736842105265,-0.025052631578951434,0.3636363636363633,-0.03496503496503456,-0.4125874125874125,0.22377622377622386,0.32867132867132864,1
-0.07438596491228155,0.03809941520467852,-0.053421052631579036,-1.1826900584795368,0.08061403508772003,-1.1261929824561403,7.631578947368425,-4.669590643274859,55.48611111111111,-0.19590643274853803,0.216374269005848,-1.8479532163742682,-0.32748538011695927,-0.8333333333333335,-0.24853801169590645,-0.23391812865497075,117.54276470588235,2.4444444444444446,0.28282828282828243,1.2222222222222223,-0.101010101010101,0.19191919191919193,1
0.22036363636363632,0.3886636363636362,-0.1475454545454542,0.9010000000000016,0.702409090909093,0.21928181818181836,-15.045454545454547,-0.06818181818181301,-0.07168636363636366,-0.6090909090909091,-0.7818181818181819,1.709090909090908,0.4454545454545453,0.6954545454545458,0.3136363636363636,0.15000000000000002,-157.78312918660288,-0.6363636363636367,-0.7272727272727275,-0.18181818181818166,-0.2727272727272727,0.18181818181818177,0
0.3598692810457518,0.24246078431372542,-0.0989509803921571,2.1075816993464045,1.6322549019607848,1.5619607843137258,5.686274509803923,4.264705882352942,0.013529411764706012,-0.1372549019607845,-0.2777777777777777,0.013071895424836555,-0.006535947712418277,-0.1405228758169934,-0.15359477124182996,0.03594771241830064,-124.86753308823529,-2.1208791208791204,-0.8296703296703296,-0.5714285714285716,-0.26373626373626374,0.41758241758241754,0
0.5757105263157891,0.31591052631578975,0.23690526315789473,1.6925789473684176,2.088684210526317,0.8069868421052634,-1.3421052631578902,7.931578947368422,-0.02025789473684214,-0.4447368421052631,-0.3736842105263156,2.5921052631578956,0.47368421052631593,0.7578947368421054,0.30263157894736836,0.07368421052631574,-49.95941052631579,-0.3333333333333339,0.666666666666667,0.3333333333333335,0.2222222222222221,0.33333333333333337,0
-0.19676470588235162,-0.09261437908496717,-0.21357843137254973,-0.16473856209150384,0.601928104575169,-0.20750000000000002,-1.7581699346405202,3.3071895424836555,-0.013607843137254827,-0.4183006535947711,-0.5,1.1111111111111107,-0.013071895424836555,0.6830065359477127,0.41503267973856206,-0.19281045751633985,-62.42879861111111,-2.5666666666666664,-1.4222222222222225,-0.7777777777777777,-0.8444444444444444,-0.1333333333333333,0
-0.5005882352941176,-0.1287647058823529,-0.22799999999999998,-1.125882352941174,0.887647058823525,-0.12758823529411756,-1.0,-3.294117647058826,-0.03435294117647053,0.0,-0.11764705882352944,-1.0588235294117645,0.17647058823529416,-0.11764705882352944,0.17647058823529405,-0.05882352941176469,-62.48350000000001,-0.1547619047619042,-0.11904761904761907,0.3452380952380949,-0.2976190476190476,0.23809523809523808,0
0.026430205949657726,0.4451121281464534,-0.41394050343249433,1.2246453089244866,2.908329519450806,0.1250846681922197,-5.938215102974823,-4.441647597254004,-0.037164759725400454,0.1167048054919908,-0.0366132723112127,-1.718535469107552,-0.5057208237986273,0.1556064073226544,-0.07093821510297482,0.22196796338672764,-0.08862700228832943,-3.44055944055944,-0.04895104895104896,-0.5664335664335662,-0.4755244755244754,0.034965034965035,0
-1.673684210526316,-1.1838918128654978,-0.5714736842105264,-1.0380994152046803,-0.577631578947372,-0.7602719298245608,-4.450292397660817,1.2719298245614112,-0.050961988304093486,0.4590643274853803,0.0029239766081871066,-1.8362573099415211,-0.11403508771929838,-0.5497076023391818,-0.1228070175438597,-0.30409356725146197,62.46081907894737,-0.62937062937063,0.3776223776223777,-0.013986013986013734,-0.11188811188811187,-1.104895104895105,1
0.9401111111111105,0.7802777777777772,-0.014083333333333226,0.7820000000000036,0.29594444444444434,0.3865166666666666,5.022222222222226,-4.133333333333326,0.023261111111111177,0.5166666666666668,0.6222222222222221,-0.8277777777777793,-0.2999999999999998,-0.3333333333333335,-0.13888888888888884,0.09444444444444444,6.174427244582056,4.543956043956044,0.945054945054945,0.7802197802197801,0.5054945054945055,0.25274725274725274,1
1.1261111111111104,0.6740833333333338,0.41033333333333344,1.601444444444443,0.81111111111111,0.5111166666666664,12.522222222222226,0.6333333333333258,0.01940643274853804,-0.005555555555555536,0.37222222222222234,-0.6777777777777789,-0.1499999999999999,-0.5166666666666666,-0.016666666666666607,0.1777777777777778,105.1730730994152,-0.8000000000000007,-0.10000000000000009,0.2999999999999998,-0.19999999999999996,0.7,0
0.5748333333333338,0.3178111111111108,0.26580000000000004,1.992111111111111,0.31333333333333613,1.6509166666666668,-4.5,5.022222222222226,-0.021044444444444532,0.17222222222222228,-0.011111111111111072,0.8611111111111107,0.22222222222222232,0.43333333333333357,-0.02777777777777779,0.0444444444444444,-49.989200000000004,1.5179487179487179,1.158974358974359,0.4820512820512821,0.1282051282051282,0.2358974358974359,1
0.05105263157894724,0.203736842105263,-0.045315789473683976,1.0889473684210547,-0.2831578947368456,0.7423684210526317,-0.7894736842105345,-3.578947368421055,-55.484956140350874,-0.1578947368421053,-0.05263157894736836,1.5263157894736832,0.052631578947368585,0.6842105263157894,0.47368421052631576,0.368421052631579,-64.94944891640867,-0.36666666666666536,0.16666666666666652,-0.8666666666666667,1.2666666666666668,-0.5777777777777777,1
-0.07199999999999918,-0.17530000000000046,-0.054894444444444135,-0.421277777777771,-0.38244444444445236,-0.21263333333333323,-0.17777777777777715,5.049999999999997,0.018472222222222223,-0.005555555555555536,-0.22222222222222232,0.7055555555555557,0.37222222222222223,-0.06111111111111134,0.05555555555555558,0.25,-52.59531286549708,-1.8000000000000007,-0.20000000000000018,-0.588888888888889,-0.21111111111111114,0.33333333333333337,0
1.1133893557422971,0.8172464985994397,0.3546666666666669,0.3605322128851558,0.4526890756302464,0.895700280112045,-8.498599439775916,2.0784313725490193,-0.023260504201680576,0.06442577030812324,-0.15406162464986006,-1.7563025210084033,-0.036414565826330625,-0.2549019607843137,-0.06442577030812324,0.0028011204481792618,-62.497687500000005,0.022222222222222143,-0.31111111111111134,0.08888888888888902,0.2777777777777778,-0.46666666666666673,0
-1.34664705882353,-0.8083205882352942,-0.38532352941176495,-3.975764705882355,-3.0707941176470577,-3.4150911764705882,10.158823529411762,3.9235294117647044,62.509776470588235,0.055882352941176494,0.1352941176470588,0.18235294117647172,-0.1264705882352941,0.2705882352941176,-0.17352941176470582,-0.11176470588235293,52.48817105263158,1.7727272727272734,0.8636363636363635,1.8181818181818183,-0.9363636363636365,-0.15454545454545454,1
-0.20377777777777784,0.12346666666666639,-0.5033333333333334,1.0021111111111107,-0.6068333333333307,-0.05223333333333291,-3.6666666666666714,1.75,-0.03178529411764708,-0.3666666666666667,-0.37777777777777766,1.0777777777777784,0.011111111111111072,0.03888888888888875,0.061111111111111116,0.03888888888888892,-157.78941795665637,0.01190476190476275,0.23809523809523814,-0.5714285714285716,-0.13095238095238093,-0.2857142857142857,1
1.0821052631578936,0.3582631578947364,0.9401578947368416,1.5463157894736828,0.21842105263158018,1.228578947368421,-6.15789473684211,-8.526315789473685,-0.009736842105263044,0.42105263157894735,0.36842105263157876,-2.2105263157894743,-0.26315789473684204,-0.6315789473684212,-0.1578947368421052,-0.21052631578947367,55.48798830409358,1.2222222222222214,1.0,0.7777777777777777,0.2222222222222222,-0.6666666666666667,1
0.21735294117647008,0.138261437908497,-0.025715686274509153,-0.9670261437908501,-1.5978104575163385,-0.5937941176470589,0.7581699346405202,-5.5424836601307135,0.0019019607843137054,0.3594771241830066,0.5,-1.3464052287581687,-0.10457516339869288,-0.859477124183007,-0.1797385620915033,0.07516339869281047,124.87917361111111,4.574999999999999,1.5750000000000002,2.025,0.55,0.15000000000000002,1
-0.3566315789473684,-0.3606578947368422,-0.10572368421052625,1.621684210526313,1.0195526315789465,1.115255263157895,4.094736842105263,-0.9631578947368382,0.013455263157894748,-0.06052631578947376,-0.03157894736842093,-0.13421052631578867,0.03684210526315779,0.6315789473684212,-0.03947368421052633,0.1394736842105263,52.608473684210516,-0.2727272727272734,0.22377622377622375,-0.16083916083916083,-0.11188811188811187,0.27972027972027974,1
-1.6218092105263167,-1.162009868421053,-0.5768486842105265,-2.8117105263157924,-1.8145065789473698,-2.3988552631578943,1.4177631578947398,-5.20723684210526,-0.027246710526315776,0.11184210526315796,-0.24013157894736847,-0.5098684210526319,-0.009868421052631637,0.20723684210526283,-0.10197368421052633,-0.15131578947368418,0.008631578947368324,4.6068376068376065,0.3162393162393162,0.982905982905983,1.1965811965811965,-0.811965811965812,1
1.4511764705882344,1.067470588235294,0.5658823529411767,2.0047058823529422,-0.5317647058823596,1.7129411764705886,-5.0,0.705882352941174,-0.03576470588235314,0.47058823529411753,0.3529411764705883,-1.1764705882352935,-0.3529411764705883,-0.47058823529411775,-0.4117647058823529,-0.11764705882352944,-55.09219485294117,-0.4166666666666661,0.2666666666666666,0.04999999999999982,-0.33333333333333337,-0.08333333333333331,1
-0.4830434782608686,-0.21872705314009644,-0.21778260869565202,0.47654589371980904,0.2554347826086989,0.6631811594202901,-0.5990338164251199,-1.4855072463768124,-0.015495169082125448,0.4178743961352658,0.22946859903381656,-1.97584541062802,-0.5144927536231887,-0.1835748792270535,-0.24637681159420288,-0.08212560386473433,62.446665760869564,1.855555555555556,0.2666666666666666,0.8444444444444446,0.22222222222222232,-0.05555555555555558,1
-0.34868421052631593,-0.4337763157894745,0.2462631578947363,-0.8641052631578958,-0.8278947368421079,-0.28063421052631554,-14.799999999999997,-2.6947368421052573,-0.029578947368420927,-0.023684210526315752,-0.25526315789473697,0.5315789473684216,0.3605263157894738,0.37631578947368416,0.24473684210526314,-0.13684210526315793,-49.63790643274854,-2.79020979020979,-0.5664335664335662,0.25174825174825166,-0.35664335664335667,0.09790209790209792,0
-1.2171637426900577,-0.898567251461988,-0.16108771929824584,-3.1715789473684257,-2.1054970760233864,-1.5971929824561404,2.4093567251461963,0.8859649122806985,55.48155555555555,-0.14035087719298245,-0.11695906432748537,-1.459064327485379,-0.10526315789473695,-0.6666666666666665,-0.1374269005847954,-0.23391812865497075,58.74570588235294,-0.33333333333333215,-0.666666666666667,1.0,-0.8888888888888888,-0.2222222222222222,0
-0.2537426900584796,-0.4009912280701755,0.027192982456140324,0.92423976608187,1.1399415204678434,1.1849385964912282,3.1725146198830316,-3.096491228070164,0.033383040935672514,0.3450292397660819,0.14619883040935666,-0.9064327485380108,-0.26315789473684204,0.29824561403508776,-0.1228070175438597,0.011695906432748537,-0.031546783625730934,-2.5555555555555554,-0.9797979797979797,-1.1111111111111107,-0.3434343434343434,0.2121212121212121,0
0.5514999999999994,0.5596473684210523,0.16706315789473702,1.8983684210526288,0.11078947368421055,1.267092105263158,2.3421052631578902,-3.226315789473688,-0.019889473684210568,-0.18157894736842106,0.15263157894736856,0.5394736842105257,-0.05263157894736836,0.28421052631578947,0.19736842105263153,0.17894736842105263,2.6041157894736813,0.7564102564102573,0.14743589743589736,-0.5320512820512819,0.34615384615384615,0.14743589743589747,1
-0.7989258312020455,-0.29984143222506376,-0.4127826086956521,-0.40074168797953647,0.6539641943734047,-0.4334168797953962,2.0741687979539734,-8.358056265984658,-0.03545268542199481,0.10741687979539649,0.11508951406649626,-1.6751918158567776,-0.2301790281329925,-0.2685421994884911,-0.1483375959079284,-0.1278772378516624,-0.04608423913043491,1.9423076923076916,1.737179487179487,0.6730769230769229,-0.5320512820512819,0.11538461538461542,1
0.7886215538847114,0.20105764411027538,0.5838245614035091,-0.13897243107769341,-2.68932330827068,0.46478696741854664,0.5137844611528806,1.4561403508771917,0.012804511278195596,0.05513784461152893,0.11528822055137833,-0.6541353383458643,0.06265664160400997,-0.5614035087719298,-0.31829573934837085,-0.2882205513784461,0.028355263157894717,-0.3777777777777782,0.3333333333333335,-0.9777777777777779,0.13333333333333341,-0.14444444444444443,1
-1.4453636363636369,-0.9672136363636363,-0.39445454545454584,-4.184000000000001,-3.386409090909087,-3.3193318181818183,13.145454545454541,-2.5818181818181927,62.505736363636366,0.25909090909090926,0.5818181818181818,-0.10909090909090757,-0.4954545454545456,-0.24545454545454604,-0.21363636363636362,-0.2,52.4846028708134,-0.49090909090909207,-0.5909090909090908,-0.23636363636363633,0.38181818181818183,0.036363636363636376,1
-0.6916470588235297,-0.4309705882352941,-0.12207352941176497,0.6262352941176417,-0.21679411764706558,-0.4637911764705882,-0.7411764705882291,5.123529411764707,0.01152647058823525,-0.14411764705882368,-0.16470588235294104,0.4323529411764717,0.12352941176470589,0.47058823529411775,-0.07352941176470584,-0.061764705882352944,52.58538157894736,0.0636363636363626,-0.10909090909090935,0.27272727272727293,-0.3090909090909091,-0.6272727272727273,0
-1.2942361111111107,-1.0738402777777771,-0.12004166666666682,-4.117500000000003,-3.676319444444438,-2.3074166666666667,5.0902777777777715,-0.4791666666666714,0.01982638888888888,-0.29166666666666674,-0.4097222222222222,0.7152777777777786,-0.0625,0.6458333333333335,0.07638888888888884,-0.06944444444444442,-58.78505882352942,-1.2651515151515156,-0.8484848484848485,-0.3257575757575757,0.045454545454545414,-0.303030303030303,0
-0.5680116959064327,-0.48295614035087686,0.07393859649122803,-1.189532163742692,0.6620175438596476,-1.0249298245614036,-6.175438596491219,1.1315789473684248,-0.012922600619195146,-0.2280701754385963,-0.19590643274853803,2.064327485380117,0.36257309941520477,0.7690058479532165,0.4415204678362572,0.08479532163742687,-0.004739938080495221,3.9692307692307693,1.4461538461538463,-0.2153846153846155,0.5384615384615384,0.6,1
-0.23235294117647065,0.0032414860681111435,-0.09485448916408679,1.1238390092879236,0.31637770897832596,0.9971362229102169,3.1950464396284843,-5.761609907120743,0.0009752321981424394,-0.10216718266253877,0.052631578947368474,0.02476780185758365,-0.1702786377708978,0.15479876160990713,0.1826625386996904,0.2260061919504644,-72.30874671052632,-1.6750000000000007,-0.04999999999999982,-0.4750000000000001,0.025000000000000022,0.44999999999999996,1
1.4889783281733755,1.1362414860681123,0.5384736842105264,0.7895046439628519,1.0667492260061913,1.7292817337461297,0.7770897832817241,2.306501547987608,0.03656656346749232,-0.148606811145511,-0.006191950464396245,0.4767801857585141,0.006191950464396356,0.51702786377709,0.20123839009287925,0.29102167182662536,-62.45156907894737,-0.9230769230769234,-0.6923076923076921,-0.3076923076923075,-0.15384615384615385,-0.23076923076923073,0
0.18843137254901787,0.19294771241830055,0.23541176470588265,-0.0858169934640518,0.476960784313718,-0.5796666666666666,4.647058823529406,-0.25163398692811256,0.011885620915032646,-0.19281045751634007,0.11111111111111116,-0.11111111111111072,0.013071895424836555,-0.12745098039215685,-0.19281045751633985,0.02614379084967322,62.451687500000006,-0.3333333333333339,0.22222222222222188,-0.666666666666667,0.33333333333333337,0.4444444444444445,0
-0.8019999999999996,-0.7427444444444451,-0.15694999999999948,-2.042388888888887,-3.793000000000003,-0.7539666666666662,1.0444444444444372,2.7166666666666686,0.004472222222222322,0.27222222222222237,0.05555555555555558,-0.23888888888888893,-0.01666666666666683,0.10555555555555518,0.16666666666666663,-0.02777777777777779,9.845819078947365,2.033333333333333,0.45555555555555527,-0.7000000000000002,0.6111111111111112,0.4888888888888888,1
2.3575070028011202,1.580364145658263,0.711137254901961,2.344649859943976,-1.2984873949579843,2.021464985994398,-10.028011204481786,-0.09803921568627061,-0.05584873949579838,0.41736694677871156,0.25770308123249297,-2.462184873949579,-0.6834733893557425,-0.8431372549019609,-0.41736694677871145,-0.350140056022409,-117.58663235294117,1.545454545454545,0.5454545454545454,1.1818181818181817,-0.5454545454545454,0.2727272727272727,1
0.27958810068649953,0.4573752860411906,0.016691075514874143,0.41675057208238364,1.3793821510297484,-0.16975743707093824,-8.938215102974823,-2.3890160183066484,-0.04832265446224254,-0.09382151029748287,-0.194508009153318,-0.40274599542334144,-0.08466819221967992,-0.3707093821510301,-0.12356979405034318,-0.09382151029748287,-0.0033638443935927187,-0.8499999999999996,-0.3833333333333333,-0.20000000000000018,-0.31666666666666665,0.23333333333333336,0
-0.37794736842105303,-0.25906052631578924,-0.08807894736842092,-2.2124210526315746,-1.04444736842105,-1.7406236842105263,3.4684210526315695,2.0473684210526244,6.993433333333336,-0.1763157894736842,-0.20526315789473693,2.0368421052631582,0.15526315789473677,0.7999999999999998,0.17631578947368426,0.08947368421052632,-65.01734365325078,0.09722222222222143,0.38888888888888884,0.5277777777777777,0.45833333333333326,-0.2777777777777778,1
0.9049999999999985,0.3817500000000007,0.5699444444444446,0.8447777777777716,-0.3355555555555476,0.3217833333333333,8.577777777777769,-5.700000000000003,0.005961988304093557,0.10555555555555562,0.37222222222222234,-0.9555555555555557,-0.37222222222222223,-0.23888888888888893,0.09444444444444444,-0.09999999999999998,105.13262865497076,1.6363636363636367,0.4545454545454546,0.2727272727272725,0.36363636363636365,-0.2727272727272727,1
1.0913157894736827,0.25602923976608194,0.8894298245614034,1.497339181286545,0.9148830409356741,1.1718157894736843,-5.888888888888886,-8.672514619883032,-0.007228070175438472,0.41520467836257313,0.39473684210526305,-1.4795321637426895,-0.011695906432748426,-0.8625730994152052,-0.049707602339181256,-0.0146198830409357,55.494888888888894,-4.030303030303029,-0.7348484848484849,-1.477272727272727,-0.25,0.21969696969696972,0
0.5636470588235296,0.11899411764705903,0.4043823529411763,1.1054705882352938,2.2390882352941155,1.6141941176470587,9.352941176470594,2.514705882352942,0.04531470588235309,0.2294117647058822,0.09999999999999998,-1.0647058823529418,-0.01764705882352935,-0.17941176470588216,-0.21470588235294108,-0.0029411764705882804,32.92188486842106,2.1363636363636367,1.022727272727273,0.5075757575757573,-0.037878787878787956,0.11363636363636365,1
-0.0005847953216377988,-0.3887280701754383,0.4578245614035088,0.11634502923976697,-0.38900584795321436,0.8900964912280703,0.17251461988303163,-1.0438596491228083,0.022225146198830426,0.13450292397660824,-0.011695906432748648,0.4093567251461998,0.1578947368421053,-0.22807017543859676,-0.17543859649122806,-0.30409356725146197,0.05371637426900577,-2.9250000000000007,-0.125,-2.275,0.5249999999999999,-0.07500000000000001,0
-0.18843137254901787,-0.19294771241830055,-0.23541176470588265,0.0858169934640518,-0.476960784313718,0.5796666666666666,-4.647058823529406,0.25163398692811256,-0.011885620915032646,0.19281045751634007,-0.11111111111111116,0.11111111111111072,-0.013071895424836555,0.12745098039215685,0.19281045751633985,-0.02614379084967322,-62.451687500000006,-2.1090909090909076,-0.6545454545454548,-0.3090909090909095,-0.8272727272727274,-0.0636363636363636,0
-1.1178823529411765,-0.8238588235294124,-0.35194999999999954,-2.9196764705882323,-3.394470588235297,-1.8505647058823527,3.7176470588235304,-4.155882352941177,-0.015485294117647042,-0.03823529411764692,-0.05882352941176472,0.06176470588235361,0.26764705882352935,0.020588235294117574,0.2647058823529411,-0.07352941176470587,-52.646930921052636,-0.4555555555555557,-0.022222222222222143,-1.4444444444444446,0.30000000000000004,-0.2777777777777778,1
0.6879117647058828,0.5567117647058826,0.06467058823529404,0.09841176470588309,-1.3220588235294137,0.6416911764705885,-5.147058823529406,-4.064705882352939,-0.026605882352941257,0.4911764705882353,0.2529411764705882,-1.9264705882352935,-0.5882352941176472,-0.7764705882352945,-0.19117647058823528,-0.18823529411764706,-67.55468235294117,-1.1428571428571423,-0.4285714285714284,-0.5714285714285716,-0.028571428571428692,-0.18571428571428575,1
-1.1661111111111104,-0.694830409356725,-0.2064035087719298,-2.082631578947371,-2.388654970760232,-0.8548245614035087,1.6198830409356617,-2.6929824561403564,-0.0034005847953216817,-0.29824561403508776,-0.16959064327485374,0.06725146198830423,-0.05263157894736836,0.01754385964912286,0.33625730994152037,0.13450292397660824,-6.203743034055734,1.4444444444444446,0.5555555555555558,0.11111111111111072,0.5555555555555557,0.11111111111111105,1
-1.0116577540106957,-0.8576577540106955,-0.22695454545454585,-0.8952941176470635,-3.16502673796791,-1.6193582887700535,10.163101604278083,-3.093582887700535,0.04125401069518703,0.3208556149732622,0.7406417112299466,0.06149732620320947,-0.6042780748663101,-0.45721925133689867,-0.27540106951871657,-0.2647058823529412,62.414119318181825,0.0961538461538467,0.6474358974358976,-0.45512820512820484,-0.36538461538461536,0.05128205128205132,1
0.5680116959064327,0.48295614035087686,-0.07393859649122803,1.189532163742692,-0.6620175438596476,1.0249298245614036,6.175438596491219,-1.1315789473684248,0.012922600619195146,0.2280701754385963,0.19590643274853803,-2.064327485380117,-0.36257309941520477,-0.7690058479532165,-0.4415204678362572,-0.08479532163742687,0.004739938080495221,-2.0909090909090917,-0.32727272727272716,-0.43636363636363606,-0.15454545454545454,-0.4363636363636364,0
0.9026470588235291,0.4870261437908501,0.22199019607843207,0.8312091503267993,1.0280718954248407,1.3354411764705882,-1.9477124183006538,-9.601307189542482,-0.0285098039215686,0.18300653594771243,0.2647058823529411,-0.9934640522875817,-0.045751633986928386,-0.859477124183007,-0.12091503267973858,0.13398692810457513,0.014361111111110936,-1.3000000000000007,0.3999999999999999,-1.0,0.20000000000000007,-0.09999999999999998,0
-1.2462202380952383,-0.8430148809523803,-0.39304166666666696,-2.3827380952380963,-1.200446428571425,-1.5652738095238097,10.69345238095238,-4.979166666666671,0.03258035714285712,-0.10119047619047628,-0.09226190476190466,1.7232142857142856,0.032738095238095344,0.9791666666666665,0.16369047619047616,0.13690476190476192,0.054749999999999965,1.7222222222222214,-0.48888888888888893,0.5444444444444447,-0.06666666666666671,-0.05555555555555558,1
-0.31588235294117695,-0.08111437908496733,-0.19500000000000006,-0.8772875816993455,0.3985294117647058,-1.0965980392156864,2.6732026143790932,-6.872549019607845,-0.019957516339869363,-0.3104575163398693,-0.1143790849673203,0.30065359477124254,0.2843137254901962,-0.0849673202614376,0.0980392156862745,-0.04575163398692808,-62.49275,-2.5,-0.7500000000000002,-0.5833333333333335,-0.41666666666666663,0.0,0
-0.7584736842105269,-0.725744736842105,0.061657894736842245,-3.788210526315787,-3.3633947368421033,-2.130886842105263,11.994736842105254,-0.11052631578948535,62.50054736842105,-0.07105263157894726,0.11052631578947358,0.931578947368422,0.20789473684210513,-0.09473684210526345,-0.19210526315789467,-0.2263157894736842,52.59652631578947,-3.6477272727272734,-1.9090909090909092,-1.3295454545454546,0.06818181818181823,-0.13636363636363635,1
-0.24695652173913185,-0.3487173913043482,0.11572705314009668,-2.097657004830925,-3.6659903381642494,-1.204514492753623,1.8212560386473342,-0.8478260869565162,0.001495169082125547,-0.14009661835748788,0.048309178743961345,1.0314009661835755,0.12560386473429963,0.35024154589372003,0.35748792270531393,-0.19565217391304346,-0.005533816425120852,-0.9090909090909083,-1.090909090909091,-0.5454545454545454,-0.09090909090909094,0.0,0
-0.8723684210526308,-0.2730921052631583,-0.43752631578947376,-2.525684210526313,-1.9510526315789534,-1.6960552631578947,-15.694736842105257,2.463157894736838,-0.05278947368421055,-0.33947368421052637,-0.518421052631579,1.5842105263157897,0.41315789473684195,0.21842105263157885,0.1394736842105263,-0.18947368421052635,-105.14152631578948,0.4833333333333343,0.46666666666666656,0.6000000000000001,0.13333333333333341,-0.1166666666666667,0
-0.685294117647059,-0.3487647058823531,-0.24770588235294122,-1.7982352941176494,-2.625882352941179,-1.9292352941176472,2.705882352941174,4.058823529411768,0.030411764705882305,0.17647058823529416,0.23529411764705888,-0.352941176470587,-0.0588235294117645,0.0,-0.05882352941176472,-0.05882352941176466,124.8648125,1.4499999999999993,-0.2999999999999998,0.375,-0.19999999999999996,-0.125,0
-0.10288888888888881,0.04033333333333333,-0.13291666666666657,0.697444444444443,-0.12038888888889687,-0.06968333333333332,0.9222222222222314,2.1333333333333258,-0.019927777777777766,-0.40555555555555567,-0.1777777777777776,0.7722222222222221,0.2999999999999998,0.3333333333333335,0.08333333333333337,0.12777777777777777,52.64002046783625,0.3116883116883127,-0.1883116883116882,-0.5129870129870127,0.5,-0.20779220779220775,0
0.772666666666666,0.3575888888888894,0.4005000000000001,-0.11211111111111194,1.720166666666664,0.23323333333333318,13.0,0.027777777777771462,0.045494444444444615,-0.022222222222222365,0.21111111111111114,-1.4111111111111105,-0.12222222222222223,-0.4833333333333334,-0.17222222222222217,-0.09444444444444444,157.82394736842107,0.40000000000000036,-0.6000000000000001,-0.30000000000000027,0.3999999999999999,-0.7999999999999999,1
-0.8716842105263165,-0.44114736842105273,-0.4145236842105269,1.0042894736842065,3.2153684210526308,-0.006305263157894592,-5.4947368421052545,-1.4447368421052573,-0.05543421052631581,0.18684210526315792,-0.052631578947368474,-1.5973684210526322,-0.09736842105263155,-0.655263157894737,-0.2894736842105263,-0.2763157894736842,52.615,2.1515151515151523,0.09848484848484818,0.7348484848484849,0.41666666666666663,-0.2121212121212121,1
0.5004473684210522,0.35591052631578934,0.212378947368421,0.8094210526315742,0.39394736842105615,0.5247236842105264,3.131578947368425,0.3526315789473671,55.465066666666665,-0.023684210526315752,0.20526315789473693,-0.9868421052631575,-0.10526315789473695,-0.3999999999999999,-0.27631578947368424,-0.18947368421052635,67.55356470588235,1.4000000000000004,0.3666666666666667,0.7222222222222223,-0.2333333333333334,-0.4444444444444444,1
-1.286315789473683,-0.5154181286549708,-0.9182631578947362,-1.6017836257309916,-2.247105263157895,-0.5824824561403508,7.444444444444443,6.061403508771932,0.009616959064327468,0.19590643274853803,0.16081871345029253,-0.5204678362573105,-0.37719298245614064,0.029239766081871288,-0.22807017543859653,-0.04093567251461988,6.946409722222214,-0.81111111111111,0.22222222222222232,-0.3555555555555552,-0.8555555555555556,0.13333333333333341,1
0.46636363636363587,0.3378636363636365,0.15789898989899043,-0.477222222222224,-0.7346464646464597,0.10901515151515162,-5.267676767676775,-2.818181818181813,-0.04085858585858576,-0.3535353535353536,-0.45959595959595956,0.3535353535353529,0.3232323232323231,0.656565656565657,0.30808080808080807,0.0,0.017762626262626258,2.045454545454545,-0.15454545454545476,0.8090909090909091,0.6272727272727273,0.13636363636363635,1
0.7203472222222227,0.6182291666666664,-0.09045833333333331,3.018611111111113,2.603541666666665,2.0174166666666666,-0.9791666666666714,7.8125,-0.010672794117646989,-0.04166666666666674,-0.09027777777777768,-0.6597222222222214,0.17361111111111116,-0.9236111111111112,-0.07638888888888884,0.013888888888888895,0.02252941176470591,-1.916666666666666,-0.8333333333333335,-0.25,-0.75,0.16666666666666666,0
0.37558897243107836,0.3189949874686726,0.18380701754385953,0.4289724310776961,0.6140601503759449,0.8335814536340846,9.27568922305764,0.22807017543858876,0.059827067669172895,-0.21303258145363424,0.14786967418546382,2.2330827067669174,0.04260651629072698,0.7719298245614037,0.2656641604010025,0.2882205513784461,0.04611842105263164,1.0272727272727273,0.6363636363636362,0.20000000000000018,-0.0636363636363636,-0.6,1
0.07526315789473692,-0.03999999999999959,0.02452631578947373,0.8831578947368435,1.6947368421052609,0.28226315789473705,-4.473684210526315,7.578947368421055,-55.48532456140351,-0.42105263157894735,-0.5789473684210525,3.578947368421053,0.5789473684210529,1.1578947368421053,0.5789473684210527,0.2631578947368421,-117.51297523219814,-1.855555555555556,-0.588888888888889,-1.3666666666666671,0.19999999999999996,-0.38888888888888884,0
1.2544117647058828,0.9748562091503268,0.352303921568627,1.8399673202614384,0.07016339869280941,1.5054411764705886,-6.75816993464052,4.0130718954248294,-0.04937254901960797,0.05228758169934644,-0.1470588235294117,-0.06535947712418277,-0.36601307189542487,0.2124183006535949,0.0032679738562091387,-0.3104575163398693,-117.52099346405228,-1.677777777777779,-1.3888888888888888,-0.15555555555555545,0.13333333333333341,-0.8222222222222223,0
-0.9543464052287582,-0.743718954248366,0.12774509803921585,-2.0747058823529407,-1.7091503267973884,-1.0506666666666666,-0.5751633986928226,5.303921568627445,0.0073300653594770004,-0.1372549019607845,-0.2222222222222222,0.27777777777777857,0.23529411764705888,0.03921568627451011,-0.0816993464052288,0.02614379084967322,3.654628676470587,-0.022222222222222143,-0.5555555555555554,-0.11111111111111116,-0.43333333333333346,-0.033333333333333326,0
-1.60219814241486,-0.5965325077399382,-1.1132631578947363,-2.479071207430337,-1.8485758513931891,-1.6790804953560372,10.117647058823536,-0.8111455108359138,-0.010340557275541895,-0.11455108359133126,0.04643962848297223,-0.21981424148606798,-0.09287925696594446,-0.05572755417956632,-0.13003095975232204,-0.08668730650154796,-55.54634027777779,-0.5909090909090917,-0.1212121212121211,0.47727272727272707,0.31818181818181823,0.2954545454545454,0
0.004705882352940893,-0.35324148606811145,0.12473684210526303,-0.012662538699691694,-0.5399071207430275,-0.7830185758513933,1.2755417956656459,5.114551083591337,0.013907120743034018,0.04334365325077405,0.006191950464396245,0.6811145510835921,-0.006191950464396356,-0.09597523219814219,-0.35913312693498445,-0.34365325077399383,9.861621710526322,-0.655555555555555,-0.28888888888888875,-0.4222222222222225,-0.30000000000000004,-0.35555555555555557,1
0.6589999999999989,0.43255000000000043,0.26449999999999996,2.222999999999997,1.101500000000005,0.43205000000000005,-1.2000000000000028,-2.950000000000003,-0.02486578947368434,-0.1499999999999999,0.050000000000000044,0.39999999999999947,-0.25,-0.20000000000000018,0.09999999999999998,0.050000000000000044,-52.66826315789474,3.034965034965035,1.5944055944055946,0.5104895104895109,0.5384615384615384,-0.3706293706293706,1
0.006352941176470672,0.08220588235294102,-0.12563235294117625,-2.424470588235291,-2.4090882352941136,-1.465444117647059,3.447058823529403,-1.0647058823529392,0.018885294117647056,0.32058823529411784,0.3999999999999999,-0.7852941176470587,-0.18235294117647038,-0.47058823529411775,0.014705882352941124,0.0029411764705882804,72.27943092105264,1.1666666666666679,-0.08333333333333348,0.25,0.0,-0.16666666666666669,1
-0.28917874396135357,-0.42138405797101486,0.31361594202898546,-1.72154589371981,-1.622101449275366,-1.0420144927536235,-4.289855072463766,0.15217391304348382,0.002452685421994727,-0.02898550724637672,0.1038647342995167,1.3091787439613523,0.2367149758454108,0.35024154589372003,0.30193236714975835,-0.08454106280193235,-0.017007672634271165,-0.5444444444444443,-0.7888888888888888,-1.0666666666666664,0.46666666666666673,0.43333333333333346,1
1.0116315789473687,0.7380078947368423,0.36897368421052623,2.980315789473684,1.8344473684210456,1.8360447368421051,-14.994736842105254,2.163157894736841,-62.51170526315789,-0.13947368421052642,-0.2684210526315789,0.38421052631578867,0.2131578947368422,-0.43157894736842106,0.1394736842105263,-0.08947368421052632,-52.51126315789473,3.5576923076923084,0.6923076923076925,0.9326923076923075,0.5576923076923077,-0.1923076923076923,0
-0.3052631578947369,-0.5066842105263154,0.1742631578947369,-0.6926315789473687,-0.6242105263157924,-0.10799999999999976,4.05263157894737,5.421052631578945,0.02178947368421058,-0.3157894736842104,-0.26315789473684204,2.473684210526317,0.6315789473684212,0.26315789473684204,0.21052631578947367,-0.05263157894736842,0.10089473684210537,-1.5833333333333321,-0.41666666666666674,-0.4999999999999998,0.0,-0.33333333333333337,0
0.7632647058823516,0.5107588235294114,0.5012117647058827,1.9062941176470591,0.7902941176470542,1.07125,0.1470588235294059,4.770588235294113,-0.009158823529411886,-0.020588235294117796,0.10000000000000009,0.75,0.23529411764705888,0.3058823529411767,-0.22058823529411764,0.07058823529411762,12.462487500000002,2.5769230769230766,1.3397435897435896,0.7820512820512819,-0.03205128205128205,-0.21153846153846156,1
0.30555555555555447,0.11605555555555602,0.2546666666666666,0.5094444444444424,2.010555555555559,0.15416666666666679,-0.7222222222222285,-3.555555555555557,0.0012222222222222356,-0.16666666666666674,-0.11111111111111116,-0.33333333333333215,-0.22222222222222232,-0.16666666666666696,-0.05555555555555558,-0.2222222222222222,-0.017388888888888898,1.2307692307692317,0.15384615384615374,1.0,-0.07692307692307698,-0.07692307692307693,1
-0.22129411764705909,-0.2677941176470593,-0.09575,-1.3132941176470592,-2.632617647058815,-1.2513264705882354,7.917647058823533,-1.711764705882345,0.03376764705882351,0.2617647058823531,0.45882352941176463,-0.07941176470588296,-0.35882352941176454,-0.4117647058823528,-0.16176470588235292,-0.11470588235294116,9.832305921052644,0.5999999999999996,-0.2999999999999998,-0.19999999999999973,-0.09999999999999998,0.09999999999999998,1
0.06688235294117639,0.01920882352941211,0.0605,-2.1628235294117637,-1.109029411764702,-1.572385294117647,3.982352941176458,3.8058823529411683,62.49883529411765,-0.061764705882352944,-0.04117647058823537,0.8882352941176475,-0.06764705882352962,0.32941176470588207,-0.1147058823529411,0.12352941176470586,52.55398355263158,-0.29999999999999893,-0.7000000000000002,-0.10000000000000009,-0.20000000000000007,0.0,0
0.9686996904024769,0.5492600619195049,0.29724458204334403,1.7633436532507805,2.0263467492260077,1.674467492260062,-6.690402476780193,-1.87616099071208,-55.5163431372549,-0.2321981424148607,-0.3405572755417957,1.8544891640866865,0.2817337461300309,0.5294117647058822,0.3498452012383901,0.20123839009287925,-117.50551470588235,-0.5757575757575744,0.15909090909090917,0.09090909090909083,-0.38636363636363635,0.5757575757575757,0
0.7501250000000002,0.7208625000000002,0.1623249999999996,3.815999999999999,5.0298750000000005,2.3925499999999995,-6.912499999999994,3.762500000000003,-0.028187500000000032,0.07499999999999996,0.1875,-1.0875000000000004,-0.08749999999999991,-0.8624999999999998,-0.1875,-0.125,52.606368421052636,-2.7676767676767664,-0.5151515151515154,-0.11111111111111116,-0.6262626262626262,0.393939393939394,0
1.1642105263157898,0.520052631578948,0.7676315789473687,0.2900000000000027,-2.075263157894735,1.2983684210526314,9.78947368421052,1.6842105263157805,0.07263157894736849,-0.1578947368421053,0.26315789473684215,1.578947368421053,0.10526315789473695,0.2105263157894739,-0.05263157894736836,0.0,0.07447368421052636,-0.6333333333333346,-0.06666666666666643,0.47777777777777786,0.13333333333333341,-0.07777777777777783,1
1.789411764705883,1.2829117647058825,0.4255261437908495,3.3566339869281077,2.148496732026139,2.636107843137255,-6.424836601307177,3.735294117647058,-0.03298366013071907,0.3856209150326797,0.130718954248366,-1.1209150326797381,-0.36601307189542487,-0.7875816993464055,-0.3856209150326797,-0.08823529411764708,-117.52082679738561,0.8000000000000007,0.09999999999999964,0.6000000000000001,-0.40000000000000013,0.3,1
-1.0913157894736827,-0.25602923976608194,-0.8894298245614034,-1.497339181286545,-0.9148830409356741,-1.1718157894736843,5.888888888888886,8.672514619883032,0.007228070175438472,-0.41520467836257313,-0.39473684210526305,1.4795321637426895,0.011695906432748426,0.8625730994152052,0.049707602339181256,0.0146198830409357,-55.494888888888894,-1.5777777777777793,-0.8888888888888888,-0.20000000000000018,-0.21111111111111114,-0.07777777777777783,0
0.10173160173160145,-0.0404112554112559,0.12771212121212105,-0.5347619047619077,-2.7123376623376636,-0.7236580086580084,1.6645021645021671,-1.0151515151515156,0.01799350649350645,0.38528138528138545,0.5865800865800865,-1.6948051948051939,-0.6406926406926408,-0.7121212121212124,-0.3398268398268398,-0.2619047619047619,-0.08356818181818182,-0.3000000000000007,0.8999999999999999,0.0,-0.5,0.0,0
1.9508823529411758,1.0303088235294127,0.867,3.343176470588233,2.676470588235297,1.9597147058823527,4.682352941176461,3.505882352941171,0.03991950464396282,0.138235294117647,0.20882352941176474,-0.3117647058823536,-0.26764705882352935,-0.32058823529411784,-0.1147058823529411,0.2235294117647059,105.18424671052632,-1.2923076923076913,-0.4230769230769229,-0.023076923076922995,-0.48461538461538467,0.4153846153846154,1
0.5887581699346409,0.47130392156862744,-0.010843137254901603,0.07120915032680131,0.0964052287581687,0.3941078431372549,1.6633986928104605,-2.9901960784313815,-0.031454248366013016,-0.261437908496732,-0.013071895424836555,0.3398692810457504,0.17647058823529393,-0.13725490196078427,0.1568627450980392,0.1895424836601307,0.05463888888888879,-2.474747474747474,-0.18181818181818188,-1.0909090909090908,-0.38383838383838387,-0.10101010101010105,0
0.2788329519450792,0.061572082379862,0.23967734553775744,-0.5320137299771179,-2.2841189931350137,-0.01708466819221993,1.885583524027453,-0.979405034324941,0.015375286041189873,0.1990846681922196,0.29977116704805473,-0.7551487414187648,-0.12585812356979398,-0.41876430205949644,-0.13958810068649885,-0.16933638443935922,-0.012267734553775944,-2.166666666666666,-1.1444444444444448,-0.45555555555555527,-0.07777777777777783,-0.5888888888888888,0
1.3461111111111101,1.095722222222222,0.1146666666666667,2.343888888888891,2.4394444444444403,0.6688333333333332,0.7777777777777857,-6.0,0.0038888888888888307,-0.05555555555555558,0.16666666666666663,0.6111111111111107,0.16666666666666674,0.11111111111111116,-0.05555555555555547,0.2222222222222222,-3.6671286764705826,-6.166666666666666,-1.4166666666666667,-2.0833333333333335,-0.9583333333333333,-0.41666666666666663,0
0.23235294117647065,-0.0032414860681111435,0.09485448916408679,-1.1238390092879236,-0.31637770897832596,-0.9971362229102169,-3.1950464396284843,5.761609907120743,-0.0009752321981424394,0.10216718266253877,-0.052631578947368474,-0.02476780185758365,0.1702786377708978,-0.15479876160990713,-0.1826625386996904,-0.2260061919504644,72.30874671052632,-3.685314685314686,-0.43356643356643354,-1.3776223776223775,-0.2797202797202798,-0.5874125874125875,0
0.20377777777777784,-0.12346666666666639,0.5033333333333334,-1.0021111111111107,0.6068333333333307,0.05223333333333291,3.6666666666666714,-1.75,0.03178529411764708,0.3666666666666667,0.37777777777777766,-1.0777777777777784,-0.011111111111111072,-0.03888888888888875,-0.061111111111111116,-0.03888888888888892,157.78941795665637,3.115384615384615,1.1428571428571428,1.098901098901099,0.4175824175824176,0.25274725274725274,1
-0.3708668730650162,-0.324099071207431,0.007938080495356381,0.3289783281733758,-0.3936532507739976,0.4511052631578949,8.541795665634666,0.2074303405572806,0.044046439628482925,0.3188854489164086,0.368421052631579,-0.6842105263157894,-0.02786377708978316,0.33746130030959787,-0.26006191950464397,0.26006191950464397,62.43752960526316,1.9000000000000004,0.7999999999999998,0.8000000000000003,0.29999999999999993,0.0,1
-1.111286764705882,-0.7373492647058828,-0.31809558823529405,0.03808823529412031,2.498933823529409,-0.4561911764705887,-0.6654411764705941,5.077205882352942,0.023268382352941264,-0.3161764705882353,-0.1654411764705883,0.7389705882352935,0.6507352941176472,-0.13602941176470562,0.2536764705882353,0.21323529411764708,117.53188235294117,-0.44444444444444464,0.0,-0.7777777777777777,-0.11111111111111094,0.11111111111111116,0
0.5350000000000001,0.30805555555555575,0.07322222222222252,1.5166666666666693,2.0783333333333296,1.1306666666666665,0.3333333333333428,-0.27777777777777146,0.016388888888888897,0.33333333333333326,0.2777777777777777,-1.0555555555555554,0.0,-1.0000000000000004,-0.38888888888888884,0.2222222222222222,0.0001666666666666483,1.7636363636363637,0.23636363636363633,-0.036363636363636154,0.3545454545454546,0.2181818181818182,1
-0.6550000000000002,-0.3773500000000001,-0.26325,-4.601999999999997,-2.853999999999992,-2.9513,10.899999999999991,-1.2000000000000028,62.49825,0.20000000000000018,0.2999999999999998,-0.25,-0.25,-0.20000000000000018,-0.09999999999999998,-0.04999999999999999,-0.0972105263157843,0.9000000000000004,0.7999999999999998,0.8999999999999999,-0.3999999999999999,0.2,1
-0.6730526315789471,-0.5455894736842111,-0.20337105263157862,-2.8700789473684214,-3.459052631578949,-1.6823263157894734,4.231578947368419,-2.397368421052633,55.489916666666666,0.07631578947368434,0.10526315789473684,-1.0868421052631572,0.044736842105262964,-0.4500000000000002,-0.026315789473684237,-0.03947368421052633,64.92439628482973,2.3434343434343443,1.8383838383838378,1.5050505050505047,-0.4040404040404041,0.2828282828282829,0
-0.7768421052631567,0.148421052631579,-1.1144210526315785,-0.853684210526314,0.40578947368421225,-1.1205789473684211,2.10526315789474,3.10526315789474,-0.012052631578947537,-0.10526315789473695,-0.10526315789473673,-0.2631578947368425,-0.3684210526315792,0.3684210526315792,-0.052631578947368474,0.2631578947368421,-55.58888304093568,-2.3782051282051277,-0.7371794871794872,-0.224358974358974,-0.6217948717948717,0.04487179487179488,0
1.0947619047619037,0.7058412698412697,0.38066666666666693,0.254126984126982,-0.28976190476190666,-0.2711428571428569,-0.3809523809523796,-1.0555555555555571,-0.008198412698412594,-0.24603174603174605,0.015873015873015817,-1.3968253968253963,-0.31746031746031766,-0.5,-0.19841269841269837,-0.20634920634920634,-0.042749999999999955,0.46363636363636296,0.09090909090909083,-0.40909090909090917,0.5818181818181819,-0.13636363636363635,1
-1.567863636363636,-1.0640636363636364,-0.5187545454545459,-2.7810000000000006,-2.735909090909093,-2.1034318181818183,6.545454545454547,-4.981818181818184,0.047236363636363576,0.4590909090909092,0.5818181818181818,-1.1590909090909083,-0.5454545454545454,-0.645454545454546,-0.11363636363636365,-0.09999999999999998,49.94838181818182,1.4615384615384617,-0.1468531468531471,0.15384615384615374,0.31468531468531474,-0.0699300699300699,1
-0.09653594771241814,0.12253921568627435,-0.2585490196078428,-1.727026143790848,-2.5294771241830105,-1.5351274509803923,4.3692810457516345,1.0686274509803866,-0.0010424836601307108,-0.08496732026143783,0.22222222222222232,-0.013071895424836555,0.11764705882352944,-0.13725490196078427,0.0980392156862745,0.13071895424836605,124.91945138888889,2.6153846153846168,0.5384615384615385,1.1538461538461537,0.0,0.07692307692307693,1
1.2819195046439642,0.8318885448916418,0.3290619195046438,0.7689164086687299,-0.15266253869967983,1.1421052631578943,4.247678018575854,-0.5758513931888558,0.039743034055727655,-0.2662538699690402,0.052631578947368474,0.9473684210526319,-0.28792569659442724,0.39938080495356054,0.26006191950464397,0.05572755417956654,-62.44831907894737,-2.344444444444445,0.14444444444444482,-1.5444444444444447,0.033333333333333326,-0.05555555555555558,0
0.976,0.5166444444444449,0.4075,0.24288888888889026,1.9734999999999978,0.43106666666666626,8.555555555555557,-0.4166666666666714,0.0448277777777778,-0.022222222222222365,0.0444444444444444,-0.41111111111111054,0.26666666666666683,-0.20555555555555527,-0.11666666666666659,0.12777777777777777,95.35975986842107,-1.8777777777777782,-1.0666666666666664,-0.9666666666666668,-0.0444444444444444,0.06666666666666671,0
1.1419005847953207,0.9385672514619876,0.1365614035087721,2.2884210526315822,0.41076023391812555,1.3149298245614034,2.064327485380119,-8.464912280701753,0.003769005847953255,0.5614035087719298,0.6959064327485379,-2.119883040935674,-0.47368421052631593,-0.4912280701754388,-0.4415204678362572,-0.029239766081871343,58.76726934984521,1.4333333333333336,0.15555555555555545,0.5111111111111106,-0.24444444444444446,0.4777777777777778,1
-1.4502941176470583,-0.9015441176470598,-0.639,-2.217294117647059,-3.564117647058822,-1.8321264705882352,-3.682352941176461,-0.21176470588234508,-0.0055665634674922915,-0.138235294117647,-0.0911764705882353,1.370588235294118,0.09117647058823519,0.4382352941176473,-0.061764705882352944,-0.1647058823529412,-42.70074671052632,-2.664335664335664,-0.8811188811188808,-0.8041958041958042,-0.6923076923076923,-0.2517482517482517,0
0.6146035805626608,0.5276879795396425,0.033040920716112865,1.412199488491055,2.6157289002557604,1.4092890025575449,-4.102301790281331,-8.475703324808194,-0.046393861892583044,-0.010230179028132946,-0.0613810741687979,-0.9693094629156018,-0.17135549872122802,-0.20971867007672662,-0.08951406649616367,0.10741687979539638,0.01972826086956514,0.5,0.5999999999999999,0.2999999999999998,0.0,0.5,1
0.5922222222222224,0.23921929824561428,-0.00409649122807032,0.9837426900584809,1.3158771929824589,0.5648245614035089,2.4912280701754383,10.026315789473685,0.012554179566563572,-0.03508771929824572,-0.33040935672514615,-0.011695906432747094,0.16374269005847952,-0.29532163742690054,-0.33625730994152037,-0.19005847953216376,-52.55878637770898,-5.055944055944056,-0.8251748251748252,-1.3426573426573425,-0.5384615384615384,0.09790209790209792,0
-0.5676315789473678,-0.41671345029239815,-0.20564035087719335,0.16423976608187196,0.2082748538011714,0.2436052631578949,6.783625730994146,3.514619883040936,0.030438596491228098,-0.09941520467836251,-0.13157894736842102,0.42690058479532134,-0.040935672514619714,1.0204678362573105,0.1549707602339181,0.06725146198830412,0.008730994152046923,0.09999999999999964,-0.10000000000000009,-0.3999999999999999,0.19999999999999996,0.09999999999999998,1
-0.46636363636363587,-0.3378636363636365,-0.15789898989899043,0.477222222222224,0.7346464646464597,-0.10901515151515162,5.267676767676775,2.818181818181813,0.04085858585858576,0.3535353535353536,0.45959595959595956,-0.3535353535353529,-0.3232323232323231,-0.656565656565657,-0.30808080808080807,0.0,-0.017762626262626258,2.033333333333333,0.44444444444444464,-0.25555555555555554,0.0,0.4666666666666666,1
0.6432748538011697,0.44295614035087727,-0.049412280701754296,2.0726900584795356,1.0327192982456133,1.3071929824561406,1.7017543859649038,6.44736842105263,-55.47240196078431,-0.19298245614035103,-0.3830409356725145,1.514619883040936,0.2163742690058481,0.38888888888888884,0.1374269005847954,0.17836257309941522,-117.50823529411764,-1.0769230769230766,0.5384615384615385,-1.0,0.3846153846153846,-0.23076923076923078,0
0.6613529411764709,0.4595558823529411,0.13761764705882373,2.1775294117647057,0.44491176470587845,1.485855882352941,-7.452941176470588,0.13529411764706367,-62.479364705882354,0.12058823529411766,0.10000000000000009,-0.5352941176470587,0.06764705882352962,-0.2705882352941176,0.1147058823529411,0.05294117647058827,72.37664144736843,0.8222222222222211,0.8888888888888888,0.7555555555555555,-0.24444444444444446,0.0222222222222222,0
0.7218823529411766,0.3965588235294122,0.32375,2.439176470588233,1.7449705882352902,1.378914705882353,-6.917647058823533,5.005882352941171,0.0005852941176470172,-0.2617647058823531,-0.3411764705882352,1.1382352941176475,0.18235294117647038,0.5294117647058822,-0.014705882352941124,0.17352941176470585,52.65119407894736,0.3000000000000007,0.5,-0.20000000000000018,-0.8,0.5,1
-0.7501250000000002,-0.7208625000000002,-0.1623249999999996,-3.815999999999999,-5.0298750000000005,-2.3925499999999995,6.912499999999994,-3.762500000000003,0.028187500000000032,-0.07499999999999996,-0.1875,1.0875000000000004,0.08749999999999991,0.8624999999999998,0.1875,0.125,-52.606368421052636,1.5333333333333332,1.6111111111111112,0.47777777777777786,-0.25555555555555554,0.6888888888888889,1
1.0947619047619037,0.7058412698412697,0.38066666666666693,0.254126984126982,-0.28976190476190666,-0.2711428571428569,-0.3809523809523796,-1.0555555555555571,-0.008198412698412594,-0.24603174603174605,0.015873015873015817,-1.3968253968253963,-0.31746031746031766,-0.5,-0.19841269841269837,-0.20634920634920634,-0.042749999999999955,-0.41958041958041825,-0.12587412587412583,0.04195804195804209,-0.4125874125874126,-0.02097902097902099,0
-1.6578157894736827,-0.6741736842105261,-1.1770631578947364,-3.2388947368421004,-2.307105263157897,-2.0355657894736843,7.5,0.594736842105263,0.029994736842105185,0.023684210526315752,0.0052631578947368585,-0.38157894736842124,-0.2105263157894739,-0.12631578947368416,-0.14473684210526316,0.13684210526315793,-5.528577777777784,0.011111111111111072,0.3555555555555552,-0.344444444444445,0.3222222222222223,0.26666666666666666,1
1.4502941176470583,0.9015441176470598,0.639,2.217294117647059,3.564117647058822,1.8321264705882352,3.682352941176461,0.21176470588234508,0.0055665634674922915,0.138235294117647,0.0911764705882353,-1.370588235294118,-0.09117647058823519,-0.4382352941176473,0.061764705882352944,0.1647058823529412,42.70074671052632,-0.8333333333333339,0.4166666666666665,-0.583333333333333,0.16666666666666674,-0.25,0
0.30304347826086886,-0.18216475972540058,0.30951945080091514,-0.7378032036613291,-0.30622425629290717,-0.4771899313501146,-1.7986270022883275,10.178489702517169,0.0150068649885583,-0.06407322654462244,-0.22654462242562945,1.2974828375286052,0.4004576659038903,0.05491990846681949,-0.034324942791762014,-0.2745995423340961,-52.57579405034325,1.5,-0.11111111111111116,0.33333333333333304,0.2777777777777778,-0.2222222222222222,0
-1.789411764705883,-1.2829117647058825,-0.4255261437908495,-3.3566339869281077,-2.148496732026139,-2.636107843137255,6.424836601307177,-3.735294117647058,0.03298366013071907,-0.3856209150326797,-0.130718954248366,1.1209150326797381,0.36601307189542487,0.7875816993464055,0.3856209150326797,0.08823529411764708,117.52082679738561,0.5555555555555554,-0.6666666666666665,0.33333333333333304,0.0,-0.1111111111111111,1
0.7717894736842106,0.35948947368421047,0.4293947368421054,0.18742105263158138,-0.055184210526316946,1.0771631578947365,9.84210526315789,-2.881578947368425,0.044707894736842224,0.594736842105263,0.5736842105263157,-3.1421052631578954,-0.37368421052631584,-0.8078947368421052,-0.5026315789473683,-0.12368421052631579,157.79415789473686,-1.627272727272727,-0.38181818181818183,0.2454545454545456,-0.3727272727272728,0.045454545454545414,0
0.5088888888888885,0.27511111111111153,0.2616666666666665,0.8644444444444446,2.263888888888893,0.35199999999999987,-5.166666666666671,-4.0,0.0005555555555554204,-0.16666666666666674,-0.2777777777777779,0.6666666666666679,0.16666666666666674,0.11111111111111116,0.0,0.0,-62.48157638888889,1.1538461538461533,0.5384615384615385,0.3846153846153846,-0.15384615384615385,-0.07692307692307693,1
1.2819195046439642,0.8318885448916418,0.3290619195046438,0.7689164086687299,-0.15266253869967983,1.1421052631578943,4.247678018575854,-0.5758513931888558,0.039743034055727655,-0.2662538699690402,0.052631578947368474,0.9473684210526319,-0.28792569659442724,0.39938080495356054,0.26006191950464397,0.05572755417956654,-62.44831907894737,-1.4615384615384617,-0.07692307692307665,-1.3846153846153848,0.3846153846153846,-0.07692307692307687,0
-0.2531578947368418,-0.012263157894737198,-0.4306315789473685,0.807894736842103,1.5289473684210577,0.2948421052631579,3.0,-2.0526315789473557,0.011157894736842089,0.21052631578947367,0.1578947368421053,-1.3157894736842106,-0.42105263157894735,0.5263157894736845,0.05263157894736836,0.3157894736842105,-0.08526315789473671,-1.5,-1.3333333333333333,-0.75,-0.25,0.08333333333333334,0
0.07069053708439821,-0.17892327365728944,0.21466496163682836,0.38603580562659445,0.010153452685418785,0.5199462915601023,1.3964194373401568,4.416879795396426,0.01598209718670074,-0.1662404092071612,-0.17391304347826098,1.3222506393861888,0.2301790281329925,0.20971867007672662,0.1483375959079284,-0.04859335038363172,-124.88454076086957,-2.4027777777777786,-0.5,-1.0833333333333335,-0.36111111111111116,-0.1527777777777778,0
-0.9401111111111105,-0.7802777777777772,0.014083333333333226,-0.7820000000000036,-0.29594444444444434,-0.3865166666666666,-5.022222222222226,4.133333333333326,-0.023261111111111177,-0.5166666666666668,-0.6222222222222221,0.8277777777777793,0.2999999999999998,0.3333333333333335,0.13888888888888884,-0.09444444444444444,-6.174427244582056,2.5384615384615383,1.3356643356643354,1.4475524475524475,-0.09790209790209792,-0.2517482517482518,1
2.0354117647058825,1.2321117647058828,0.7309705882352941,1.978411764705882,0.7114411764705864,2.525841176470588,3.352941176470594,0.985294117647058,-0.002155882352941174,0.6411764705882352,0.4529411764705883,-2.4764705882352933,-0.4882352941176471,-0.8264705882352943,-0.39117647058823524,-0.2382352941176471,40.28006501547989,-4.991452991452991,-1.341880341880342,-0.649572649572649,-0.8376068376068377,-0.17094017094017094,0
-0.5887581699346409,-0.47130392156862744,0.010843137254901603,-0.07120915032680131,-0.0964052287581687,-0.3941078431372549,-1.6633986928104605,2.9901960784313815,0.031454248366013016,0.261437908496732,0.013071895424836555,-0.3398692810457504,-0.17647058823529393,0.13725490196078427,-0.1568627450980392,-0.1895424836601307,-0.05463888888888879,-1.1666666666666679,-0.7999999999999998,0.766666666666667,-0.6333333333333334,0.5666666666666667,1
0.4448297213622294,0.27826934984520135,0.14857894736842092,0.049597523219810924,-0.06458204334365192,0.1682383900928791,0.5139318885448887,1.7585139318885439,55.50540196078431,0.11455108359133126,0.16408668730650156,-1.1486068111455108,-0.22291021671826639,-0.47058823529411775,-0.29102167182662536,0.03405572755417954,117.57132720588235,1.4861111111111107,-0.26388888888888884,-0.31944444444444464,-0.38888888888888884,0.3194444444444444,0
-1.4694736842105267,-1.0267368421052634,-0.5933684210526318,-0.9826315789473714,1.4510526315789427,-1.406368421052631,-5.73684210526315,3.7368421052631646,-0.05084210526315791,-0.1578947368421051,-0.5263157894736842,0.8947368421052637,0.5263157894736843,0.05263157894736814,0.26315789473684204,-0.05263157894736842,0.026421052631579012,1.3545454545454554,-0.054545454545454675,0.036363636363636154,0.28181818181818186,0.5272727272727273,1
-0.5986666666666656,-0.5836888888888896,-0.14994999999999958,-1.6873888888888846,-3.539666666666669,-0.5561333333333331,-3.4000000000000057,2.2722222222222257,0.0038055555555555065,0.27222222222222237,-0.11111111111111116,0.7611111111111111,0.37222222222222223,0.3833333333333333,0.2222222222222222,0.19444444444444442,-52.61836842105264,1.050505050505052,-0.10101010101010077,0.6565656565656561,-0.08080808080808077,0.7676767676767677,0
0.33988970588235246,0.33012132352941115,0.24778676470588268,2.0427941176470625,1.9671691176470496,1.2567499999999998,-5.665441176470594,5.783088235294116,-0.012496323529411879,0.15441176470588225,0.1875,-0.4375,0.2977941176470589,-0.6066176470588234,-0.15808823529411764,0.09558823529411764,62.439687500000005,-1.666666666666666,-0.5000000000000002,0.08333333333333348,-0.8333333333333335,0.08333333333333337,0
-1.001363636363636,-0.6459191919191922,-0.23112121212121295,-1.0394444444444453,-1.34368686868687,-1.239681818181818,4.9343434343434325,3.0959595959595845,0.024469696969696864,0.020202020202020332,0.18181818181818188,0.7020202020202024,-0.3232323232323231,0.3434343434343434,0.08080808080808077,-0.2222222222222222,-0.017929292929292906,-0.5,0.2999999999999998,-0.6999999999999997,-0.09999999999999998,-0.19999999999999996,0
0.011779448621554778,0.3494786967418544,-0.5305964912280694,-0.9926566416040075,-2.2835338345864677,-0.6557919799498746,2.6190476190476204,4.561403508771932,0.0007518796992480592,-0.05012531328320802,0.010025062656641603,-0.9172932330827068,-0.30576441102756924,-0.1929824561403506,-0.37092731829573933,-0.02506265664160401,-55.560527777777786,1.0,0.8888888888888888,-0.6666666666666665,1.0,-0.2222222222222222,1
-1.1341315789473678,-0.8348578947368424,-0.4932736842105263,-1.5773157894736833,-1.1839473684210517,-0.6201447368421052,8.39473684210526,-4.5631578947368325,0.05320526315789481,0.33947368421052637,0.2684210526315789,-1.4342105263157894,-0.26315789473684204,0.03157894736842115,-0.03947368421052633,0.18947368421052635,49.97504210526316,2.9923076923076914,0.5,0.6769230769230772,0.09999999999999998,0.03076923076923077,1
-1.8839999999999995,-1.0111000000000006,-0.8065,-5.505999999999997,-3.785499999999999,-3.5321,-0.7000000000000028,0.29999999999999716,62.458915789473686,-0.19999999999999996,-0.2500000000000001,1.200000000000001,0.19999999999999973,0.6499999999999999,0.0,-0.10000000000000003,-52.630263157894746,-1.0999999999999996,-0.5999999999999996,0.39999999999999947,-1.0,-0.10000000000000009,0
0.04222222222222172,0.07266666666666666,-0.19788888888888878,-0.37611111111111484,-2.0438888888888833,-0.16249999999999964,6.1111111111111,-1.0,-0.0009575163398691799,-0.11111111111111116,-0.05555555555555536,-0.2777777777777768,-0.11111111111111116,0.0,0.05555555555555558,-0.1111111111111111,0.011473856209150313,-0.6999999999999993,-0.5,-0.40000000000000036,0.30000000000000004,0.0,0
-0.004705882352940893,0.35324148606811145,-0.12473684210526303,0.012662538699691694,0.5399071207430275,0.7830185758513933,-1.2755417956656459,-5.114551083591337,-0.013907120743034018,-0.04334365325077405,-0.006191950464396245,-0.6811145510835921,0.006191950464396356,0.09597523219814219,0.35913312693498445,0.34365325077399383,-9.861621710526322,2.164835164835166,-0.36263736263736246,-0.32967032967032983,0.7802197802197803,0.027472527472527486,1
0.880973684210526,0.8225947368421052,0.06264210526315783,2.3852105263157863,2.7128947368421095,0.9149868421052632,-5.39473684210526,2.510526315789477,-0.04204736842105272,-0.1289473684210527,-0.11052631578947358,0.11842105263157876,-0.1578947368421053,0.49473684210526336,0.09210526315789469,0.12631578947368416,-50.06030526315789,-1.0119047619047619,0.3571428571428572,-1.0833333333333333,0.1071428571428571,-0.20238095238095238,0
-0.05187499999999945,-0.021881944444444912,0.00537500000000013,1.7736111111111121,1.2368749999999977,1.6385833333333335,-5.868055555555557,6.479166666666671,-0.02371527777777771,0.3472222222222223,0.24305555555555558,-1.3263888888888893,-0.10416666666666674,-0.7569444444444446,-0.02083333333333337,-0.1527777777777778,62.4521875,0.5555555555555554,0.8888888888888888,-0.22222222222222232,-0.5555555555555556,-0.3333333333333333,1
0.24846405228758073,0.3493071895424831,-0.1361568627450982,1.4082352941176453,0.07915032679737877,-0.07727450980392159,4.281045751633997,0.9901960784313815,0.034787581699346426,0.37254901960784315,0.4575163398692811,-0.39542483660130756,-0.17647058823529393,0.13725490196078427,-0.21241830065359468,0.0326797385620915,58.75980882352942,-0.09230769230769198,0.42307692307692313,-0.1923076923076925,0.16153846153846158,-0.0692307692307692,1
0.2834055727554179,0.20049535603715185,0.04953869969040281,-0.03489164086686891,-0.5995356037151716,-0.25476780185758513,-3.984520123839019,2.182662538699688,-55.48593137254902,-0.05572755417956654,-0.10526315789473684,1.5015479876160995,0.22291021671826639,0.5294117647058822,0.29102167182662536,0.14241486068111459,7.359297794117651,-1.545454545454545,-0.36363636363636354,-0.8181818181818179,0.45454545454545453,0.18181818181818182,0
0.8945510835913311,0.16341486068111477,0.6758513931888537,1.3326006191950412,1.516811145510843,0.9643157894736842,-7.647058823529406,-5.365325077399376,-0.0208359133126933,-0.003095975232197956,-0.10526315789473695,-0.36842105263157876,-0.02476780185758498,-0.17956656346749256,0.3653250773993808,-0.20743034055727555,-6.933909722222218,0.041958041958043424,0.03496503496503456,0.5664335664335662,-0.2027972027972028,-0.07692307692307693,0
0.10288888888888881,-0.04033333333333333,0.13291666666666657,-0.697444444444443,0.12038888888889687,0.06968333333333332,-0.9222222222222314,-2.1333333333333258,0.019927777777777766,0.40555555555555567,0.1777777777777776,-0.7722222222222221,-0.2999999999999998,-0.3333333333333335,-0.08333333333333337,-0.12777777777777777,-52.64002046783625,1.5,-0.5,0.25,0.08333333333333337,0.08333333333333337,1
0.009210526315789114,-0.10223391812865446,-0.050728070175438233,-0.04897660818713767,0.6964619883040939,-0.05676315789473674,0.269005847953224,-0.14619883040934667,0.0025087719298245714,-0.005847953216374213,0.026315789473684292,0.7309941520467849,0.2514619883040936,-0.23099415204678397,0.10818713450292394,0.19590643274853797,0.00690058479532174,1.1818181818181817,0.36363636363636376,0.18181818181818166,0.18181818181818188,0.0,1
-0.5986666666666656,-0.5836888888888896,-0.14994999999999958,-1.6873888888888846,-3.539666666666669,-0.5561333333333331,-3.4000000000000057,2.2722222222222257,0.0038055555555555065,0.27222222222222237,-0.11111111111111116,0.7611111111111111,0.37222222222222223,0.3833333333333333,0.2222222222222222,0.19444444444444442,-52.61836842105264,-3.051282051282051,-1.0192307692307692,-0.275641025641026,-0.4423076923076923,0.6153846153846154,0
1.4936842105263164,0.7830000000000008,0.6632105263157895,0.7768421052631602,0.5268421052631638,0.9462631578947364,2.05263157894737,7.421052631578945,0.05047368421052634,-0.10526315789473695,0.0,1.1578947368421062,0.0,0.4210526315789478,-0.1578947368421052,-0.052631578947368474,-52.58994736842105,-0.16363636363636402,-0.12727272727272698,0.16363636363636358,0.30000000000000004,0.43636363636363634,1
-0.22036363636363632,-0.3886636363636362,0.1475454545454542,-0.9010000000000016,-0.702409090909093,-0.21928181818181836,15.045454545454547,0.06818181818181301,0.07168636363636366,0.6090909090909091,0.7818181818181819,-1.709090909090908,-0.4454545454545453,-0.6954545454545458,-0.3136363636363636,-0.15000000000000002,157.78312918660288,-1.3181818181818183,0.49090909090909074,-0.10000000000000009,-0.08181818181818179,0.0727272727272727,0
0.5354636591478696,0.18879448621553818,0.15319298245614066,0.6689223057644096,-1.1603759398496223,0.7596290726817045,3.5137844611528806,-0.596491228070164,0.023962406015037685,0.2656641604010026,0.27318295739348364,-1.969924812030075,-0.3583959899749374,-0.03508771929824528,-0.2656641604010025,0.02756892230576441,-0.05690789473684199,1.2333333333333343,-0.1333333333333333,-0.18888888888888866,0.16666666666666663,0.1777777777777778,1
-0.979000000000001,-0.6293499999999999,-0.2365555555555554,-4.661222222222225,-4.121055555555547,-3.2103166666666665,7.877777777777766,-5.400000000000006,62.46487777777778,-0.09444444444444433,0.12222222222222223,0.24444444444444535,-0.1722222222222225,0.411111111111111,0.09444444444444444,-0.2,52.50236549707602,-1.5,-0.5,-1.1545454545454548,-0.14545454545454545,-0.027272727272727282,0
2.4055228758169926,1.81118954248366,0.43813725490196087,4.079411764705883,1.1773856209150289,2.7636078431372555,-4.424836601307177,-4.598039215686271,-0.04309477124183014,0.607843137254902,0.5751633986928105,-1.454248366013072,-0.5882352941176472,-0.5098039215686279,-0.3300653594771241,-0.14379084967320266,-58.746823529411756,1.1527777777777786,-0.125,-0.16666666666666696,0.625,-0.36111111111111116,0
1.1519565217391303,0.7304673913043489,0.4542173913043479,2.9424347826086965,3.3304347826087017,1.5262978260869564,6.756521739130434,-4.852173913043487,0.00446681922196801,0.2456521739130435,0.323913043478261,-1.9869565217391312,-0.49782608695652186,-0.589130434782609,-0.2630434782608695,0.09565217391304348,105.13816247139589,-2.4871794871794872,-0.025641025641025994,0.3247863247863245,-0.5811965811965811,0.1965811965811966,1
-1.088104575163399,-0.7212254901960786,-0.09916666666666663,-2.1222875816993465,-0.9681372549019613,-1.4754313725490198,-2.2156862745097925,-8.205882352941174,-0.033000000000000085,0.07843137254901977,0.21895424836601296,-0.3660130718954253,0.006535947712418277,0.08169934640522891,0.15359477124182996,-0.21241830065359477,-0.06309191176470608,-3.1590909090909083,-0.8181818181818183,-0.6704545454545454,-0.07954545454545459,0.38636363636363635,1
-0.05575851393188813,0.14950464396284846,-0.07942105263157906,-1.076284829721363,0.8230650154798731,0.040650154798761565,-0.4860681114551113,-1.5356037151702822,55.47104901960784,0.11455108359133126,0.04643962848297212,-2.2074303405572753,-0.04643962848297223,-0.5882352941176472,-0.11455108359133132,-0.024767801857585148,55.08782720588235,-0.7777777777777786,0.0,-0.11111111111111116,0.0,0.3333333333333333,0
0.45759868421052685,0.6419572368421049,-0.19078289473684218,2.5217105263157897,3.889769736842105,1.100486842105263,-11.20723684210526,3.5230263157894797,-0.045384868421052715,0.046052631578947345,-0.023026315789473673,-1.0690789473684212,-0.09539473684210531,-0.4177631578947367,0.1546052631578947,0.15131578947368418,-0.08310526315789468,-3.44055944055944,-0.11888111888111919,-0.9930069930069929,-0.7202797202797203,0.4055944055944056,0
1.082982456140349,0.3563625730994153,0.9112631578947363,1.2467836257309894,1.993771929824561,0.3846491228070177,-3.0,-5.616959064327489,-0.008950292397660653,-0.19590643274853803,0.005847953216374213,-0.4795321637426895,-0.011695906432748426,-0.3070175438596494,0.17251461988304095,-0.18128654970760233,55.51777777777779,3.023809523809523,0.9166666666666665,0.8690476190476191,0.38095238095238093,0.14285714285714285,1
0.7058823529411775,0.3944117647058829,0.00841176470588234,0.6664705882352955,1.6300000000000097,1.1279411764705882,-3.705882352941174,-6.294117647058826,-0.042117647058823426,-0.23529411764705865,-0.23529411764705888,0.117647058823529,-0.05882352941176494,-0.17647058823529438,0.2941176470588235,-0.05882352941176472,-62.414437500000005,1.3076923076923084,1.1538461538461537,-1.0846153846153848,1.0384615384615383,-0.015384615384615441,0
0.025845410628019927,0.05638405797101509,0.04388405797101447,1.3409903381642536,2.5193236714975917,1.01518115942029,-5.765700483091791,-5.485507246376812,-0.014939613526570028,0.25120772946859904,-0.048309178743961345,-1.3091787439613523,-0.34782608695652195,-0.07246376811594235,-0.24637681159420288,-0.08212560386473433,-0.03491062801932365,-2.4431818181818183,-0.43181818181818166,-0.39772727272727293,-0.3181818181818182,-0.2272727272727273,1
-0.5826315789473684,-0.27521052631579,-0.3262105263157893,0.3210526315789455,-1.0731578947368412,0.6469473684210528,10.73684210526315,-7.78947368421052,0.03331578947368424,0.1578947368421053,0.42105263157894746,-0.8947368421052637,-0.3157894736842104,0.3157894736842106,0.1578947368421052,0.368421052631579,52.57915789473684,1.4015151515151523,0.8106060606060606,0.2803030303030303,0.2121212121212121,0.14393939393939398,1
-1.6695952380952375,-1.0236523809523805,-0.646466666666667,-2.246238095238093,-0.023571428571429465,-1.37977380952381,4.88095238095238,-3.9666666666666686,0.029242857142857126,0.07380952380952377,-0.004761904761904745,0.5357142857142856,0.09523809523809534,0.06666666666666643,0.22619047619047616,0.16190476190476194,50.03195,2.2272727272727266,0.3363636363636364,0.15454545454545476,0.6545454545454545,-0.1454545454545454,1
-0.4665263157894737,0.14719473684210493,-0.6036578947368423,0.5052105263157873,0.6793947368421094,-0.9691631578947367,-13.89473684210526,-2.5394736842105203,-0.0664973684210528,-0.2789473684210526,-0.31052631578947365,0.6684210526315786,-0.2578947368421054,0.5447368421052632,0.29210526315789465,0.1763157894736842,-157.89505263157895,3.282828282828282,0.4242424242424243,1.4545454545454546,-0.13131313131313127,0.030303030303030276,1
-0.7722222222222221,-0.6401111111111113,0.09583333333333344,-1.245000000000001,-1.3666666666666671,-0.37883333333333336,-4.888888888888886,-1.3333333333333286,-0.013042483660130721,0.38888888888888906,0.33333333333333326,-0.6666666666666679,-0.2777777777777779,0.16666666666666652,0.05555555555555547,-0.16666666666666669,62.42965808823529,2.5576923076923075,0.871794871794872,0.6474358974358974,0.5384615384615384,0.2564102564102564,1
-0.4773205741626798,-0.2785837320574167,-0.3115191387559806,0.10578947368421154,2.0982775119617187,-0.1099234449760762,-10.940191387559807,0.7870813397129268,-0.07782057416267935,-0.1722488038277512,-0.7344497607655504,-0.5382775119617236,0.5980861244019138,-0.05980861244019131,0.07416267942583732,-0.02631578947368418,0.03744976076555018,-0.6666666666666661,0.6888888888888887,-0.6888888888888887,-0.11111111111111116,-0.18888888888888888,1
0.300875,0.08378750000000013,0.12912499999999993,1.266499999999997,-0.5263750000000016,1.0304000000000002,-0.7874999999999943,-3.4124999999999943,-62.4551625,0.02499999999999991,-0.08749999999999991,0.1374999999999993,-0.11249999999999982,0.5125000000000002,0.03749999999999998,0.07500000000000001,-52.51342105263158,-0.033333333333333215,0.011111111111111072,-1.2333333333333334,0.8,-0.3888888888888889,0
0.6730526315789471,0.5455894736842111,0.20337105263157862,2.8700789473684214,3.459052631578949,1.6823263157894734,-4.231578947368419,2.397368421052633,-55.489916666666666,-0.07631578947368434,-0.10526315789473684,1.0868421052631572,-0.044736842105262964,0.4500000000000002,0.026315789473684237,0.03947368421052633,-64.92439628482973,-2.7777777777777786,-1.1944444444444444,-1.0555555555555554,0.19444444444444442,-0.3333333333333333,1
1.4717647058823529,1.1131176470588238,0.32658823529411785,0.8729411764705883,-1.5276470588235291,0.9116470588235297,-6.0,-1.529411764705884,-0.047470588235294264,0.41176470588235303,0.3529411764705883,-1.4117647058823515,-0.47058823529411775,-0.6470588235294121,-0.17647058823529416,-0.23529411764705882,7.358180147058832,1.0,0.8888888888888893,0.22222222222222232,-0.22222222222222232,-0.5555555555555556,1
-0.5452941176470598,-0.5197941176470591,-0.06905555555555543,-1.3725163398692874,-3.8996732026143697,-1.5103431372549019,4.895424836601308,-5.911764705882348,0.0003954248366012658,-0.03267973856209139,0.28104575163398704,0.4150326797385624,-0.28104575163398704,0.19934640522875835,0.0326797385620915,-0.2647058823529412,62.43188194444445,2.0,0.3846153846153848,0.1538461538461542,0.5384615384615385,-0.3076923076923077,1
-1.661993464052287,-1.1768366013071894,-0.30966666666666676,-3.2211764705882366,-2.0409150326797345,-1.7654313725490196,1.8954248366013076,-0.8725490196078454,-0.023846405228758194,-0.2549019607843137,-0.28104575163398693,-0.3104575163398682,0.11764705882352944,-0.19607843137254877,0.15359477124182996,-0.26797385620915026,-58.82562132352942,-1.8452380952380958,-0.023809523809523725,-0.6666666666666665,0.09523809523809523,-0.3928571428571429,0
0.009210526315789114,-0.10223391812865446,-0.050728070175438233,-0.04897660818713767,0.6964619883040939,-0.05676315789473674,0.269005847953224,-0.14619883040934667,0.0025087719298245714,-0.005847953216374213,0.026315789473684292,0.7309941520467849,0.2514619883040936,-0.23099415204678397,0.10818713450292394,0.19590643274853797,0.00690058479532174,1.7666666666666657,0.6111111111111112,-0.06666666666666732,0.7333333333333333,0.4888888888888888,1
0.35027863777089774,0.27845201238390116,0.2313560371517025,0.8027863777089781,1.3895356037151672,0.35018885448916404,-7.541795665634666,2.0278637770897774,-0.032340557275541804,-0.2600619195046441,-0.368421052631579,0.9195046439628474,0.1455108359133126,-0.1609907120743035,0.024767801857585203,-0.14241486068111459,-124.88790460526316,-0.44444444444444464,-0.8888888888888888,0.0,-0.7777777777777779,0.6666666666666667,0
0.7768421052631567,-0.148421052631579,1.1144210526315785,0.853684210526314,-0.40578947368421225,1.1205789473684211,-2.10526315789474,-3.10526315789474,0.012052631578947537,0.10526315789473695,0.10526315789473673,0.2631578947368425,0.3684210526315792,-0.3684210526315792,0.052631578947368474,-0.2631578947368421,55.58888304093568,-2.18888888888889,-0.1777777777777776,-0.7000000000000002,-0.1333333333333333,-0.2555555555555556,0
-0.6916470588235297,-0.4309705882352941,-0.12207352941176497,0.6262352941176417,-0.21679411764706558,-0.4637911764705882,-0.7411764705882291,5.123529411764707,0.01152647058823525,-0.14411764705882368,-0.16470588235294104,0.4323529411764717,0.12352941176470589,0.47058823529411775,-0.07352941176470584,-0.061764705882352944,52.58538157894736,-3.0666666666666673,0.15555555555555567,-1.311111111111111,-0.0888888888888889,0.1777777777777778,1
-0.09127877237851667,0.13327621483375962,0.024629156010230524,0.7457289002557594,0.9857289002557508,0.2813478260869567,-0.39641943734015683,-2.181585677749368,-0.004276214833759617,0.2250639386189257,0.17391304347826098,-1.0869565217391308,-0.11253196930946308,-0.03324808184143224,-0.38363171355498715,0.1662404092071611,62.43416576086957,1.9935897435897427,0.16666666666666652,1.4294871794871795,-0.044871794871794934,-0.025641025641025605,1
0.5258730158730156,0.22478571428571392,0.48350000000000026,-0.6358730158730168,-1.40309523809524,-0.4521428571428572,-9.714285714285708,-2.8333333333333286,-0.02190756302521013,0.14285714285714302,0.18253968253968234,-1.0634920634920642,-0.2063492063492065,-0.05555555555555536,-0.08730158730158732,-0.1507936507936508,-0.07727941176470587,2.7575757575757587,0.6439393939393936,0.8257575757575757,-0.12121212121212122,0.24242424242424243,1
-1.3474999999999997,-0.6754000000000002,-0.6663000000000001,-1.879999999999999,-2.0335,-1.88415,-8.5,-5.049999999999997,-0.024450000000000083,-0.1499999999999999,-0.20000000000000007,0.5499999999999998,-0.10000000000000009,0.04999999999999982,0.19999999999999996,0.050000000000000044,-107.83474736842106,-4.128571428571428,-0.7857142857142858,-1.5571428571428574,-0.41428571428571426,-0.09999999999999998,0
-0.8104117647058819,-0.6535617647058827,-0.1889705882352941,1.3045882352941174,1.9725588235294076,0.5742088235294114,-1.4529411764705884,1.6647058823529477,-62.43189411764706,-0.29117647058823537,-0.2529411764705882,0.8764705882352928,0.5382352941176474,0.37647058823529456,0.29117647058823526,0.2882352941176471,65.0184613003096,1.191919191919192,0.3232323232323231,-0.44444444444444464,0.9191919191919192,-0.5757575757575757,0
0.03263157894736768,0.1086578947368424,0.13241812865497082,-1.6809064327485412,-2.286608187134501,-1.3742719298245614,-7.116959064327489,-3.2368421052631646,-0.046827485380116995,-0.23391812865497075,-0.14619883040935666,0.628654970760234,0.040935672514619714,-0.02046783625731008,0.23391812865497075,-0.2894736842105263,-0.00889766081871357,1.0256410256410255,-0.37606837606837606,0.7094017094017091,0.19658119658119655,0.03418803418803418,0
1.5447368421052636,0.9867368421052638,0.6178947368421055,1.8657894736842149,0.24368421052631817,1.688631578947368,1.2631578947368354,3.8421052631578902,-55.43448245614035,-0.26315789473684226,-0.05263157894736836,2.6842105263157894,0.052631578947368585,1.1052631578947372,0.31578947368421056,0.3157894736842105,-117.53939628482972,-1.708333333333334,-0.5833333333333335,-0.30555555555555536,-0.6944444444444444,-0.5555555555555556,0
-0.13283088235294116,-0.025768382352940655,-0.03837500000000005,-2.0222058823529405,-0.7477573529411785,-0.6695735294117645,2.194852941176464,-2.900735294117652,0.009319852941176543,-0.03676470588235303,-0.24632352941176472,-0.03308823529411775,-0.003676470588235281,0.7242647058823528,0.09926470588235292,0.13970588235294118,-62.442937500000006,1.31111111111111,0.2777777777777777,1.1666666666666665,-0.3111111111111111,0.05555555555555558,1
-0.3943636363636367,-0.16256363636363602,-0.10300454545454629,0.898499999999995,1.117090909090912,0.10361818181818161,5.445454545454552,-2.231818181818184,0.022386363636363538,0.3590909090909091,0.6818181818181819,-1.0590909090909086,-0.6954545454545453,-0.5954545454545457,-0.36363636363636365,-0.25,52.577550239234455,2.0,1.022727272727273,0.6212121212121213,0.06818181818181823,0.2121212121212121,1
-0.3046783625730991,-0.11795614035087709,-0.2835614035087719,-0.8089766081871357,-0.23520467836257808,-0.9980964912280701,3.8801169590643383,6.464912280701753,-0.0004356725146198448,-0.45029239766081863,-0.2514619883040934,2.064327485380117,0.47368421052631593,0.4912280701754388,0.38596491228070173,0.25146198830409355,0.0471783625730996,-0.44444444444444464,0.22222222222222232,-0.22222222222222232,-0.6666666666666667,0.2222222222222222,0
-0.015000000000000568,0.14150292397660813,-0.12057017543859594,0.15681286549707352,-1.2814327485380126,0.40334210526315795,3.9532163742690045,-11.304093567251456,0.002877192982456145,0.2573099415204678,0.5526315789473685,-1.321637426900585,-0.2748538011695907,-0.7046783625730999,0.0029239766081871066,0.30116959064327486,52.57042690058479,-0.2181818181818187,-0.6818181818181819,-0.5363636363636362,1.0636363636363635,-0.23636363636363633,1
0.31588235294117695,0.08111437908496733,0.19500000000000006,0.8772875816993455,-0.3985294117647058,1.0965980392156864,-2.6732026143790932,6.872549019607845,0.019957516339869363,0.3104575163398693,0.1143790849673203,-0.30065359477124254,-0.2843137254901962,0.0849673202614376,-0.0980392156862745,0.04575163398692808,62.49275,1.663636363636364,-0.41818181818181843,0.39090909090909065,0.4454545454545455,0.5181818181818181,1
-1.7176111111111099,-1.2544777777777774,-0.37346666666666684,-3.981,-2.4994444444444426,-2.121916666666667,-0.7222222222222285,0.5333333333333314,0.016488888888888886,-0.1166666666666667,-0.3222222222222223,-0.47222222222222143,0.0,-0.2666666666666666,0.13888888888888884,-0.0444444444444444,-8.807858823529415,0.8555555555555561,0.2666666666666666,1.0444444444444447,0.12222222222222223,0.2666666666666666,0
1.4316666666666649,0.7901388888888898,0.665,2.1108888888888853,2.821666666666669,0.6652833333333332,11.799999999999997,-2.9222222222222314,0.020628654970760274,-0.17222222222222228,0.2611111111111112,-1.011111111111111,-0.37222222222222223,-0.6833333333333336,-0.07222222222222219,-0.0444444444444444,105.15568421052632,-1.5384615384615383,-0.686813186813187,-1.3076923076923077,0.05494505494505497,-0.5604395604395604,0
0.5881733746130031,0.08257585139318913,0.4469814241486072,0.18755417956656828,-0.29260061919504565,1.284204334365325,1.8359133126934921,-4.03405572755419,-0.00922910216718259,-0.12693498452012375,-0.024767801857585203,0.7492260061919502,0.33436532507739924,-0.365325077399381,-0.018575851393188847,-0.11455108359133126,0.10835526315789457,-0.032467532467532756,-0.09740259740259738,0.2987012987012987,-0.18181818181818177,-0.3116883116883117,0
-1.4654117647058822,-1.0309117647058827,-0.4522205882352941,-3.2974117647058794,-0.8814411764705845,-2.3770911764705884,9.447058823529403,0.46470588235294485,0.06635588235294132,-0.09117647058823519,0.0470588235294116,0.6264705882352928,0.28823529411764737,0.17647058823529438,0.19117647058823528,0.2382352941176471,64.92125077399382,-0.29999999999999893,-0.20000000000000018,-0.5999999999999996,0.10000000000000009,0.0,0
-0.7774269005847945,-0.2403070175438593,-0.6565964912280697,-0.7373391812865471,0.016783625730997898,-0.2304824561403509,2.2777777777777715,2.0614035087719316,0.010172514619882889,0.029239766081871288,-0.11695906432748537,0.14619883040935733,-0.2105263157894739,0.14035087719298245,-0.22807017543859653,-0.04093567251461988,-55.535166666666676,0.2012987012987022,-0.07792207792207817,-0.22077922077922096,0.08441558441558444,0.15584415584415584,1
-1.4936842105263164,-0.7830000000000008,-0.6632105263157895,-0.7768421052631602,-0.5268421052631638,-0.9462631578947364,-2.05263157894737,-7.421052631578945,-0.05047368421052634,0.10526315789473695,0.0,-1.1578947368421062,0.0,-0.4210526315789478,0.1578947368421052,0.052631578947368474,52.58994736842105,-0.5999999999999996,0.10000000000000009,-1.0,0.0,0.10000000000000003,0
0.3917647058823519,0.35200326797385606,0.24241176470588255,0.2691830065359504,0.7302941176470519,-0.38183333333333347,0.20261437908496305,-0.6960784313725554,0.011218954248365831,-0.19281045751634007,-0.05555555555555558,0.8888888888888893,0.4019607843137256,0.15032679738562127,-0.13725490196078427,0.24836601307189543,-0.012499999999995737,2.3666666666666654,0.2333333333333334,0.9555555555555553,0.6111111111111112,0.5888888888888888,1
-0.5772222222222219,-0.3807222222222224,0.12466666666666626,-1.1405555555555544,-0.034444444444446276,-0.9681666666666668,-6.444444444444443,1.2777777777777715,-0.015431372549019717,-0.2222222222222221,-0.22222222222222232,1.3333333333333321,0.11111111111111116,1.0000000000000004,0.33333333333333326,-0.1111111111111111,-0.011640522875816961,0.4363636363636374,-0.27272727272727293,0.6000000000000001,-0.5636363636363636,-0.3090909090909091,1
-1.291882352941177,-0.5977588235294122,-0.6025,-1.1201764705882358,-1.574970588235292,-1.5276647058823527,-5.882352941176464,-6.455882352941174,-0.06478529411764716,-0.2882352941176469,-0.1588235294117647,0.7117647058823531,0.01764705882352935,0.12058823529411766,0.21470588235294108,-0.17352941176470585,-157.85250986842107,1.2435897435897427,1.012820512820513,0.17948717948717974,-0.3525641025641026,0.29487179487179493,1
-0.0480158730158724,-0.23082539682539682,0.27300000000000013,-1.734761904761907,-2.475873015873013,-0.742142857142857,-5.603174603174608,4.5,-0.01275396825396824,-0.19047619047619047,-0.31746031746031755,-1.007936507936507,-0.09523809523809534,-0.33333333333333304,-0.08730158730158732,-0.20634920634920634,-58.83980882352942,1.615384615384615,0.30769230769230793,0.9230769230769229,-0.07692307692307693,-0.23076923076923078,1
0.68688995215311,0.24146889952153128,0.4561124401913881,0.39578947368421424,0.0230143540669836,1.1884449760765552,-1.1507177033492866,2.4712918660287073,-0.005188995215310854,-0.3301435406698565,-0.4712918660287082,1.0406698564593295,0.7033492822966507,0.15071770334928258,0.021531100478468956,-0.02631578947368418,0.11192344497607654,-1.6333333333333346,0.11111111111111116,-0.5555555555555554,-0.43333333333333324,-0.06666666666666665,0
0.29833759590792797,0.17107672634271087,0.1847826086956521,-0.7251406649616374,0.23368286445012032,0.30582864450127867,-3.0741687979539734,5.063938618925832,0.0010997442455242812,-0.10741687979539649,-0.2327365728900257,0.6163682864450131,0.40664961636828667,0.15089514066496168,0.32480818414322243,0.06905370843989772,-62.43741576086957,3.5999999999999996,-0.125,0.6749999999999998,0.125,0.25,1
0.5977894736842102,0.5855894736842107,0.1788447368421049,1.986921052631578,1.764315789473688,1.4000631578947365,0.24210526315789593,-5.181578947368422,-0.004592105263157897,0.344736842105263,0.4736842105263157,-2.492105263157896,-0.6236842105263158,-0.7078947368421051,-0.5526315789473684,-0.22368421052631576,52.588578947368426,2.4454545454545453,1.0727272727272728,0.2454545454545456,0.25454545454545463,0.12727272727272732,1
-1.4316666666666649,-0.7901388888888898,-0.665,-2.1108888888888853,-2.821666666666669,-0.6652833333333332,-11.799999999999997,2.9222222222222314,-0.020628654970760274,0.17222222222222228,-0.2611111111111112,1.011111111111111,0.37222222222222223,0.6833333333333336,0.07222222222222219,0.0444444444444444,-105.15568421052632,-3.9282051282051285,-0.9948717948717951,-0.6820512820512821,-0.4769230769230769,-0.358974358974359,0
-0.2628173374612994,-0.15484829721362203,-0.2888328173374617,-1.096873065015485,-0.396346749225998,-0.5465263157894737,2.984520123839019,-4.417956656346746,55.474225490196076,-0.003095975232197956,0.10526315789473684,-1.7368421052631575,-0.3405572755417958,-0.7058823529411766,-0.055727554179566596,-0.26006191950464397,55.09107720588235,3.083333333333334,0.7051282051282048,0.5576923076923077,0.6282051282051283,0.10256410256410253,1
0.32757309941520596,0.08816959064327579,0.45680701754385966,-1.3057894736842108,-1.8618128654970683,0.09143859649122765,3.6725146198830316,4.728070175438589,0.047073099415204656,-0.4035087719298247,-0.16959064327485374,1.2251461988304104,-0.05263157894736836,0.43859649122807065,0.17836257309941517,0.08187134502923976,-58.793690402476784,-2.1742424242424256,-1.5,-0.09090909090909083,-0.196969696969697,0.2121212121212121,0
-0.5236842105263149,0.1606842105263162,-0.6837894736842101,-1.661578947368417,-1.1231578947368455,-1.4154210526315791,-0.8947368421052602,5.1578947368420955,-0.023210526315789626,-0.3157894736842106,-0.26315789473684204,1.0526315789473681,0.05263157894736814,-0.1578947368421053,-0.10526315789473684,-0.05263157894736842,-55.50361988304094,-1.0,0.11111111111111072,-1.333333333333333,0.22222222222222232,-0.11111111111111105,0
0.9921531100478469,0.7481531100478467,0.2818492822966512,1.088421052631583,0.647224880382776,1.2964449760765548,-5.2033492822966565,-2.949760765550238,-0.026978468899521435,-0.014354066985646119,-0.20813397129186617,-1.4330143540669873,0.07177033492822948,-0.11244019138755945,-0.18899521531100472,0.026315789473684237,0.011028708133971166,2.8181818181818183,0.6363636363636362,0.8181818181818183,0.2727272727272727,0.0,1
1.34664705882353,0.8083205882352942,0.38532352941176495,3.975764705882355,3.0707941176470577,3.4150911764705882,-10.158823529411762,-3.9235294117647044,-62.509776470588235,-0.055882352941176494,-0.1352941176470588,-0.18235294117647172,0.1264705882352941,-0.2705882352941176,0.17352941176470582,0.11176470588235293,-52.48817105263158,1.8272727272727263,0.20000000000000018,0.4727272727272731,-0.19999999999999996,-0.05454545454545451,1
-1.4654117647058822,-1.0309117647058827,-0.4522205882352941,-3.2974117647058794,-0.8814411764705845,-2.3770911764705884,9.447058823529403,0.46470588235294485,0.06635588235294132,-0.09117647058823519,0.0470588235294116,0.6264705882352928,0.28823529411764737,0.17647058823529438,0.19117647058823528,0.2382352941176471,64.92125077399382,-2.0909090909090917,-0.27272727272727293,-0.6363636363636367,0.2727272727272727,-0.18181818181818182,0
0.13283088235294116,0.025768382352940655,0.03837500000000005,2.0222058823529405,0.7477573529411785,0.6695735294117645,-2.194852941176464,2.900735294117652,-0.009319852941176543,0.03676470588235303,0.24632352941176472,0.03308823529411775,0.003676470588235281,-0.7242647058823528,-0.09926470588235292,-0.13970588235294118,62.442937500000006,-1.9000000000000004,-0.08888888888888902,-0.44444444444444464,-0.15555555555555556,0.05555555555555558,0
0.41235294117647037,0.3976503267973859,0.0031176470588236693,-0.8625816993464035,-0.2655882352941177,-1.1831274509803924,-0.797385620915037,-2.9313725490196134,-0.00048692810457529045,-0.25163398692810457,-0.05555555555555558,0.6535947712418313,0.2843137254901962,-0.02614379084967311,0.0980392156862745,0.13071895424836605,62.437875000000005,1.0,0.3269230769230771,0.35256410256410264,0.2756410256410256,-0.10897435897435898,1
0.4929565217391314,0.29791739130434847,0.18971739130434795,0.7194347826086993,2.2289347826086967,1.0942478260869564,7.956521739130437,-1.9021739130434838,0.02933260869565235,0.3956521739130434,0.27391304347826095,-2.3869565217391306,-0.24782608695652186,-0.3891304347826088,-0.36304347826086947,0.04565217391304344,157.80642562929063,-2.081818181818182,-0.11818181818181817,0.32727272727272716,-0.4545454545454546,-0.12727272727272732,0
0.6069999999999993,0.4833555555555562,0.12811666666666666,1.9379444444444403,2.460777777777782,1.3432999999999997,0.51111111111112,-5.327777777777769,-0.002083333333333326,0.3388888888888888,0.5,-1.761111111111111,-0.37222222222222223,-0.9388888888888891,-0.4444444444444444,-0.02777777777777779,52.59547953216374,1.0636363636363626,-0.15454545454545476,0.3090909090909091,0.10909090909090902,0.31818181818181823,1
-1.6139775910364147,-0.9460112044817925,-0.5826666666666669,-1.4864145658263297,0.4349579831932786,-1.0232885154061626,7.498599439775916,-5.372549019607845,-0.011092436974789954,-0.06442577030812324,0.036414565826330625,0.6974789915966388,0.21288515406162478,0.13725490196078427,0.2408963585434173,-0.06162464985994395,0.014187499999999797,-4.111111111111111,-0.7222222222222223,-1.3055555555555554,-0.05555555555555547,-0.2222222222222222,0
-0.04222222222222172,-0.07266666666666666,0.19788888888888878,0.37611111111111484,2.0438888888888833,0.16249999999999964,-6.1111111111111,1.0,0.0009575163398691799,0.11111111111111116,0.05555555555555536,0.2777777777777768,0.11111111111111116,0.0,-0.05555555555555558,0.1111111111111111,-0.011473856209150313,1.1111111111111107,-0.5555555555555558,1.0,-0.4444444444444444,-0.11111111111111116,1
-0.8803888888888882,-0.43386666666666684,-0.5204666666666666,-2.5015555555555533,-2.323888888888895,-1.8050833333333336,5.2222222222222285,-1.4666666666666686,0.019822222222222297,-0.005555555555555536,0.12222222222222223,-0.5277777777777786,0.0,-0.2666666666666666,0.08333333333333337,0.1777777777777778,50.00658888888889,2.9499999999999993,-0.10000000000000009,0.4166666666666665,0.6333333333333334,-0.1166666666666667,1
0.3294736842105266,0.2629473684210528,-0.10442105263157919,0.4868421052631575,2.602105263157899,-0.3521052631578949,-7.73684210526315,5.736842105263165,-0.022157894736842154,0.05263157894736836,-0.26315789473684215,-0.4210526315789469,-0.10526315789473695,0.2105263157894739,-0.10526315789473684,-0.052631578947368474,-52.664421052631575,-1.0,-0.2999999999999998,0.20000000000000018,-0.49999999999999994,0.3,0
-0.10173160173160145,0.0404112554112559,-0.12771212121212105,0.5347619047619077,2.7123376623376636,0.7236580086580084,-1.6645021645021671,1.0151515151515156,-0.01799350649350645,-0.38528138528138545,-0.5865800865800865,1.6948051948051939,0.6406926406926408,0.7121212121212124,0.3398268398268398,0.2619047619047619,0.08356818181818182,-3.5277777777777786,-0.2777777777777781,-2.0,-0.08333333333333337,-0.3055555555555556,0
0.43370588235294116,0.10955588235294078,0.16749999999999998,3.2887058823529376,0.22138235294117692,1.6999735294117646,-2.982352941176458,-0.5117647058823422,-62.464482352941175,0.061764705882352944,0.1588235294117648,0.17058823529411704,-0.10882352941176454,-0.21176470588235263,-0.061764705882352944,-0.06470588235294117,9.929516447368428,1.583333333333333,0.3333333333333335,0.6666666666666665,-0.08333333333333331,0.0,1
1.2942361111111107,1.0738402777777771,0.12004166666666682,4.117500000000003,3.676319444444438,2.3074166666666667,-5.0902777777777715,0.4791666666666714,-0.01982638888888888,0.29166666666666674,0.4097222222222222,-0.7152777777777786,0.0625,-0.6458333333333335,-0.07638888888888884,0.06944444444444442,58.78505882352942,-2.4848484848484844,-1.3131313131313131,0.09090909090909083,-0.41414141414141414,0.25252525252525254,0
0.7626315789473681,0.676102339181287,0.23447368421052617,-0.0597953216374254,1.1239473684210495,-0.8329385964912284,-8.339181286549703,-0.903508771929836,-0.032827485380117094,-0.5116959064327486,-0.42397660818713456,1.5730994152046787,0.4298245614035088,-0.1871345029239766,0.1228070175438597,-0.011695906432748537,-62.450029605263154,-1.4000000000000004,-1.2000000000000002,-1.0,0.20000000000000007,-0.10000000000000003,0
0.18866873065015355,-0.23099690402476813,0.6674396284829713,0.6661300309597458,-0.1131888544891666,-0.163625386996904,-3.941176470588232,0.9287925696594499,0.021281733746130127,0.2321981424148607,0.13003095975232193,-0.48606811145510775,0.03405572755417996,-0.003095975232198178,0.07120743034055732,-0.14860681114551083,55.48052777777779,0.6666666666666679,0.22222222222222232,0.3333333333333335,0.0,-0.2222222222222222,1
-0.38964705882352924,-0.3450941176470592,-0.1538323529411758,-2.9049705882352903,-4.0585882352941205,-1.9370941176470586,0.24705882352940023,-0.21470588235294485,0.003985294117647031,0.020588235294117796,0.0,0.41470588235294237,0.26764705882352935,0.07941176470588207,0.2647058823529411,0.10294117647058826,72.28369407894738,2.0604395604395602,0.6703296703296702,-0.15934065934065922,1.043956043956044,-0.1923076923076923,1
0.2017894736842103,0.15828947368421042,0.15064473684210533,1.5064210526315787,0.1148157894736812,0.9284131578947368,-2.957894736842107,-4.331578947368428,-0.01949210526315792,0.044736842105262964,0.0736842105263158,-1.2921052631578949,-0.1736842105263161,-0.1578947368421053,-0.30263157894736836,-0.12368421052631579,52.59284210526315,-0.25555555555555465,0.7666666666666666,-0.344444444444445,-0.19999999999999996,-0.7222222222222223,1
0.5842352941176481,0.16464117647058885,0.16508823529411742,-0.026294117647060133,1.243205882352946,0.8128999999999997,8.352941176470594,0.279411764705884,0.03360882352941197,0.1705882352941177,0.09999999999999998,-1.2999999999999998,-0.1352941176470588,-0.35588235294117654,0.020588235294117685,-0.12058823529411766,95.37225986842105,-3.3977272727272734,-1.3181818181818183,-0.6590909090909092,-0.625,-0.17045454545454547,1
1.188359133126935,0.9126222910216719,0.27704953560371504,0.9078328173374572,-0.9281114551083576,1.1664148606811149,-2.015479876160981,-3.712074303405572,55.438460784313726,0.4674922600619196,0.45820433436532515,-2.913312693498451,-0.6934984520123841,-1.1764705882352944,-0.4674922600619195,-0.3777089783281734,-0.0011176470588196707,1.9111111111111114,-0.3999999999999999,0.41111111111111054,0.4444444444444444,0.14444444444444443,1
0.901461988304094,0.5437807017543865,0.6673070175438598,-0.2069005847953207,-0.7890350877192951,0.38143859649122747,-0.43859649122806843,-2.60526315789474,0.037919504643962765,-0.07017543859649122,0.33040935672514615,1.1695906432748533,-0.16374269005847952,0.7163742690058483,0.17836257309941517,0.1374269005847953,-0.031160990712074232,3.1190476190476195,1.6071428571428572,0.9523809523809521,0.059523809523809534,0.36904761904761907,1
-0.3138888888888882,-0.015722222222222637,-0.23283333333333367,-0.759999999999998,-0.931666666666672,-0.9413333333333334,3.6111111111111143,6.6111111111111,-0.0029444444444444162,-0.4444444444444444,-0.2777777777777777,1.3333333333333321,0.22222222222222232,0.7222222222222228,0.2777777777777778,0.05555555555555558,0.04027777777777786,-2.8888888888888893,-0.8666666666666667,-1.4555555555555553,0.13333333333333341,-0.4555555555555556,0
1.1015000000000001,0.7262,0.3608555555555555,3.2582222222222246,3.4705555555555527,1.9944166666666665,-1.2777777777777715,7.799999999999997,-0.0063777777777778155,-0.10555555555555562,-0.12222222222222223,0.8055555555555554,0.22222222222222232,-0.011111111111111072,-0.19444444444444442,0.09999999999999998,-49.966144444444446,2.9749999999999996,0.6749999999999998,0.2999999999999998,0.050000000000000044,0.125,1
-0.8150517598343692,-0.6461697722567288,-0.1698840579710148,-1.0856728778467932,-0.2190062111801261,-0.5898716356107663,5.424430641821942,2.9855072463768124,0.024360248447204857,-0.17184265010351973,-0.07867494824016563,2.3726708074534164,0.4430641821946173,0.4057971014492754,0.3892339544513457,0.06625258799171846,0.06027173913043471,2.0606060606060606,-0.26515151515151536,-0.09848484848484818,0.856060606060606,0.11363636363636365,1
-0.5108823529411772,-0.3405032679738562,-0.22383333333333288,-0.9817320261437921,-0.9336928104575151,-0.507264705882353,4.22875816993465,-9.483660130718945,-0.017568627450980367,0.30065359477124187,0.4411764705882353,-1.6993464052287575,-0.10457516339869288,-0.9183006535947715,-0.1797385620915033,-0.10130718954248366,-0.051451388888889116,0.0636363636363626,-0.36363636363636376,-0.5818181818181816,0.32727272727272727,-0.23636363636363633,1
0.0005847953216377988,0.3887280701754383,-0.4578245614035088,-0.11634502923976697,0.38900584795321436,-0.8900964912280703,-0.17251461988303163,1.0438596491228083,-0.022225146198830426,-0.13450292397660824,0.011695906432748648,-0.4093567251461998,-0.1578947368421053,0.22807017543859676,0.17543859649122806,0.30409356725146197,-0.05371637426900577,0.28205128205128105,-0.16666666666666652,0.4423076923076925,-0.20512820512820507,-0.012820512820512803,1
0.4337320574162682,0.22920574162679408,0.025480861244019604,1.2036842105263172,1.5519617224880413,1.483287081339713,1.8492822966507134,0.4186602870813516,0.005968899521531235,-0.11961722488038284,-0.3133971291866029,-0.2751196172248811,0.2822966507177034,0.6770334928229671,0.07416267942583732,0.2894736842105263,0.02666028708133983,-2.0999999999999996,-0.9000000000000001,0.10000000000000009,-0.5000000000000001,-0.10000000000000009,0
1.8839999999999995,1.0111000000000006,0.8065,5.505999999999997,3.785499999999999,3.5321,0.7000000000000028,-0.29999999999999716,-62.458915789473686,0.19999999999999996,0.2500000000000001,-1.200000000000001,-0.19999999999999973,-0.6499999999999999,0.0,0.10000000000000003,52.630263157894746,1.9294871794871806,0.3333333333333335,0.1217948717948718,0.044871794871794934,0.1858974358974359,1
0.36622222222222245,0.32466666666666644,-0.22458333333333336,-0.31688888888888656,-0.7768333333333288,0.0965166666666668,9.133333333333326,3.200000000000003,0.03241470588235307,0.18333333333333335,0.12222222222222223,-0.7722222222222221,-0.18888888888888866,-0.6111111111111112,-0.13888888888888884,0.03888888888888892,-52.588102167182655,-3.328671328671329,-1.5104895104895106,-0.09790209790209792,-0.6293706293706293,0.11188811188811193,0
0.37011111111111017,0.5790777777777771,-0.2928333333333333,2.101000000000001,0.4659444444444425,0.2377666666666669,-7.7777777777777715,-5.583333333333329,-0.04093888888888897,-0.033333333333333215,0.12222222222222223,1.0222222222222213,-0.10000000000000009,0.31666666666666643,0.061111111111111116,0.09444444444444444,-99.02688854489165,2.757575757575758,0.5757575757575757,0.46212121212121193,0.5681818181818182,-0.31060606060606066,1
1.1016099071207424,0.46776780185758526,0.8852631578947363,1.3531888544891633,2.736222910216714,1.5514922600619196,-11.117647058823536,-2.4829721362229122,-0.024012383900928636,0.11455108359133126,-0.16408668730650167,-0.8390092879256965,0.2693498452012386,-0.06191950464396312,0.3065015479876161,0.02786377708978327,-6.937159722222219,-2.0,-0.19999999999999973,-0.5,-0.6,0.2,0
0.020588235294118462,0.04564705882352982,-0.23929411764705888,-1.131764705882354,-0.9958823529411696,-0.8012941176470589,-1.0,-2.235294117647058,-0.011705882352941122,-0.0588235294117645,0.0,-0.235294117647058,-0.11764705882352944,-0.17647058823529438,0.23529411764705876,-0.11764705882352938,62.450375,1.1111111111111107,1.333333333333333,-0.7777777777777777,0.4444444444444445,-0.33333333333333337,1
0.4830434782608686,0.21872705314009644,0.21778260869565202,-0.47654589371980904,-0.2554347826086989,-0.6631811594202901,0.5990338164251199,1.4855072463768124,0.015495169082125448,-0.4178743961352658,-0.22946859903381656,1.97584541062802,0.5144927536231887,0.1835748792270535,0.24637681159420288,0.08212560386473433,-62.446665760869564,1.299999999999999,-0.3999999999999999,-0.20000000000000018,0.30000000000000004,0.0,1
-1.4694736842105267,-1.0267368421052634,-0.5933684210526318,-0.9826315789473714,1.4510526315789427,-1.406368421052631,-5.73684210526315,3.7368421052631646,-0.05084210526315791,-0.1578947368421051,-0.5263157894736842,0.8947368421052637,0.5263157894736843,0.05263157894736814,0.26315789473684204,-0.05263157894736842,0.026421052631579012,1.4111111111111114,0.44444444444444464,-0.6111111111111112,0.8444444444444444,0.06666666666666665,0
0.5748333333333338,0.3178111111111108,0.26580000000000004,1.992111111111111,0.31333333333333613,1.6509166666666668,-4.5,5.022222222222226,-0.021044444444444532,0.17222222222222228,-0.011111111111111072,0.8611111111111107,0.22222222222222232,0.43333333333333357,-0.02777777777777779,0.0444444444444444,-49.989200000000004,-0.03636363636363704,0.3363636363636364,-1.3363636363636364,0.46363636363636374,0.2272727272727273,0
0.601052631578948,0.3702894736842106,0.14847660818713448,2.4488011695906504,3.0766081871344966,1.4696929824561402,-4.409356725146196,7.44736842105263,-55.471444444444444,-0.08187134502923987,-0.32748538011695916,1.7923976608187129,0.32748538011695927,0.38888888888888884,0.08187134502923982,0.2894736842105263,-117.51970915032679,-0.8888888888888893,0.44444444444444464,-0.44444444444444464,-0.11111111111111105,0.0,0
-0.49588235294117666,-0.48200619195046435,-0.10326315789473695,-1.1385448916408656,0.3477399380804975,-0.9106068111455108,0.27554179566564585,1.820433436532511,-0.020445820433436512,0.04334365325077405,-0.11145510835913319,-0.3777089783281724,0.1702786377708978,-0.21362229102167163,-0.1826625386996904,-0.4024767801857585,-52.621878289473685,-0.3545454545454554,0.627272727272727,-0.11818181818181817,-0.25454545454545463,0.33636363636363636,1
-0.5258730158730156,-0.22478571428571392,-0.48350000000000026,0.6358730158730168,1.40309523809524,0.4521428571428572,9.714285714285708,2.8333333333333286,0.02190756302521013,-0.14285714285714302,-0.18253968253968234,1.0634920634920642,0.2063492063492065,0.05555555555555536,0.08730158730158732,0.1507936507936508,0.07727941176470587,-5.324675324675325,-1.5324675324675325,-1.6883116883116882,-0.5324675324675325,-0.11688311688311687,0
1.244117647058823,0.7631176470588235,0.3564705882352941,1.9841176470588202,-1.7511764705882307,1.1257647058823532,-1.5294117647058698,-2.17647058823529,-0.03258823529411781,0.3529411764705883,0.41176470588235303,-0.7058823529411757,-0.6470588235294119,-0.5882352941176472,-0.3529411764705882,-0.35294117647058826,-55.08894485294117,0.9551282051282044,0.28205128205128194,0.8333333333333335,-0.14102564102564108,0.14743589743589747,1
0.7501250000000002,0.7208625000000002,0.1623249999999996,3.815999999999999,5.0298750000000005,2.3925499999999995,-6.912499999999994,3.762500000000003,-0.028187500000000032,0.07499999999999996,0.1875,-1.0875000000000004,-0.08749999999999991,-0.8624999999999998,-0.1875,-0.125,52.606368421052636,-1.2222222222222214,-0.14444444444444482,-0.08888888888888902,0.033333333333333326,0.0444444444444444,1
0.0660526315789478,0.062233918128654864,0.07525438596491196,0.9321345029239811,0.998274853801167,0.3390263157894738,-4.742690058479539,7.7251461988304015,-55.487833333333334,-0.41520467836257313,-0.6052631578947368,2.8479532163742682,0.32748538011695927,1.3888888888888893,0.47076023391812866,0.06725146198830412,-117.51987581699346,-0.1999999999999993,-1.0666666666666664,-0.5,0.1833333333333333,-0.35,0
-0.5881733746130031,-0.08257585139318913,-0.4469814241486072,-0.18755417956656828,0.29260061919504565,-1.284204334365325,-1.8359133126934921,4.03405572755419,0.00922910216718259,0.12693498452012375,0.024767801857585203,-0.7492260061919502,-0.33436532507739924,0.365325077399381,0.018575851393188847,0.11455108359133126,-0.10835526315789457,2.23076923076923,0.6923076923076923,0.6923076923076923,-0.07692307692307698,-0.07692307692307693,1
1.567863636363636,1.0640636363636364,0.5187545454545459,2.7810000000000006,2.735909090909093,2.1034318181818183,-6.545454545454547,4.981818181818184,-0.047236363636363576,-0.4590909090909092,-0.5818181818181818,1.1590909090909083,0.5454545454545454,0.645454545454546,0.11363636363636365,0.09999999999999998,-49.94838181818182,-0.7999999999999989,-0.8,-0.7000000000000002,0.40000000000000013,-0.10000000000000003,0
-1.9226842105263167,-1.245797368421053,-0.7059736842105264,-4.0782105263157895,-1.2881315789473682,-3.429255263157894,2.205263157894734,-1.7947368421052659,62.42791578947369,0.08684210526315805,-0.15263157894736856,-0.6473684210526311,0.10263157894736818,-0.30526315789473735,-0.1394736842105263,-0.2263157894736842,52.522052631578944,1.25,-0.16666666666666674,-0.08333333333333348,0.75,-0.5833333333333333,1
0.09127877237851667,-0.13327621483375962,-0.024629156010230524,-0.7457289002557594,-0.9857289002557508,-0.2813478260869567,0.39641943734015683,2.181585677749368,0.004276214833759617,-0.2250639386189257,-0.17391304347826098,1.0869565217391308,0.11253196930946308,0.03324808184143224,0.38363171355498715,-0.1662404092071611,-62.43416576086957,-2.2361111111111107,-1.6527777777777777,-1.4722222222222223,0.45833333333333326,0.08333333333333331,0
-0.5700000000000003,-0.20120000000000005,-0.27875000000000005,1.3189999999999973,0.16999999999999815,-0.14874999999999972,-12.799999999999997,-1.4500000000000028,-0.06420000000000015,-0.55,-0.4999999999999999,1.8500000000000005,0.19999999999999973,0.6499999999999999,0.19999999999999996,0.0,-105.20131578947371,-3.9191919191919187,-1.323232323232323,-1.414141414141414,0.101010101010101,-0.2727272727272727,0
-1.1419005847953207,-0.9385672514619876,-0.1365614035087721,-2.2884210526315822,-0.41076023391812555,-1.3149298245614034,-2.064327485380119,8.464912280701753,-0.003769005847953255,-0.5614035087719298,-0.6959064327485379,2.119883040935674,0.47368421052631593,0.4912280701754388,0.4415204678362572,0.029239766081871343,-58.76726934984521,-1.511111111111111,-1.9555555555555553,0.46666666666666634,-0.6333333333333333,-0.5777777777777777,0
-0.30555555555555447,-0.11605555555555602,-0.2546666666666666,-0.5094444444444424,-2.010555555555559,-0.15416666666666679,0.7222222222222285,3.555555555555557,-0.0012222222222222356,0.16666666666666674,0.11111111111111116,0.33333333333333215,0.22222222222222232,0.16666666666666696,0.05555555555555558,0.2222222222222222,0.017388888888888898,1.2087912087912098,0.7967032967032965,0.5494505494505497,0.2692307692307692,0.17032967032967028,1
-1.0458823529411774,-0.648558823529412,-0.2970555555555554,-2.4983986928104613,-3.0120261437908447,-1.6379313725490194,3.8954248366013076,-9.205882352941174,-0.033957516339869265,-0.03267973856209139,0.1633986928104576,-0.6437908496732021,-0.10457516339869288,0.08169934640522891,0.20915032679738554,-0.32352941176470584,-0.051618055555555764,-1.2087912087912098,-0.9285714285714284,-0.4505494505494503,0.34615384615384615,-0.038461538461538436,0
2.6944117647058814,1.6646617647058832,0.9954705882352941,4.201411764705879,1.8129411764705914,2.9578911764705884,2.1529411764705912,-1.9647058823529449,-0.027021671826625515,0.4911764705882353,0.5029411764705883,-2.076470588235294,-0.7382352941176471,-1.0264705882352945,-0.29117647058823526,-0.18823529411764706,-12.38819814241485,0.5,0.3999999999999999,0.10000000000000009,0.0,0.09999999999999998,1
-0.9026470588235291,-0.4870261437908501,-0.22199019607843207,-0.8312091503267993,-1.0280718954248407,-1.3354411764705882,1.9477124183006538,9.601307189542482,0.0285098039215686,-0.18300653594771243,-0.2647058823529411,0.9934640522875817,0.045751633986928386,0.859477124183007,0.12091503267973858,-0.13398692810457513,-0.014361111111110936,1.4000000000000004,0.7000000000000002,1.0999999999999996,-0.4,0.0,1
0.8045989304812844,0.5533048128342251,0.017542780748663223,0.8747058823529414,1.945614973262039,1.032181818181818,-6.692513368983953,0.211229946524071,-0.03807754010695169,-0.4385026737967914,-0.6818181818181819,0.4090909090909083,0.31016042780748654,0.33957219251336923,0.3342245989304813,0.02941176470588236,-62.410869318181824,-2.9749999999999996,-0.5249999999999999,-0.5750000000000002,-0.625,-0.525,0
-0.7107565789473687,-0.6542203947368421,-0.2398486842105263,-1.7138157894736867,-2.360822368421047,-0.805644736842105,14.20723684210526,-5.575657894736835,0.056542763157894804,0.16447368421052633,0.18092105263157898,-0.24671052631578938,-0.32565789473684204,0.9440789473684212,-0.10197368421052633,0.16447368421052633,-0.0021578947368420254,-4.055555555555555,-1.1666666666666665,-1.1666666666666665,-0.05555555555555558,-0.38888888888888884,0
-0.6432748538011697,-0.44295614035087727,0.049412280701754296,-2.0726900584795356,-1.0327192982456133,-1.3071929824561406,-1.7017543859649038,-6.44736842105263,55.47240196078431,0.19298245614035103,0.3830409356725145,-1.514619883040936,-0.2163742690058481,-0.38888888888888884,-0.1374269005847954,-0.17836257309941522,117.50823529411764,-0.22222222222222143,0.3333333333333335,-0.11111111111111072,0.33333333333333337,-0.3333333333333333,0
0.17999999999999972,0.400891812865497,-0.09173684210526312,0.2612573099415201,0.050789473684208275,-0.18599122807017554,2.3976608187134474,-8.692982456140356,0.000488304093567149,-0.35380116959064334,-0.0029239766081871066,0.678362573099415,0.11403508771929838,0.12865497076023402,0.2807017543859649,0.35672514619883045,-9.870871710526316,4.62937062937063,1.4405594405594406,2.391608391608392,-0.1608391608391609,0.16083916083916078,1
-0.8857422969187674,-0.46724649859943934,-0.38454901960784316,-1.4717086834733877,-0.22915966386554487,-1.1098179271708686,4.0280112044817855,-1.4313725490196134,0.008378151260504119,-0.0056022408963585235,0.09523809523809534,1.0504201680672276,0.21288515406162478,0.19607843137254877,0.2408963585434173,0.11484593837535018,124.9448125,-2.666666666666666,0.1904761904761907,-0.8333333333333335,-0.25,-0.11904761904761904,0
-1.082982456140349,-0.3563625730994153,-0.9112631578947363,-1.2467836257309894,-1.993771929824561,-0.3846491228070177,3.0,5.616959064327489,0.008950292397660653,0.19590643274853803,-0.005847953216374213,0.4795321637426895,0.011695906432748426,0.3070175438596494,-0.17251461988304095,0.18128654970760233,-55.51777777777779,-2.3030303030303028,-0.8787878787878789,-1.262626262626263,-0.0505050505050505,-0.2828282828282829,0
-0.22052631578947413,0.0963947368421052,-0.29821345029239765,-0.8730116959064382,-0.7576608187134433,-1.0794298245614034,-4.116959064327489,-5.28947368421052,-0.03566959064327491,-0.023391812865497075,0.011695906432748648,-0.6871345029239766,-0.38011695906432763,0.5058479532163744,0.2865497076023391,0.02631578947368418,-0.09416081871345028,2.0549450549450556,0.34615384615384626,0.6813186813186811,0.489010989010989,0.2417582417582418,1
-1.2250000000000005,-0.5785500000000001,-0.542,-3.2829999999999995,-2.683999999999994,-3.1000499999999995,-1.9000000000000057,-2.6500000000000057,62.43405,-0.34999999999999987,-0.20000000000000007,1.6000000000000005,-0.050000000000000266,0.44999999999999973,0.09999999999999998,-0.04999999999999999,-105.29852631578949,1.881818181818181,1.2545454545454544,0.3999999999999999,0.7636363636363636,0.13636363636363635,1
-1.4889783281733755,-1.1362414860681123,-0.5384736842105264,-0.7895046439628519,-1.0667492260061913,-1.7292817337461297,-0.7770897832817241,-2.306501547987608,-0.03656656346749232,0.148606811145511,0.006191950464396245,-0.4767801857585141,-0.006191950464396356,-0.51702786377709,-0.20123839009287925,-0.29102167182662536,62.45156907894737,2.990909090909092,1.3454545454545452,0.8636363636363633,0.036363636363636376,0.4272727272727273,1
0.7774999999999994,0.4742000000000002,0.38755000000000006,3.1989999999999963,2.2034999999999982,1.7354000000000003,-4.299999999999997,3.5999999999999943,-0.03975000000000006,-0.40000000000000013,-0.2999999999999998,1.3000000000000007,0.2999999999999998,0.6000000000000001,0.0,-0.050000000000000044,2.6334315789473592,-2.0,0.4750000000000001,-0.20000000000000018,-0.15000000000000002,-0.275,1
-0.8630676328502416,-0.8769951690821256,0.10311594202898533,-2.8204347826087,-2.694879227053139,-1.3320144927536233,-0.1787439613526658,7.485507246376812,0.011606280193236618,-0.3623188405797102,-0.3961352657004832,1.3647342995169094,0.34782608695652195,0.07246376811594235,0.30193236714975835,-0.14009661835748788,-58.77953708439898,0.6388888888888893,-1.2777777777777777,1.0833333333333335,0.5416666666666667,-0.6388888888888888,0
-0.2931111111111111,-0.46763333333333357,0.10471666666666701,-1.1779444444444422,-1.52911111111111,-0.40196666666666636,-4.122222222222234,-1.2833333333333314,0.005027777777777742,0.10555555555555562,-0.22222222222222232,0.4277777777777789,0.1499999999999999,0.21666666666666634,0.16666666666666663,-0.02777777777777779,-52.635757309941525,-1.299999999999999,-0.5,-1.1,-0.20000000000000007,0.0,0
0.42414141414141415,0.2651969696969698,0.3557878787878792,-0.10111111111110915,1.3092424242424237,0.27151515151515127,-11.378787878787875,-1.818181818181813,-0.03990106951871658,-0.24242424242424243,-0.4040404040404042,0.6313131313131297,0.43434343434343425,0.656565656565657,0.2525252525252525,0.1111111111111111,0.006288770053475945,-1.0,-0.2999999999999998,0.10000000000000009,-0.19999999999999996,-0.4,0
0.8104117647058819,0.6535617647058827,0.1889705882352941,-1.3045882352941174,-1.9725588235294076,-0.5742088235294114,1.4529411764705884,-1.6647058823529477,62.43189411764706,0.29117647058823537,0.2529411764705882,-0.8764705882352928,-0.5382352941176474,-0.37647058823529456,-0.29117647058823526,-0.2882352941176471,-65.0184613003096,-0.1999999999999993,0.3999999999999999,-0.10000000000000009,-0.10000000000000009,-0.49999999999999994,0
0.3604779411764709,0.37576838235294097,0.008492647058823799,0.9110294117647086,0.97128676470588,0.455455882352941,-6.665441176470594,3.547794117647058,-0.024202205882353,0.09558823529411775,0.1875,-0.672794117647058,0.18014705882352944,-0.7830882352941178,0.07720588235294112,-0.022058823529411742,124.8900625,0.6666666666666679,-0.3333333333333335,-0.22222222222222232,0.11111111111111116,-0.11111111111111105,1
0.5986666666666656,0.5836888888888896,0.14994999999999958,1.6873888888888846,3.539666666666669,0.5561333333333331,3.4000000000000057,-2.2722222222222257,-0.0038055555555555065,-0.27222222222222237,0.11111111111111116,-0.7611111111111111,-0.37222222222222223,-0.3833333333333333,-0.2222222222222222,-0.19444444444444442,52.61836842105264,2.060439560439561,0.3241758241758239,0.06043956043956067,0.7362637362637363,0.2417582417582418,1
0.12894736842105248,0.19715497076023403,-0.04642105263157914,-0.8276900584795346,0.3339473684210539,-0.9283596491228072,3.187134502923982,-5.1140350877193015,55.48544444444444,-0.19590643274853803,0.049707602339181256,-0.8479532163742682,0.06140350877192979,-0.5555555555555554,-0.19298245614035087,-0.011695906432748537,55.078577205882354,-0.2222222222222232,0.5555555555555558,-1.2222222222222223,-0.2222222222222222,0.2222222222222222,0
-0.3288888888888888,0.1257807017543855,-0.3534035087719296,-0.6031871345029245,-2.2130994152046846,-0.5379912280701754,7.564327485380119,-4.692982456140356,-6.725146198827137e-05,-0.1871345029239766,0.2748538011695908,0.011695906432747094,-0.05263157894736836,0.01754385964912286,0.2807017543859649,0.35672514619883045,52.61070467836257,2.6363636363636367,0.36363636363636376,1.1818181818181817,-0.2727272727272726,0.18181818181818182,1
0.1875541795665625,0.19484829721362162,0.26430650154798796,0.2137151702786415,-1.2983900928792629,0.26426315789473676,1.4891640866872962,-3.160990712074309,0.011099071207430256,0.4241486068111453,0.4736842105263157,-1.8421052631578956,-0.23839009287925705,-0.4520123839009287,-0.523219814241486,-0.0030959752321981227,62.421898026315795,2.5888888888888886,0.411111111111111,0.8555555555555552,0.2777777777777778,0.2666666666666666,1
-1.4399999999999986,-0.6898055555555564,-0.6431666666666671,-2.361444444444441,-1.742777777777782,-1.4524499999999998,-8.911111111111111,5.977777777777774,-0.022350877192982455,-0.4388888888888889,-0.65,2.011111111111111,0.37222222222222223,1.2388888888888894,0.2944444444444444,-0.12222222222222223,-105.13279532163743,-0.09999999999999964,-0.10000000000000009,1.1999999999999997,-0.8,-0.6,0
-1.4135294117647064,-0.8275294117647063,-0.44582352941176495,-1.8129411764705914,-1.9617647058823557,-1.8427058823529412,6.176470588235304,0.1176470588235361,0.010941176470588232,0.11764705882352944,0.17647058823529416,-0.7058823529411757,-0.0588235294117645,-0.0588235294117645,-0.05882352941176472,-0.2352941176470588,-0.06581250000000005,0.45454545454545503,0.1818181818181821,0.09090909090909083,0.09090909090909094,-0.18181818181818182,1
-0.22052631578947413,0.0963947368421052,-0.29821345029239765,-0.8730116959064382,-0.7576608187134433,-1.0794298245614034,-4.116959064327489,-5.28947368421052,-0.03566959064327491,-0.023391812865497075,0.011695906432748648,-0.6871345029239766,-0.38011695906432763,0.5058479532163744,0.2865497076023391,0.02631578947368418,-0.09416081871345028,1.9027777777777786,0.6388888888888888,0.5833333333333335,-0.5833333333333333,-0.3055555555555556,1
-1.1614052287581695,-1.0480718954248365,-0.08166666666666678,-2.0952941176470627,-2.9285620915032595,-1.637843137254902,2.8954248366013076,2.4215686274509807,0.010506535947712337,-0.2549019607843137,-0.1633986928104575,0.7483660130718963,-0.05882352941176472,-0.07843137254901933,-0.022875816993464082,-0.2091503267973856,3.657878676470588,-0.7777777777777786,-0.8888888888888888,-0.1111111111111116,-0.44444444444444453,-0.5555555555555556,0
0.7107565789473687,0.6542203947368421,0.2398486842105263,1.7138157894736867,2.360822368421047,0.805644736842105,-14.20723684210526,5.575657894736835,-0.056542763157894804,-0.16447368421052633,-0.18092105263157898,0.24671052631578938,0.32565789473684204,-0.9440789473684212,0.10197368421052633,-0.16447368421052633,0.0021578947368420254,-0.8777777777777782,0.04444444444444473,-0.3222222222222224,0.33333333333333337,0.2333333333333334,1
-1.1906407322654475,-0.9651647597254014,-0.35369107551487433,-1.5146453089244893,-0.833066361556071,-1.423453089244851,-3.8512585812356974,2.7574370709382237,-0.03546681922196804,0.041189931350114506,-0.22654462242562945,0.13958810068649896,0.4004576659038903,-0.3661327231121283,0.12356979405034318,-0.22196796338672764,0.014153318077803068,1.511111111111111,1.7111111111111108,-0.12222222222222223,-0.24444444444444446,0.0444444444444444,1
-0.006352941176470672,-0.08220588235294102,0.12563235294117625,2.424470588235291,2.4090882352941136,1.465444117647059,-3.447058823529403,1.0647058823529392,-0.018885294117647056,-0.32058823529411784,-0.3999999999999999,0.7852941176470587,0.18235294117647038,0.47058823529411775,-0.014705882352941124,-0.0029411764705882804,-72.27943092105264,-4.670454545454545,-0.7954545454545454,-1.0681818181818183,-0.6136363636363636,-0.13636363636363635,0
-0.310315789473683,0.001226315789474075,-0.5107631578947363,-1.3588947368421014,-0.2736052631578971,-0.1514157894736845,16.0,5.64473684210526,0.05444473684210527,0.17368421052631566,0.20526315789473693,-0.9315789473684211,-0.1105263157894738,-0.17631578947368398,-0.3447368421052631,0.08684210526315789,102.30616959064328,-0.47777777777777786,0.2777777777777777,-0.06666666666666643,-0.0444444444444444,-0.033333333333333326,1
-1.6695952380952375,-1.0236523809523805,-0.646466666666667,-2.246238095238093,-0.023571428571429465,-1.37977380952381,4.88095238095238,-3.9666666666666686,0.029242857142857126,0.07380952380952377,-0.004761904761904745,0.5357142857142856,0.09523809523809534,0.06666666666666643,0.22619047619047616,0.16190476190476194,50.03195,-3.2380952380952372,-0.6071428571428572,-1.4761904761904763,0.059523809523809534,0.10714285714285715,0
-1.1255263157894726,-0.2853552631578955,-0.8681578947368422,-1.7177894736842099,-0.42210526315789565,-1.4012131578947367,-12.694736842105257,0.4105263157894825,-0.041631578947368464,-0.1289473684210527,-0.3605263157894737,0.2684210526315791,-0.007894736842105399,0.7447368421052634,0.19210526315789467,0.12631578947368416,-105.22678947368422,2.258241758241758,-0.016483516483516647,0.9065934065934067,-0.17032967032967028,-0.12087912087912084,1
0.6874747474747478,0.6301969696969696,-0.0017121212121207208,0.27944444444444727,0.41202020202019796,0.29834848484848475,-1.3232323232323182,3.5151515151515156,-0.02741414141414128,-0.46464646464646475,-0.45959595959595956,0.6313131313131297,0.5454545454545454,0.37878787878787934,0.19696969696969702,0.2777777777777778,0.05820707070707076,0.8666666666666654,-0.06666666666666643,0.03333333333333366,-0.09999999999999998,-0.2333333333333333,0
-0.43370588235294116,-0.10955588235294078,-0.16749999999999998,-3.2887058823529376,-0.22138235294117692,-1.6999735294117646,2.982352941176458,0.5117647058823422,62.464482352941175,-0.061764705882352944,-0.1588235294117648,-0.17058823529411704,0.10882352941176454,0.21176470588235263,0.061764705882352944,0.06470588235294117,-9.929516447368428,-1.3454545454545457,-0.7999999999999998,-0.9545454545454546,0.5818181818181819,-0.24545454545454543,0
-1.2627450980392165,-0.8745228758169934,-0.33047058823529407,-2.090522875816994,1.0087254901960776,-2.2926078431372554,9.647058823529406,-0.9575163398692865,0.04765032679738579,-0.6633986928104576,-0.24183006535947715,1.0653594771241828,0.36601307189542487,0.3431372549019609,0.21895424836601307,0.14379084967320266,117.54388235294117,-1.5,-0.7000000000000002,0.3666666666666667,-1.2777777777777777,0.16666666666666669,0
-0.009590643274854038,0.03599122807017574,0.3303070175438596,-1.3047953216374264,-0.24271929824561767,-1.2117719298245617,-13.228070175438589,-2.2368421052631646,-0.045869969040247816,-0.12280701754385959,-0.0906432748538013,0.9064327485380108,0.15204678362573087,-0.02046783625731008,0.17836257309941517,-0.17836257309941522,-0.020371517027863884,-1.545454545454545,-1.2727272727272725,-0.7272727272727271,0.09090909090909094,0.0,0
-0.8032723112128144,-0.2966910755148744,-0.7004805491990842,-2.0783295194508007,-2.502540045766594,-1.2456636155606409,8.043478260869563,7.546910755148744,0.025112128146452917,-0.22196796338672775,-0.06864988558352403,1.4553775743707096,0.13729977116704806,0.2128146453089248,0.01830663615560635,0.04118993135011445,-55.50025603864735,-0.7000000000000011,-0.2999999999999998,-1.2999999999999998,1.0999999999999999,0.0,0
-0.3959999999999999,-0.42730000000000024,-0.02819999999999956,-0.48049999999999926,-1.6495000000000068,-0.4716499999999997,-3.200000000000003,0.8499999999999943,-0.014900000000000024,-0.30000000000000004,-0.3999999999999999,1.200000000000001,0.44999999999999973,0.5499999999999998,0.25,0.09999999999999998,0.0042631578947265325,0.5272727272727273,1.0787878787878789,-0.6484848484848487,0.5333333333333333,-0.06060606060606061,0
-0.8470526315789475,-0.3194894736842109,-0.4539210526315791,-1.0705789473684248,-1.639552631578944,-1.3594263157894735,-5.368421052631575,-4.69736842105263,55.44061666666666,-0.17368421052631566,0.0052631578947368585,-0.4368421052631577,-0.20526315789473704,-0.3500000000000001,-0.07631578947368428,-0.1394736842105263,-40.28118266253871,-1.416666666666666,-0.5277777777777777,-0.11111111111111116,-0.5,0.11111111111111105,1
-0.5500000000000007,-0.16655263157894762,-0.19379239766081846,-1.3598538011695958,-3.359766081871342,-0.7273245614035085,3.6198830409356617,-11.026315789473685,-0.013511695906432752,-0.07602339181286544,0.2748538011695908,-0.2660818713450297,-0.2748538011695907,0.29532163742690054,0.39181286549707595,0.07894736842105265,52.57026023391813,2.384615384615385,0.0,-0.23076923076923084,0.9230769230769229,0.15384615384615385,1
0.5108823529411772,0.3405032679738562,0.22383333333333288,0.9817320261437921,0.9336928104575151,0.507264705882353,-4.22875816993465,9.483660130718945,0.017568627450980367,-0.30065359477124187,-0.4411764705882353,1.6993464052287575,0.10457516339869288,0.9183006535947715,0.1797385620915033,0.10130718954248366,0.051451388888889116,0.29999999999999893,-0.2999999999999998,0.7000000000000002,-0.09999999999999998,0.09999999999999998,1
0.1875541795665625,0.19484829721362162,0.26430650154798796,0.2137151702786415,-1.2983900928792629,0.26426315789473676,1.4891640866872962,-3.160990712074309,0.011099071207430256,0.4241486068111453,0.4736842105263157,-1.8421052631578956,-0.23839009287925705,-0.4520123839009287,-0.523219814241486,-0.0030959752321981227,62.421898026315795,0.2587412587412583,0.7132867132867133,0.3776223776223775,0.23776223776223776,0.034965034965035,1
-1.0976470588235294,-0.746415032679739,-0.2508235294117649,-0.9356535947712459,-2.3602941176470615,-0.7461078431372548,3.503267973856211,6.9901960784313815,0.030898692810457595,0.4281045751633987,0.29084967320261446,-1.0065359477124183,-0.3431372549019607,0.02614379084967311,-0.1568627450980392,-0.1895424836601307,62.4269375,-0.7472527472527482,-0.37362637362637363,-0.08791208791208804,-0.10989010989010983,0.09340659340659344,0
-0.32757309941520596,-0.08816959064327579,-0.45680701754385966,1.3057894736842108,1.8618128654970683,-0.09143859649122765,-3.6725146198830316,-4.728070175438589,-0.047073099415204656,0.4035087719298247,0.16959064327485374,-1.2251461988304104,0.05263157894736836,-0.43859649122807065,-0.17836257309941517,-0.08187134502923976,58.793690402476784,-3.2020202020202024,-0.8282828282828283,-0.36363636363636376,-0.8181818181818181,0.101010101010101,0
0.07707236842105303,0.17527302631578912,-0.04104605263157901,0.9459210526315776,1.5708223684210516,0.7102236842105262,-2.680921052631575,1.36513157894737,55.461729166666665,0.1513157894736843,0.29276315789473684,-2.1743421052631575,-0.04276315789473695,-1.3125,-0.21381578947368424,-0.16447368421052633,117.53076470588235,0.033333333333333215,-0.588888888888889,-0.10000000000000009,-0.8333333333333333,-0.1777777777777778,1
-0.7058823529411775,-0.3944117647058829,-0.00841176470588234,-0.6664705882352955,-1.6300000000000097,-1.1279411764705882,3.705882352941174,6.294117647058826,0.042117647058823426,0.23529411764705865,0.23529411764705888,-0.117647058823529,0.05882352941176494,0.17647058823529438,-0.2941176470588235,0.05882352941176472,62.414437500000005,1.833333333333334,1.0,1.0833333333333335,-0.25,-0.3333333333333333,1
1.6139775910364147,0.9460112044817925,0.5826666666666669,1.4864145658263297,-0.4349579831932786,1.0232885154061626,-7.498599439775916,5.372549019607845,0.011092436974789954,0.06442577030812324,-0.036414565826330625,-0.6974789915966388,-0.21288515406162478,-0.13725490196078427,-0.2408963585434173,0.06162464985994395,-0.014187499999999797,3.1515151515151523,0.2525252525252526,1.7171717171717176,0.2727272727272727,0.37373737373737376,1
0.5094736842105263,0.6638391812865498,-0.1961578947368423,0.7480994152046776,2.652894736842107,-0.5380964912280705,-5.339181286549703,-2.9561403508771917,-0.021669590643275005,-0.301169590643275,-0.26608187134502925,0.25730994152046804,0.00877192982456143,0.3391812865497079,0.17543859649122806,0.30409356725146197,-62.53529276315789,-0.5333333333333332,0.16666666666666652,-0.2999999999999998,-0.38888888888888884,0.033333333333333326,1
-2.0064999999999986,-1.1079500000000007,-0.9308000000000001,-4.102999999999996,-3.135000000000005,-2.3162,-7.299999999999997,-2.0999999999999943,0.0004157894736842582,0.0,-0.2500000000000001,0.15000000000000036,0.1499999999999999,0.25,0.09999999999999998,0.0,-55.16648421052632,0.5444444444444443,-0.3222222222222224,0.7111111111111108,-0.7444444444444445,0.14444444444444443,0
0.9930303030303023,0.7462525252525256,0.2529545454545459,0.7888888888888896,2.422575757575757,0.45251515151515154,-2.0454545454545467,-0.04040404040404155,-0.026191919191919044,-0.6313131313131315,-0.5707070707070707,0.29797979797979757,0.3232323232323231,0.21212121212121238,0.14141414141414144,0.05555555555555558,0.040818181818181865,0.11111111111111072,0.8888888888888888,1.333333333333333,-0.4444444444444444,-0.11111111111111116,1
0.5875163398692815,0.5924607843137257,-0.12883333333333336,0.9964052287581726,1.8557843137254864,1.3478431372549022,1.2156862745097925,4.911764705882348,-0.0013529411764704458,-0.07843137254901977,-0.3366013071895424,-0.6928104575163392,0.16993464052287588,-0.19934640522875835,0.022875816993464082,0.15359477124183007,-62.4204080882353,0.3777777777777782,-0.4222222222222225,-0.43333333333333357,-0.011111111111111183,-0.07777777777777778,0
-1.568300653594771,-0.9905784313725494,-0.5851372549019607,-2.5999673202614364,-1.0018300653594814,-2.446774509803922,10.369281045751634,2.5980392156862706,0.046428104575163553,-0.49673202614379086,-0.130718954248366,1.398692810457515,0.5882352941176472,0.5098039215686279,0.27450980392156865,0.36601307189542487,117.56127124183006,-0.7222222222222214,-0.21111111111111125,0.09999999999999964,0.0444444444444444,0.26666666666666666,1
-0.5236842105263149,0.1606842105263162,-0.6837894736842101,-1.661578947368417,-1.1231578947368455,-1.4154210526315791,-0.8947368421052602,5.1578947368420955,-0.023210526315789626,-0.3157894736842106,-0.26315789473684204,1.0526315789473681,0.05263157894736814,-0.1578947368421053,-0.10526315789473684,-0.05263157894736842,-55.50361988304094,0.6444444444444439,-0.8555555555555554,0.7888888888888888,-0.19999999999999996,0.7444444444444445,1
-0.7320434782608691,-0.28063260869565165,-0.3522826086956521,-2.5635652173913,-0.45506521739129724,-2.005802173913043,6.056521739130432,-4.5521739130434895,62.46338260869565,0.04565217391304355,0.07391304347826089,-0.7869565217391301,-0.29782608695652213,0.06086956521739095,-0.2630434782608695,-0.004347826086956552,52.50789931350114,3.166666666666666,1.0333333333333337,0.9166666666666665,0.11666666666666659,-0.18333333333333335,1
-0.22599999999999998,0.08544736842105216,-0.22048684210526304,-1.3006315789473675,-2.0927105263157877,-0.4683078947368421,6.642105263157887,-6.826315789473682,0.019860526315789495,0.21842105263157907,0.4526315789473684,-0.760526315789475,-0.3526315789473682,-0.3157894736842106,0.19736842105263153,0.22894736842105268,-0.029315789473677967,-1.592307692307692,-1.1,-0.2615384615384615,-0.13076923076923075,-0.06153846153846154,1
0.5350000000000001,0.30805555555555575,0.07322222222222252,1.5166666666666693,2.0783333333333296,1.1306666666666665,0.3333333333333428,-0.27777777777777146,0.016388888888888897,0.33333333333333326,0.2777777777777777,-1.0555555555555554,0.0,-1.0000000000000004,-0.38888888888888884,0.2222222222222222,0.0001666666666666483,0.8000000000000007,0.20000000000000018,-0.09999999999999964,0.09999999999999998,0.8,1
1.6218092105263167,1.162009868421053,0.5768486842105265,2.8117105263157924,1.8145065789473698,2.3988552631578943,-1.4177631578947398,5.20723684210526,0.027246710526315776,-0.11184210526315796,0.24013157894736847,0.5098684210526319,0.009868421052631637,-0.20723684210526283,0.10197368421052633,0.15131578947368418,-0.008631578947368324,0.04545454545454497,-0.10000000000000009,-0.08181818181818157,0.16363636363636364,1.1363636363636365,1
-0.33690476190476115,-0.08429761904762012,-0.2843333333333331,-1.8567619047619033,-3.1114285714285757,-0.9364261904761901,-12.180952380952377,1.8666666666666742,-0.028827067669172868,-0.07380952380952377,-0.24523809523809537,-0.38571428571428523,0.05476190476190457,0.18333333333333357,-0.1261904761904762,-0.16190476190476194,-105.19843421052632,0.7000000000000011,0.19999999999999973,1.0,-0.4,0.09999999999999998,1
0.8943137254901954,0.5873594771241835,0.243823529411765,0.5806535947712437,2.1069607843137277,0.5482745098039217,0.941176470588232,-6.545751633986939,-0.03023202614379078,-0.4281045751633987,-0.12418300653594772,0.006535947712418277,-0.045751633986928386,-0.30392156862745123,0.10130718954248363,-0.0326797385620915,0.037249999999999894,-1.1333333333333346,-1.1,-0.1333333333333333,-0.11111111111111116,-0.6777777777777778,1
1.8316339869281046,1.3555784313725492,0.22763725490196074,2.980522875816993,0.10460784313725568,2.4736078431372555,-0.3137254901960773,2.735294117647058,-0.03394117647058825,0.27450980392156854,0.07516339869281063,-1.398692810457515,-0.47712418300653603,-0.7875816993464055,-0.3300653594771241,-0.19934640522875818,-117.50935294117646,-2.7888888888888896,-1.4,0.2333333333333334,-0.06666666666666665,-0.5777777777777777,0
1.291882352941177,0.5977588235294122,0.6025,1.1201764705882358,1.574970588235292,1.5276647058823527,5.882352941176464,6.455882352941174,0.06478529411764716,0.2882352941176469,0.1588235294117647,-0.7117647058823531,-0.01764705882352935,-0.12058823529411766,-0.21470588235294108,0.17352941176470585,157.85250986842107,-0.9038461538461533,-0.6153846153846154,-0.07051282051282026,0.05128205128205121,-0.20512820512820512,0
0.6219999999999999,0.3418526315789481,0.2486868421052626,1.7811315789473667,3.7422105263157945,0.9399578947368418,-3.4421052631578846,5.976315789473688,-0.004960526315789471,0.08157894736842097,-0.052631578947368474,-0.439473684210526,-0.09736842105263155,-0.2342105263157892,-0.4473684210526315,-0.32894736842105265,0.025052631578951434,-3.3636363636363633,-1.1363636363636362,-0.948051948051948,0.04545454545454547,0.18831168831168837,0
-0.3805263157894738,-0.4666842105263158,0.14973684210526317,-1.5757894736842122,-2.3189473684210533,-0.3902631578947368,8.526315789473685,-2.1578947368421098,55.50711403508772,0.10526315789473695,0.3157894736842105,-1.1052631578947363,0.05263157894736836,-0.8947368421052633,-0.3684210526315789,-0.3157894736842105,117.61386996904025,2.8666666666666654,0.7555555555555553,0.9888888888888889,-0.21111111111111125,-0.37777777777777777,1
-0.9337581699346398,-0.6980718954248362,-0.11154901960784303,-3.2064705882352946,-2.705032679738558,-1.8519607843137256,-1.5751633986928226,3.0686274509803866,-0.004375816993464121,-0.196078431372549,-0.2222222222222222,0.04248366013072058,0.11764705882352944,-0.13725490196078427,0.15359477124182996,-0.09150326797385616,66.10500367647059,-1.509090909090908,-0.3090909090909091,-1.063636363636364,0.3545454545454546,-0.5363636363636364,0
0.3382352941176485,0.21544117647058858,-0.1403562091503272,1.3519281045751654,2.6802614379084986,0.9231666666666665,-1.4248366013071774,3.029411764705884,0.0027810457516340703,-0.08496732026143783,-0.22222222222222232,0.05555555555555536,-0.013071895424836555,-0.3169934640522878,0.02614379084967322,0.02941176470588236,-62.42863194444445,-1.416666666666666,-0.25,-1.25,0.0,0.16666666666666669,0
-0.2042105263157894,-0.15715497076023444,0.02189473684210541,-0.05546783625730889,-2.0286842105263148,0.6460964912280702,1.2865497076023331,-2.4649122807017534,-0.00011988304093557556,0.6169590643274854,0.5292397660818713,-2.730994152046785,-0.6403508771929827,-0.60233918128655,-0.38596491228070173,-0.25146198830409355,62.43439802631579,1.8666666666666654,-0.03333333333333366,1.0444444444444447,-0.0888888888888888,-0.022222222222222254,1
-0.5665,-0.4181444444444442,-0.28763333333333296,-1.7415555555555553,-1.3922222222222231,-0.8637500000000001,1.6111111111111143,-8.077777777777769,0.022766666666666713,0.4388888888888889,0.3999999999999999,-1.8611111111111107,-0.22222222222222232,-0.9888888888888894,-0.19444444444444442,0.12222222222222223,49.96631111111111,-1.0,0.16923076923076907,-0.36923076923076925,-0.08461538461538454,-0.24615384615384617,1
-1.4453636363636369,-0.9672136363636363,-0.39445454545454584,-4.184000000000001,-3.386409090909087,-3.3193318181818183,13.145454545454541,-2.5818181818181927,62.505736363636366,0.25909090909090926,0.5818181818181818,-0.10909090909090757,-0.4954545454545456,-0.24545454545454604,-0.21363636363636362,-0.2,52.4846028708134,-0.13333333333333464,0.3222222222222224,0.08888888888888902,0.21111111111111125,-0.0111111111111111,1
-0.35412500000000025,-0.29356249999999995,-0.13412500000000005,-3.3354999999999997,-3.3803749999999937,-1.9209,10.112499999999997,-4.612499999999997,0.043087500000000056,0.2250000000000001,0.2124999999999999,-0.11250000000000071,-0.3624999999999998,0.3125,-0.0625,0.025000000000000022,-52.61063157894736,0.7000000000000011,-0.19999999999999996,0.7000000000000002,0.30000000000000004,-0.3,1
0.025845410628019927,0.05638405797101509,0.04388405797101447,1.3409903381642536,2.5193236714975917,1.01518115942029,-5.765700483091791,-5.485507246376812,-0.014939613526570028,0.25120772946859904,-0.048309178743961345,-1.3091787439613523,-0.34782608695652195,-0.07246376811594235,-0.24637681159420288,-0.08212560386473433,-0.03491062801932365,3.454545454545455,0.6767676767676769,0.6868686868686869,-0.04040404040404044,-0.12121212121212122,1
0.05575851393188813,-0.14950464396284846,0.07942105263157906,1.076284829721363,-0.8230650154798731,-0.040650154798761565,0.4860681114551113,1.5356037151702822,-55.47104901960784,-0.11455108359133126,-0.04643962848297212,2.2074303405572753,0.04643962848297223,0.5882352941176472,0.11455108359133132,0.024767801857585148,-55.08782720588235,2.435897435897436,0.9423076923076923,0.9166666666666665,0.0641025641025641,-0.04487179487179488,1
2.157058823529412,1.4618823529411769,0.5742941176470591,2.6711764705882377,1.09823529411765,2.840882352941177,-8.705882352941174,-5.588235294117652,-0.07788235294117657,0.23529411764705888,0.11764705882352944,-1.0588235294117645,-0.41176470588235325,-0.6470588235294121,-0.11764705882352944,-0.17647058823529416,-117.50663235294117,-0.5999999999999996,-0.6999999999999997,-0.3999999999999999,0.0,0.5,0
0.5688888888888881,0.4810555555555558,-0.10283333333333333,0.8899999999999988,1.1133333333333333,0.18100000000000027,9.333333333333329,1.7777777777777715,0.013709150326797537,-0.38888888888888906,-0.16666666666666652,-0.33333333333333215,-0.11111111111111116,-0.44444444444444464,-0.11111111111111105,-0.055555555555555525,0.03452941176470592,0.344444444444445,0.08888888888888902,0.3555555555555552,-0.5444444444444445,-0.06666666666666671,0
-0.4337320574162682,-0.22920574162679408,-0.025480861244019604,-1.2036842105263172,-1.5519617224880413,-1.483287081339713,-1.8492822966507134,-0.4186602870813516,-0.005968899521531235,0.11961722488038284,0.3133971291866029,0.2751196172248811,-0.2822966507177034,-0.6770334928229671,-0.07416267942583732,-0.2894736842105263,-0.02666028708133983,-0.08181818181818201,0.3818181818181816,-0.3545454545454545,0.2090909090909091,-0.15454545454545454,1
-0.05979532163742718,-0.5803040935672512,0.8035964912280695,-0.7421052631578995,-0.19233918128654537,-0.0863508771929824,-8.222222222222229,-0.06140350877193157,-0.013505847953216299,-0.14035087719298245,-0.32748538011695916,-0.0906432748538002,0.2105263157894739,-0.14035087719298245,0.283625730994152,-0.18128654970760233,-3.279281045751631,-2.9444444444444446,-0.5666666666666664,-1.5444444444444447,-0.2444444444444444,-0.35555555555555557,0
0.8247712418300654,0.35622549019607885,0.45666666666666655,1.74173202614379,1.865359477124187,1.4485980392156863,-7.839869281045765,2.8725490196078454,0.020513071895424784,0.14379084967320255,-0.1633986928104576,0.3660130718954253,-0.11764705882352944,0.19607843137254877,-0.0980392156862745,0.04575163398692808,0.011173611111111259,0.47552447552447674,-0.44055944055944063,0.37062937062937085,-0.7762237762237763,0.2097902097902098,0
-0.024210526315789682,0.24373684210526259,-0.0698421052631577,0.2057894736842112,-1.9778947368421065,0.4601052631578947,3.6842105263157805,-11.15789473684211,0.00036842105263157343,0.26315789473684204,0.5263157894736842,-2.05263157894737,-0.5263157894736843,-0.47368421052631593,-0.10526315789473684,0.10526315789473689,52.563526315789474,1.3566433566433567,0.5034965034965035,-0.03496503496503456,0.7902097902097901,0.2517482517482518,1
1.673684210526316,1.1838918128654978,0.5714736842105264,1.0380994152046803,0.577631578947372,0.7602719298245608,4.450292397660817,-1.2719298245614112,0.050961988304093486,-0.4590643274853803,-0.0029239766081871066,1.8362573099415211,0.11403508771929838,0.5497076023391818,0.1228070175438597,0.30409356725146197,-62.46081907894737,-2.6969696969696972,-0.2929292929292928,-1.5656565656565653,0.6666666666666667,0.03030303030303033,0
-0.1177089783281744,-0.3118359133126938,0.43856965944272486,-0.4789164086687272,-1.9226006191950553,0.156263157894737,5.541795665634666,2.2600619195046363,0.032888544891640836,0.1083591331269349,0.21052631578947367,0.6315789473684212,0.3931888544891642,-0.18885448916408665,-0.31269349845201233,-0.05572755417956654,62.522792763157895,1.5303030303030294,1.3939393939393936,0.5757575757575757,0.6363636363636364,-0.196969696969697,1
0.07704347826086888,-0.09671739130434842,0.0890326086956521,-2.0384347826086966,-2.398934782608695,-0.9454978260869566,4.84347826086956,3.3521739130434867,0.034867391304347795,0.15434782608695663,0.22608695652173894,0.5369565217391301,0.04782608695652213,-0.26086956521739113,0.1630434782608695,-0.04565217391304344,-52.605109839816926,1.808080808080808,0.3535353535353538,0.010101010101009944,0.38383838383838387,-0.14141414141414144,0
1.2226470588235285,0.5515441176470595,0.6688823529411763,3.328470588235291,3.3405882352941205,2.046244117647059,8.152941176470591,-0.43529411764706083,0.02044891640866875,0.07941176470588229,0.15000000000000002,-0.6647058823529424,-0.26764705882352935,-0.37941176470588234,-0.1147058823529411,0.047058823529411764,-19.746378289473682,-2.0530303030303028,-0.6969696969696972,-0.9318181818181817,0.12121212121212122,0.06818181818181818,0
1.2250000000000005,0.5785500000000001,0.542,3.2829999999999995,2.683999999999994,3.1000499999999995,1.9000000000000057,2.6500000000000057,-62.43405,0.34999999999999987,0.20000000000000007,-1.6000000000000005,0.050000000000000266,-0.44999999999999973,-0.09999999999999998,0.04999999999999999,105.29852631578949,-3.582417582417582,-0.7362637362637361,-1.4725274725274726,-0.12637362637362637,-0.47252747252747257,0
-0.07199999999999918,-0.17530000000000046,-0.054894444444444135,-0.421277777777771,-0.38244444444445236,-0.21263333333333323,-0.17777777777777715,5.049999999999997,0.018472222222222223,-0.005555555555555536,-0.22222222222222232,0.7055555555555557,0.37222222222222223,-0.06111111111111134,0.05555555555555558,0.25,-52.59531286549708,0.38181818181818095,1.5,-0.13636363636363624,0.07272727272727275,0.6272727272727273,0
1.1030952380952375,0.6055079365079363,0.358833333333334,0.5046825396825376,-1.3686507936507937,0.5160238095238097,-3.2698412698412653,-4.1111111111111,-0.006476190476190413,0.3650793650793651,0.40476190476190466,-2.3968253968253963,-0.31746031746031766,-1.0555555555555558,-0.4206349206349206,-0.03968253968253971,-0.06563888888888891,0.7272727272727266,-0.30303030303030276,0.28787878787878807,0.3712121212121212,-0.10606060606060605,1
1.1427777777777761,0.9366666666666665,0.1076666666666668,1.988888888888889,2.1861111111111065,0.4710000000000001,5.2222222222222285,-5.555555555555557,0.004555555555555646,-0.05555555555555558,0.33333333333333337,-0.3888888888888893,-0.22222222222222232,-0.16666666666666696,-0.11111111111111105,0.0,58.79705882352942,1.4444444444444446,-0.5555555555555558,1.333333333333333,-0.6666666666666667,0.33333333333333337,1
-0.09871657754010688,-0.15889304812834215,-0.009131016042780882,-0.20823529411764596,-0.31561497326202925,0.09575935828877014,2.9866310160427787,-6.505347593582897,-0.004040106951871736,0.20320855614973277,0.446524064171123,-0.2914438502673793,-0.3689839572192515,-0.5160427807486636,-0.0401069518716578,-0.08823529411764708,-0.0035681818181819702,-0.7538461538461538,-0.4076923076923078,-0.7000000000000002,-0.09230769230769231,0.29230769230769227,1
-0.8627777777777768,-0.30908333333333404,-0.7678333333333334,-1.2208888888888865,-1.7083333333333357,-0.48428333333333295,-2.4666666666666686,4.700000000000003,-0.006919504643962737,-0.21666666666666679,-0.4277777777777777,0.6777777777777789,0.26111111111111107,0.23888888888888893,-0.03888888888888886,-0.011111111111111127,-105.12115479876161,-1.581818181818182,-1.1636363636363636,0.34545454545454524,-0.24545454545454543,0.13636363636363635,0
0.27958810068649953,0.4573752860411906,0.016691075514874143,0.41675057208238364,1.3793821510297484,-0.16975743707093824,-8.938215102974823,-2.3890160183066484,-0.04832265446224254,-0.09382151029748287,-0.194508009153318,-0.40274599542334144,-0.08466819221967992,-0.3707093821510301,-0.12356979405034318,-0.09382151029748287,-0.0033638443935927187,0.40000000000000036,-0.20000000000000018,0.3999999999999999,0.30000000000000004,-0.20000000000000007,1
1.4717647058823529,1.1131176470588238,0.32658823529411785,0.8729411764705883,-1.5276470588235291,0.9116470588235297,-6.0,-1.529411764705884,-0.047470588235294264,0.41176470588235303,0.3529411764705883,-1.4117647058823515,-0.47058823529411775,-0.6470588235294121,-0.17647058823529416,-0.23529411764705882,7.358180147058832,0.11111111111111427,-1.6666666666666665,0.3333333333333335,-0.6666666666666666,-0.5555555555555556,1
0.22129411764705909,0.2677941176470593,0.09575,1.3132941176470592,2.632617647058815,1.2513264705882354,-7.917647058823533,1.711764705882345,-0.03376764705882351,-0.2617647058823531,-0.45882352941176463,0.07941176470588296,0.35882352941176454,0.4117647058823528,0.16176470588235292,0.11470588235294116,-9.832305921052644,-0.11666666666666536,-0.2333333333333334,-0.3333333333333335,-0.21666666666666667,0.16666666666666669,0
1.2250000000000005,0.5785500000000001,0.542,3.2829999999999995,2.683999999999994,3.1000499999999995,1.9000000000000057,2.6500000000000057,-62.43405,0.34999999999999987,0.20000000000000007,-1.6000000000000005,0.050000000000000266,-0.44999999999999973,-0.09999999999999998,0.04999999999999999,105.29852631578949,-1.8000000000000007,-0.7000000000000002,-0.7999999999999998,0.09999999999999998,0.09999999999999998,0
-0.379941520467836,-0.0779561403508775,-0.30808771929824563,-1.6921345029239792,-1.929941520467839,-1.280359649122807,8.353801169590653,-1.1140350877193015,55.48488888888889,-0.029239766081871288,0.32748538011695916,-1.514619883040936,-0.10526315789473695,-0.6666666666666665,-0.19298245614035087,-0.011695906432748537,117.56015359477124,-0.2222222222222232,0.3333333333333335,0.22222222222222232,-0.33333333333333337,0.5555555555555556,0
0.2042105263157894,0.15715497076023444,-0.02189473684210541,0.05546783625730889,2.0286842105263148,-0.6460964912280702,-1.2865497076023331,2.4649122807017534,0.00011988304093557556,-0.6169590643274854,-0.5292397660818713,2.730994152046785,0.6403508771929827,0.60233918128655,0.38596491228070173,0.25146198830409355,-62.43439802631579,-2.122222222222222,-0.31111111111111134,-1.2000000000000002,0.25555555555555554,-0.2777777777777778,0
-1.1063157894736833,-0.11452631578947381,-1.0099999999999993,-1.3405263157894716,-2.1963157894736867,-0.7684736842105263,9.84210526315789,-2.631578947368425,0.010105263157894617,-0.1578947368421053,0.15789473684210542,0.15789473684210442,-0.26315789473684226,0.1578947368421053,0.05263157894736836,0.31578947368421056,-2.9244619883041025,0.27777777777777857,-0.46666666666666634,-0.8888888888888888,0.2222222222222222,-0.2555555555555556,1
-0.678125000000001,-0.5455624999999997,-0.10743055555555547,-3.394722222222228,-4.647430555555548,-2.1799166666666663,7.0902777777777715,-8.8125,0.009715277777777809,-0.06944444444444442,0.03472222222222232,0.38194444444444464,-0.2847222222222223,0.9236111111111112,0.13194444444444442,-0.125,-0.011055555555555596,0.8888888888888875,0.7777777777777777,-0.22222222222222188,0.33333333333333337,-0.11111111111111116,1
-0.1177089783281744,-0.3118359133126938,0.43856965944272486,-0.4789164086687272,-1.9226006191950553,0.156263157894737,5.541795665634666,2.2600619195046363,0.032888544891640836,0.1083591331269349,0.21052631578947367,0.6315789473684212,0.3931888544891642,-0.18885448916408665,-0.31269349845201233,-0.05572755417956654,62.522792763157895,1.2222222222222214,-0.11111111111111116,0.6666666666666661,0.2222222222222222,0.11111111111111116,1
-1.1030952380952375,-0.6055079365079363,-0.358833333333334,-0.5046825396825376,1.3686507936507937,-0.5160238095238097,3.2698412698412653,4.1111111111111,0.006476190476190413,-0.3650793650793651,-0.40476190476190466,2.3968253968253963,0.31746031746031766,1.0555555555555558,0.4206349206349206,0.03968253968253971,0.06563888888888891,3.9461538461538463,0.6153846153846154,1.3153846153846156,0.6153846153846154,0.5692307692307692,1
1.989566563467493,1.2650061919504652,0.7664736842105264,1.9153869969040258,0.17910216718266625,1.8568699690402473,1.777089783281724,5.600619195046434,0.07091950464396285,-0.148606811145511,0.11145510835913319,1.5356037151702786,-0.1702786377708978,0.6346749226006194,0.024767801857585203,0.34984520123839,0.031930921052631844,0.40000000000000036,-0.8999999999999999,-0.20000000000000018,0.0,0.09999999999999998,1
-1.1734999999999993,-0.9015000000000004,-0.4157499999999996,-3.6794999999999956,-3.853000000000005,-2.2070499999999997,1.0999999999999943,-2.75,0.02485000000000004,0.10000000000000009,-0.10000000000000009,-0.09999999999999964,0.1499999999999999,-0.050000000000000266,0.25,0.15000000000000002,-2.6291684210526327,0.3736263736263723,0.22527472527472536,-0.027472527472527375,0.8296703296703296,-0.16483516483516486,1
0.3677573529411764,0.10299632352941224,0.18962499999999993,-0.8963235294117666,-1.6354044117647035,-0.5419852941176471,3.194852941176464,0.39338235294117396,0.043672794117647074,-0.03676470588235303,-0.12867647058823528,1.0257352941176467,-0.18014705882352944,0.8419117647058822,-0.07720588235294112,0.19852941176470587,0.04056250000000017,-2.333333333333334,-0.6000000000000001,-0.21666666666666634,-0.7166666666666667,-0.1833333333333333,0
0.2042105263157894,0.15715497076023444,-0.02189473684210541,0.05546783625730889,2.0286842105263148,-0.6460964912280702,-1.2865497076023331,2.4649122807017534,0.00011988304093557556,-0.6169590643274854,-0.5292397660818713,2.730994152046785,0.6403508771929827,0.60233918128655,0.38596491228070173,0.25146198830409355,-62.43439802631579,-0.7777777777777786,-1.0222222222222221,-0.3111111111111109,0.21111111111111125,0.5888888888888888,1
0.38736842105263314,0.668473684210527,-0.34678947368420987,-0.5636842105263113,-1.669473684210523,0.17778947368421005,11.89473684210526,4.78947368421052,0.060578947368420955,-0.26315789473684226,0.15789473684210542,1.3157894736842106,-0.26315789473684226,0.5789473684210531,-0.10526315789473684,0.2631578947368421,-55.51440935672515,0.5555555555555554,0.5555555555555558,0.3333333333333335,-0.2222222222222222,-0.2222222222222222,1
-0.05105263157894724,-0.203736842105263,0.045315789473683976,-1.0889473684210547,0.2831578947368456,-0.7423684210526317,0.7894736842105345,3.578947368421055,55.484956140350874,0.1578947368421053,0.05263157894736836,-1.5263157894736832,-0.052631578947368585,-0.6842105263157894,-0.47368421052631576,-0.368421052631579,64.94944891640867,1.25,0.25,-0.25,0.08333333333333337,-0.41666666666666674,1
0.8329999999999993,0.20645000000000024,0.5150500000000005,0.42350000000000065,-0.718,0.10915000000000008,8.399999999999991,-0.6500000000000057,0.02443421052631578,0.10000000000000009,0.15000000000000002,-0.25,0.0,-0.30000000000000027,0.15000000000000002,0.15000000000000002,52.53731578947369,2.5119047619047628,0.4166666666666665,0.6547619047619051,0.07142857142857145,0.5,1
-0.8630676328502416,-0.8769951690821256,0.10311594202898533,-2.8204347826087,-2.694879227053139,-1.3320144927536233,-0.1787439613526658,7.485507246376812,0.011606280193236618,-0.3623188405797102,-0.3961352657004832,1.3647342995169094,0.34782608695652195,0.07246376811594235,0.30193236714975835,-0.14009661835748788,-58.77953708439898,-0.8717948717948723,-0.6217948717948716,-0.08974358974358942,0.3525641025641026,-0.46153846153846156,0
-2.157058823529412,-1.4618823529411769,-0.5742941176470591,-2.6711764705882377,-1.09823529411765,-2.840882352941177,8.705882352941174,5.588235294117652,0.07788235294117657,-0.23529411764705888,-0.11764705882352944,1.0588235294117645,0.41176470588235325,0.6470588235294121,0.11764705882352944,0.17647058823529416,117.50663235294117,-0.5999999999999996,0.5,-0.7000000000000002,0.09999999999999998,-0.29999999999999993,0
0.5779256965944275,0.6284520123839015,0.20147368421052625,-0.3083900928792538,1.6130650154798687,0.13607120743034043,-12.012383900928796,2.6749226006191833,-0.04722291021671826,-0.20123839009287936,-0.4272445820433437,0.21362229102167163,0.32198142414860675,-0.21981424148606843,0.20123839009287925,-0.024767801857585148,-62.44077960526316,0.9610389610389616,0.9155844155844157,0.31818181818181834,0.06493506493506496,0.551948051948052,0
-0.5636470588235296,-0.11899411764705903,-0.4043823529411763,-1.1054705882352938,-2.2390882352941155,-1.6141941176470587,-9.352941176470594,-2.514705882352942,-0.04531470588235309,-0.2294117647058822,-0.09999999999999998,1.0647058823529418,0.01764705882352935,0.17941176470588216,0.21470588235294108,0.0029411764705882804,-32.92188486842106,2.4646464646464636,0.9292929292929295,1.070707070707071,0.5656565656565657,0.23232323232323238,1
0.8803888888888882,0.43386666666666684,0.5204666666666666,2.5015555555555533,2.323888888888895,1.8050833333333336,-5.2222222222222285,1.4666666666666686,-0.019822222222222297,0.005555555555555536,-0.12222222222222223,0.5277777777777786,0.0,0.2666666666666666,-0.08333333333333337,-0.1777777777777778,-50.00658888888889,0.6666666666666679,-0.6666666666666665,0.11111111111111116,-1.0,-0.2222222222222222,1
-0.8045989304812844,-0.5533048128342251,-0.017542780748663223,-0.8747058823529414,-1.945614973262039,-1.032181818181818,6.692513368983953,-0.211229946524071,0.03807754010695169,0.4385026737967914,0.6818181818181819,-0.4090909090909083,-0.31016042780748654,-0.33957219251336923,-0.3342245989304813,-0.02941176470588236,62.410869318181824,2.833333333333334,0.4222222222222225,1.233333333333333,-0.6666666666666667,0.1333333333333333,1
-0.5266666666666664,-0.40838888888888913,-0.09505555555555545,-1.2661111111111136,-3.1572222222222166,-0.3434999999999999,-3.2222222222222285,-2.7777777777777715,-0.014666666666666717,0.2777777777777779,0.11111111111111116,0.05555555555555536,0.0,0.44444444444444464,0.16666666666666663,-0.05555555555555558,-0.023055555555555607,1.2222222222222232,0.22222222222222232,0.44444444444444464,0.7777777777777778,-0.1111111111111111,1
-0.7886215538847114,-0.20105764411027538,-0.5838245614035091,0.13897243107769341,2.68932330827068,-0.46478696741854664,-0.5137844611528806,-1.4561403508771917,-0.012804511278195596,-0.05513784461152893,-0.11528822055137833,0.6541353383458643,-0.06265664160400997,0.5614035087719298,0.31829573934837085,0.2882205513784461,-0.028355263157894717,-0.8000000000000007,0.7000000000000002,-1.0,0.9000000000000001,0.09999999999999998,0
-0.22764705882352976,-0.3500000000000003,0.02988235294117625,1.1111764705882319,-0.22352941176470154,0.21411764705882358,4.47058823529413,-0.6470588235294059,0.014882352941176458,-0.05882352941176472,0.05882352941176472,0.7058823529411757,-0.17647058823529416,0.05882352941176494,-0.17647058823529405,-0.11764705882352944,-62.447125,1.3928571428571423,0.6309523809523809,0.6547619047619049,0.19047619047619047,-0.10714285714285715,1
0.2956470588235298,0.00367058823529387,0.09387352941176541,-1.106735294117641,-1.4327058823529413,-0.007858823529411474,-2.4588235294117737,-4.273529411764713,-0.026426470588235274,-0.15588235294117636,-0.23529411764705888,0.7676470588235293,0.32647058823529385,0.07941176470588207,0.32352941176470584,0.16176470588235292,-52.581118421052636,-0.09999999999999964,0.09999999999999964,-0.09999999999999964,0.0,0.20000000000000007,0
0.26333333333333364,0.36499999999999977,-0.35749999999999993,0.3805555555555564,-0.8972222222222257,0.026833333333333487,10.055555555555557,5.333333333333329,0.012486928104575301,-0.22222222222222232,-0.05555555555555536,0.0,0.11111111111111116,-0.2777777777777777,-0.05555555555555547,0.16666666666666669,0.05191830065359482,-1.2181818181818187,-0.12727272727272698,-0.5090909090909093,-0.28181818181818186,-0.23636363636363633,0
-0.8803157894736833,-0.19997368421052597,-0.7895131578947363,-0.039894736842104095,-0.10360526315789897,-0.3001657894736842,3.200000000000003,4.194736842105257,-0.009755263157894878,-0.3763157894736844,-0.29473684210526296,0.9184210526315795,0.08947368421052593,0.47368421052631593,-0.14473684210526316,0.08684210526315789,-2.8951461988304246,-0.9000000000000004,0.5,-0.3999999999999999,0.0,-0.09999999999999998,0
-0.07707236842105303,-0.17527302631578912,0.04104605263157901,-0.9459210526315776,-1.5708223684210516,-0.7102236842105262,2.680921052631575,-1.36513157894737,-55.461729166666665,-0.1513157894736843,-0.29276315789473684,2.1743421052631575,0.04276315789473695,1.3125,0.21381578947368424,0.16447368421052633,-117.53076470588235,0.6666666666666661,-0.44444444444444464,1.2222222222222219,-0.5555555555555556,0.0,1
0.4523333333333346,0.22096111111111072,0.14149999999999996,3.3951111111111114,0.96383333333333,2.866816666666667,-11.099999999999994,2.6222222222222342,-62.47954444444444,0.37222222222222223,-0.011111111111111072,-0.18888888888889,0.1722222222222225,0.03333333333333366,0.07222222222222219,0.14444444444444443,-52.52542105263158,-2.282051282051282,-0.5846153846153845,-0.9384615384615382,0.18461538461538463,-0.05128205128205132,0
1.4694736842105267,1.0267368421052634,0.5933684210526318,0.9826315789473714,-1.4510526315789427,1.406368421052631,5.73684210526315,-3.7368421052631646,0.05084210526315791,0.1578947368421051,0.5263157894736842,-0.8947368421052637,-0.5263157894736843,-0.05263157894736814,-0.26315789473684204,0.05263157894736842,-0.026421052631579012,0.7999999999999989,0.2999999999999998,0.0,0.0,-0.19999999999999996,1
0.015000000000000568,-0.14150292397660813,0.12057017543859594,-0.15681286549707352,1.2814327485380126,-0.40334210526315795,-3.9532163742690045,11.304093567251456,-0.002877192982456145,-0.2573099415204678,-0.5526315789473685,1.321637426900585,0.2748538011695907,0.7046783625730999,-0.0029239766081871066,-0.30116959064327486,-52.57042690058479,1.4142857142857128,-0.014285714285714235,0.47142857142857153,-0.014285714285714346,-0.5142857142857142,0
0.31588235294117695,0.08111437908496733,0.19500000000000006,0.8772875816993455,-0.3985294117647058,1.0965980392156864,-2.6732026143790932,6.872549019607845,0.019957516339869363,0.3104575163398693,0.1143790849673203,-0.30065359477124254,-0.2843137254901962,0.0849673202614376,-0.0980392156862745,0.04575163398692808,62.49275,-1.846153846153845,-1.076923076923077,0.3076923076923075,-0.3846153846153846,0.0,0
0.24599999999999955,-0.050799999999999734,0.30544444444444463,-1.3782222222222256,-1.4370555555555526,-0.11026666666666673,9.777777777777771,-2.75,0.0308277777777779,0.25555555555555554,0.3222222222222223,-1.3555555555555552,-0.12222222222222223,-0.03888888888888875,-0.005555555555555536,-0.15000000000000002,157.8008918128655,-1.7444444444444454,-0.3222222222222224,-1.1555555555555554,0.12222222222222223,0.06666666666666671,0
-0.27958810068649953,-0.4573752860411906,-0.016691075514874143,-0.41675057208238364,-1.3793821510297484,0.16975743707093824,8.938215102974823,2.3890160183066484,0.04832265446224254,0.09382151029748287,0.194508009153318,0.40274599542334144,0.08466819221967992,0.3707093821510301,0.12356979405034318,0.09382151029748287,0.0033638443935927187,-0.1999999999999993,-0.6000000000000001,-0.20000000000000018,-0.19999999999999996,-0.30000000000000004,0
-0.9063305322128858,-0.5128935574229692,-0.14525490196078428,-0.3399439775910338,0.7667226890756247,-0.30852380952380964,5.0280112044817855,0.8039215686274446,0.02008403361344524,0.05322128851540597,0.09523809523809534,1.2857142857142856,0.3305322128851542,0.37254901960784315,0.0056022408963585235,0.23249299719887956,62.494437500000004,-1.7692307692307692,0.07692307692307665,0.23076923076923084,-0.6923076923076922,-0.6153846153846154,0
0.14312500000000083,0.23750694444444398,0.03420833333333295,1.8780555555555587,2.5690972222222186,1.0492499999999998,-7.423611111111114,9.090277777777771,-0.026104166666666706,-0.26388888888888884,-0.3125,0.6736111111111107,0.2847222222222223,0.07638888888888928,0.2569444444444444,-0.09722222222222221,0.010888888888888948,0.9000000000000004,-0.5,0.9000000000000004,0.10000000000000003,0.09999999999999998,1
-0.68688995215311,-0.24146889952153128,-0.4561124401913881,-0.39578947368421424,-0.0230143540669836,-1.1884449760765552,1.1507177033492866,-2.4712918660287073,0.005188995215310854,0.3301435406698565,0.4712918660287082,-1.0406698564593295,-0.7033492822966507,-0.15071770334928258,-0.021531100478468956,0.02631578947368418,-0.11192344497607654,3.75,1.3560606060606062,1.5606060606060606,-0.1742424242424242,-0.05303030303030298,1
0.9337581699346398,0.6980718954248362,0.11154901960784303,3.2064705882352946,2.705032679738558,1.8519607843137256,1.5751633986928226,-3.0686274509803866,0.004375816993464121,0.196078431372549,0.2222222222222222,-0.04248366013072058,-0.11764705882352944,0.13725490196078427,-0.15359477124182996,0.09150326797385616,-66.10500367647059,1.4444444444444446,0.6666666666666665,0.4444444444444442,0.4444444444444444,0.4444444444444445,1
-1.989566563467493,-1.2650061919504652,-0.7664736842105264,-1.9153869969040258,-0.17910216718266625,-1.8568699690402473,-1.777089783281724,-5.600619195046434,-0.07091950464396285,0.148606811145511,-0.11145510835913319,-1.5356037151702786,0.1702786377708978,-0.6346749226006194,-0.024767801857585203,-0.34984520123839,-0.031930921052631844,1.8461538461538458,0.46153846153846123,0.23076923076923084,0.23076923076923084,0.15384615384615385,1
2.0064999999999986,1.1079500000000007,0.9308000000000001,4.102999999999996,3.135000000000005,2.3162,7.299999999999997,2.0999999999999943,-0.0004157894736842582,0.0,0.2500000000000001,-0.15000000000000036,-0.1499999999999999,-0.25,-0.09999999999999998,0.0,55.16648421052632,1.5,0.6666666666666667,1.0,-0.16666666666666663,0.16666666666666669,1
-0.8104117647058819,-0.6535617647058827,-0.1889705882352941,1.3045882352941174,1.9725588235294076,0.5742088235294114,-1.4529411764705884,1.6647058823529477,-62.43189411764706,-0.29117647058823537,-0.2529411764705882,0.8764705882352928,0.5382352941176474,0.37647058823529456,0.29117647058823526,0.2882352941176471,65.0184613003096,2.4343434343434343,-0.21212121212121193,0.4242424242424243,0.07070707070707061,0.2121212121212121,0
0.3254248366013073,0.10630392156862767,0.3466568627450983,-0.3093464052287551,0.9936274509803944,0.3672745098039214,-8.392156862745097,-8.32352941176471,-0.04394117647058832,-0.039215686274509665,0.0424836601307188,0.3398692810457504,0.06535947712418277,0.1405228758169934,0.21241830065359468,0.022875816993464027,0.0027205882352939748,-1.1428571428571432,-0.41428571428571437,-0.842857142857143,0.1428571428571429,-0.04285714285714287,1
-0.32400000000000073,-0.2519999999999998,0.026694444444444576,-0.05922222222222828,-1.2670555555555545,-0.25901666666666645,-3.0222222222222257,-4.200000000000003,-0.03337222222222225,-0.2944444444444445,-0.1777777777777776,0.49444444444444535,0.0777777777777775,0.6111111111111112,0.19444444444444442,-0.15000000000000002,52.599576023391805,2.198717948717949,0.8076923076923077,0.3782051282051282,-0.1923076923076923,-0.4551282051282051,1
-0.7774269005847945,-0.2403070175438593,-0.6565964912280697,-0.7373391812865471,0.016783625730997898,-0.2304824561403509,2.2777777777777715,2.0614035087719316,0.010172514619882889,0.029239766081871288,-0.11695906432748537,0.14619883040935733,-0.2105263157894739,0.14035087719298245,-0.22807017543859653,-0.04093567251461988,-55.535166666666676,-0.5555555555555554,-0.2777777777777777,-0.7999999999999998,0.06666666666666671,-0.033333333333333326,1
0.0008771929824553659,-0.0019005847953210697,-0.028894736842105306,-0.2995321637426933,1.775350877192981,-0.8439298245614033,3.1578947368421098,2.9093567251461963,0.0007865497076023908,-0.6169590643274854,-0.36257309941520455,1.7309941520467849,0.2514619883040936,0.32456140350877183,0.33040935672514615,0.029239766081871343,0.0297894736842107,3.5064935064935066,0.38311688311688297,2.3701298701298703,-0.512987012987013,-0.2272727272727273,1
-0.617294117647059,-0.6950941176470595,-0.12394999999999956,-1.7937941176470584,-4.282117647058822,-1.722976470588235,4.71764705882353,-0.8617647058823508,0.01886764705882349,-0.03823529411764692,0.05882352941176472,1.120588235294118,0.09117647058823519,0.138235294117647,0.08823529411764708,-0.01470588235294118,9.83656907894737,1.7181818181818187,-0.045454545454545414,1.227272727272727,-0.2272727272727273,0.04545454545454547,1
-0.05105263157894724,-0.203736842105263,0.045315789473683976,-1.0889473684210547,0.2831578947368456,-0.7423684210526317,0.7894736842105345,3.578947368421055,55.484956140350874,0.1578947368421053,0.05263157894736836,-1.5263157894736832,-0.052631578947368585,-0.6842105263157894,-0.47368421052631576,-0.368421052631579,64.94944891640867,-0.6999999999999993,-0.9000000000000004,-0.10000000000000009,-0.30000000000000004,-0.30000000000000004,0
0.12249999999999917,0.0968500000000001,0.12430000000000008,-1.4030000000000005,-0.6504999999999939,-1.2159,6.599999999999994,2.3999999999999915,62.4585,-0.19999999999999996,0.0,1.0500000000000007,0.04999999999999982,0.3999999999999999,-0.09999999999999998,-0.10000000000000003,2.536221052631575,1.0,-0.22222222222222188,0.5555555555555558,-0.11111111111111094,0.4444444444444445,1
1.243235294117647,0.5971911764705893,0.4295882352941174,2.196705882352937,2.344705882352951,1.2449499999999998,7.152941176470591,-2.670588235294119,0.008743034055727628,0.020588235294117796,0.15000000000000002,-0.9000000000000004,-0.3852941176470588,-0.5558823529411767,0.12058823529411766,-0.07058823529411762,42.70399671052632,0.3888888888888893,-0.6777777777777776,-0.5333333333333337,0.4222222222222223,-0.06666666666666671,0
-0.4929565217391314,-0.29791739130434847,-0.18971739130434795,-0.7194347826086993,-2.2289347826086967,-1.0942478260869564,-7.956521739130437,1.9021739130434838,-0.02933260869565235,-0.3956521739130434,-0.27391304347826095,2.3869565217391306,0.24782608695652186,0.3891304347826088,0.36304347826086947,-0.04565217391304344,-157.80642562929063,-3.742424242424242,-1.325757575757576,-0.4242424242424243,-0.08333333333333337,-0.12878787878787873,0
0.009590643274854038,-0.03599122807017574,-0.3303070175438596,1.3047953216374264,0.24271929824561767,1.2117719298245617,13.228070175438589,2.2368421052631646,0.045869969040247816,0.12280701754385959,0.0906432748538013,-0.9064327485380108,-0.15204678362573087,0.02046783625731008,-0.17836257309941517,0.17836257309941522,0.020371517027863884,0.7999999999999989,0.10000000000000009,0.7000000000000002,-0.9000000000000001,0.4,1
-2.3457275541795655,-1.2308854489164087,-1.2417337461300304,-3.3373065015479835,-0.9850464396284835,-2.677256965944273,12.647058823529406,4.659442724458202,0.05660061919504644,-0.4674922600619196,-0.24767801857585137,1.5448916408668723,0.3777089783281733,0.6501547987616103,0.04643962848297212,0.325077399380805,62.02610457516339,1.333333333333334,1.5555555555555556,0.6666666666666661,0.5555555555555556,-0.2222222222222222,1
0.05105263157894724,0.203736842105263,-0.045315789473683976,1.0889473684210547,-0.2831578947368456,0.7423684210526317,-0.7894736842105345,-3.578947368421055,-55.484956140350874,-0.1578947368421053,-0.05263157894736836,1.5263157894736832,0.052631578947368585,0.6842105263157894,0.47368421052631576,0.368421052631579,-64.94944891640867,-0.29999999999999893,-0.19999999999999973,-0.5999999999999996,0.4,0.30000000000000004,0
-0.314473684210526,-0.40445029239766095,0.22499122807017513,-0.643654970760231,-1.3206725146198863,-0.051236842105263025,3.783625730994146,5.567251461988292,0.01928070175438601,-0.3099415204678362,-0.2894736842105263,1.742690058479532,0.38011695906432763,0.494152046783626,0.10233918128654973,-0.2485380116959064,0.09399415204678363,1.0444444444444443,0.06666666666666643,0.2777777777777777,0.07777777777777783,-0.37777777777777777,0
-1.1963636363636363,-0.9053080808080811,-0.25995454545454577,-1.1438888888888918,-2.675909090909091,-0.6503484848484846,6.48989898989899,0.4848484848484844,0.02685858585858586,0.6313131313131315,0.7373737373737375,-1.2979797979797976,-0.7121212121212122,-0.4898989898989905,-0.19696969696969702,-0.2777777777777778,62.42336931818182,0.48571428571428577,-0.2571428571428571,0.5142857142857142,-0.5428571428571428,-0.11428571428571432,1
-0.9401111111111105,-0.7802777777777772,0.014083333333333226,-0.7820000000000036,-0.29594444444444434,-0.3865166666666666,-5.022222222222226,4.133333333333326,-0.023261111111111177,-0.5166666666666668,-0.6222222222222221,0.8277777777777793,0.2999999999999998,0.3333333333333335,0.13888888888888884,-0.09444444444444444,-6.174427244582056,-1.0,0.30000000000000027,0.2999999999999998,0.09999999999999998,-0.30000000000000004,0
0.9129411764705888,0.6987647058823534,0.21782352941176497,0.6870588235294175,2.8494117647058808,1.7151176470588236,-7.176470588235304,-3.411764705882362,-0.04529411764705876,-0.11764705882352944,-0.2941176470588236,-0.35294117647058876,0.23529411764705865,-0.05882352941176494,0.23529411764705876,0.1764705882352941,-62.41768750000001,-2.406593406593406,-0.1703296703296704,-0.9450549450549453,0.18131868131868129,0.25824175824175827,0
-0.45701388888888905,-0.2532291666666666,-0.2670416666666666,-2.6380555555555567,-3.5007638888888906,-1.9905833333333334,11.034722222222229,-2.4791666666666714,0.02315972222222229,-0.18055555555555558,0.03472222222222232,0.6597222222222214,-0.0625,0.6458333333333335,0.02083333333333337,0.1527777777777778,0.02938888888888891,-0.7777777777777786,-0.3111111111111111,0.03333333333333366,-0.6222222222222223,0.34444444444444444,1
0.07199999999999918,0.17530000000000046,0.054894444444444135,0.421277777777771,0.38244444444445236,0.21263333333333323,0.17777777777777715,-5.049999999999997,-0.018472222222222223,0.005555555555555536,0.22222222222222232,-0.7055555555555557,-0.37222222222222223,0.06111111111111134,-0.05555555555555558,-0.25,52.59531286549708,0.29999999999999893,-0.2999999999999998,-0.6999999999999997,0.4,-0.19999999999999996,1
0.0008771929824553659,-0.0019005847953210697,-0.028894736842105306,-0.2995321637426933,1.775350877192981,-0.8439298245614033,3.1578947368421098,2.9093567251461963,0.0007865497076023908,-0.6169590643274854,-0.36257309941520455,1.7309941520467849,0.2514619883040936,0.32456140350877183,0.33040935672514615,0.029239766081871343,0.0297894736842107,0.5999999999999996,-0.3999999999999999,0.19999999999999973,-0.2999999999999998,0.19999999999999996,1
-1.5122459893048132,-0.9864224598930484,-0.45495454545454583,-2.0211764705882374,-2.277379679144385,-1.746946524064171,9.163101604278083,-6.387700534759361,0.006901069518716496,0.3208556149732622,0.6229946524064172,-0.997326203208555,-0.427807486631016,-0.5748663101604281,-0.09893048128342252,-0.32352941176470584,-0.06938068181818202,-1.079365079365079,0.8571428571428572,-1.0555555555555554,0.365079365079365,-0.5317460317460316,1
-0.37558897243107836,-0.3189949874686726,-0.18380701754385953,-0.4289724310776961,-0.6140601503759449,-0.8335814536340846,-9.27568922305764,-0.22807017543858876,-0.059827067669172895,0.21303258145363424,-0.14786967418546382,-2.2330827067669174,-0.04260651629072698,-0.7719298245614037,-0.2656641604010025,-0.2882205513784461,-0.04611842105263164,0.7999999999999989,0.10000000000000009,1.3000000000000003,0.0,-0.30000000000000004,1
-1.5951111111111107,-1.1576277777777773,-0.24916666666666676,-5.384,-3.1499444444444364,-3.337816666666667,5.877777777777766,2.933333333333323,62.47498888888889,-0.31666666666666665,-0.3222222222222223,0.5777777777777793,0.04999999999999982,0.1333333333333333,0.03888888888888886,-0.14444444444444443,-6.27163777089784,1.5384615384615383,0.6153846153846154,0.9230769230769231,0.3076923076923077,0.3076923076923077,1
1.2289999999999992,0.6337500000000005,0.54325,0.9039999999999999,0.9315000000000069,0.5807999999999998,11.599999999999994,-1.5,0.039334210526315805,0.40000000000000013,0.5499999999999999,-1.450000000000001,-0.44999999999999973,-0.8500000000000001,-0.09999999999999998,0.050000000000000044,52.53305263157896,0.15000000000000036,0.03333333333333366,0.18333333333333357,0.033333333333333326,0.38333333333333336,1
-0.07069053708439821,0.17892327365728944,-0.21466496163682836,-0.38603580562659445,-0.010153452685418785,-0.5199462915601023,-1.3964194373401568,-4.416879795396426,-0.01598209718670074,0.1662404092071612,0.17391304347826098,-1.3222506393861888,-0.2301790281329925,-0.20971867007672662,-0.1483375959079284,0.04859335038363172,124.88454076086957,0.5555555555555554,0.11111111111111116,1.1111111111111112,-0.7777777777777778,0.2222222222222222,1
0.26274853801169584,-0.023728070175438543,0.10032456140350887,0.4969005847953234,-1.28622807017544,0.9169298245614038,10.228070175438589,4.28947368421052,0.03471207430340573,-0.08771929824561409,-0.067251461988304,0.4093567251461998,0.26900584795321647,-0.5058479532163744,-0.23099415204678353,-0.1374269005847953,0.10563467492260059,-0.8000000000000007,-0.20000000000000018,0.5,-0.20000000000000007,0.4,0
0.5826315789473684,0.27521052631579,0.3262105263157893,-0.3210526315789455,1.0731578947368412,-0.6469473684210528,-10.73684210526315,7.78947368421052,-0.03331578947368424,-0.1578947368421053,-0.42105263157894746,0.8947368421052637,0.3157894736842104,-0.3157894736842106,-0.1578947368421052,-0.368421052631579,-52.57915789473684,-0.8000000000000007,0.3999999999999999,-0.6000000000000001,-0.30000000000000004,0.09999999999999998,0
2.3457275541795655,1.2308854489164087,1.2417337461300304,3.3373065015479835,0.9850464396284835,2.677256965944273,-12.647058823529406,-4.659442724458202,-0.05660061919504644,0.4674922600619196,0.24767801857585137,-1.5448916408668723,-0.3777089783281733,-0.6501547987616103,-0.04643962848297212,-0.325077399380805,-62.02610457516339,-0.20202020202020243,0.3232323232323231,-0.21212121212121193,0.24242424242424243,-0.1515151515151515,1
1.3474999999999997,0.6754000000000002,0.6663000000000001,1.879999999999999,2.0335,1.88415,8.5,5.049999999999997,0.024450000000000083,0.1499999999999999,0.20000000000000007,-0.5499999999999998,0.10000000000000009,-0.04999999999999982,-0.19999999999999996,-0.050000000000000044,107.83474736842106,0.8000000000000007,0.588888888888889,-0.411111111111111,0.09999999999999998,-0.8888888888888888,0
0.19500000000000028,0.2593888888888889,0.028833333333332822,0.10444444444444656,1.3322222222222209,-0.5893333333333335,-1.5555555555555571,2.6111111111111,-0.002388888888888996,-0.6111111111111112,-0.5555555555555556,2.0,0.38888888888888906,0.8333333333333339,0.2777777777777778,0.05555555555555558,-62.44129861111111,-3.011111111111111,0.08888888888888902,-1.7444444444444445,0.2333333333333334,-0.5777777777777777,0
-0.15145833333333458,-0.1371736111111106,-0.012375000000000025,-2.1286111111111143,-1.4902083333333316,-1.8364166666666666,10.3125,-6.0347222222222285,0.024381944444444525,-0.3472222222222223,-0.07638888888888884,0.3263888888888893,-0.2847222222222223,0.4791666666666665,-0.03472222222222221,-0.06944444444444442,0.01200000000000001,0.9230769230769234,-0.46153846153846145,0.8461538461538463,-0.46153846153846156,0.0,1
1.4135294117647064,0.8275294117647063,0.44582352941176495,1.8129411764705914,1.9617647058823557,1.8427058823529412,-6.176470588235304,-0.1176470588235361,-0.010941176470588232,-0.11764705882352944,-0.17647058823529416,0.7058823529411757,0.0588235294117645,0.0588235294117645,0.05882352941176472,0.2352941176470588,0.06581250000000005,0.5,-0.06363636363636394,0.6454545454545455,0.17272727272727273,-0.23636363636363633,0
0.1171241830065366,-0.07689215686274453,0.019254901960783943,0.5952614379084942,1.533594771241841,0.7338333333333333,-5.3692810457516345,-3.3039215686274446,-0.01066339869281041,0.026143790849673332,-0.22222222222222232,-0.22222222222222143,-0.23529411764705888,-0.03921568627451011,0.13725490196078427,-0.24836601307189543,-62.469076388888894,1.0,-0.3333333333333335,0.0,0.0,0.2222222222222222,1
0.4773205741626798,0.2785837320574167,0.3115191387559806,-0.10578947368421154,-2.0982775119617187,0.1099234449760762,10.940191387559807,-0.7870813397129268,0.07782057416267935,0.1722488038277512,0.7344497607655504,0.5382775119617236,-0.5980861244019138,0.05980861244019131,-0.07416267942583732,0.02631578947368418,-0.03744976076555018,-0.23636363636363633,-0.40909090909090917,-0.7454545454545456,0.7909090909090908,0.43636363636363634,1
0.525789473684211,0.4102894736842102,0.12395029239766076,1.565643274853807,1.3818713450292357,1.1874298245614032,0.06432748538011879,-0.1315789473684248,0.013880116959064326,0.3391812865497075,0.2514619883040934,-1.7865497076023402,-0.2514619883040936,-0.7690058479532165,-0.4970760233918128,0.026315789473684237,-0.006733918128655092,-3.2323232323232336,-0.14141414141414144,-0.3232323232323231,0.03030303030303033,-0.12121212121212122,0
1.1691478696741853,0.6677418546365912,0.43408771929824597,1.4368170426065188,-0.3703759398496267,0.8550501253132834,-8.012531328320804,3.6140350877193015,-55.49430952380952,-0.05012531328320802,-0.20050125313283218,0.45112781954887193,0.010025062656641603,0.3333333333333335,0.05012531328320807,0.02756892230576441,-117.58551470588235,0.9000000000000004,-0.3999999999999999,0.5,-0.20000000000000007,-0.09999999999999998,1
-0.6407647058823525,-0.4139088235294113,-0.3769117647058826,-3.3092941176470596,-1.440794117647048,-2.28715,6.452941176470588,-2.3705882352941217,62.46765882352941,-0.17941176470588216,-0.10000000000000009,0.3000000000000007,-0.18529411764705905,0.0941176470588232,0.12058823529411766,-0.17058823529411765,-9.926266447368427,-2.666666666666666,-0.047619047619047894,-1.3333333333333335,0.6547619047619047,-0.45238095238095233,0
-1.2394117647058822,-1.116359133126935,-0.23173374613003106,-1.996780185758512,1.2112693498452032,-1.9087832817337467,2.8049535603715157,7.291021671826627,0.046495356037151825,-0.30959752321981426,-0.4055727554179568,1.3869969040247678,0.6408668730650156,0.492260061919505,-0.006191950464396245,0.009287925696594423,64.95056656346749,-1.454545454545455,-0.9090909090909092,0.1818181818181821,-0.18181818181818177,0.36363636363636365,0
1.1614052287581695,1.0480718954248365,0.08166666666666678,2.0952941176470627,2.9285620915032595,1.637843137254902,-2.8954248366013076,-2.4215686274509807,-0.010506535947712337,0.2549019607843137,0.1633986928104575,-0.7483660130718963,0.05882352941176472,0.07843137254901933,0.022875816993464082,0.2091503267973856,-3.657878676470588,0.5888888888888886,-0.0777777777777775,-0.11111111111111116,0.15555555555555556,0.2555555555555556,0
0.2531578947368418,0.012263157894737198,0.4306315789473685,-0.807894736842103,-1.5289473684210577,-0.2948421052631579,-3.0,2.0526315789473557,-0.011157894736842089,-0.21052631578947367,-0.1578947368421053,1.3157894736842106,0.42105263157894735,-0.5263157894736845,-0.05263157894736836,-0.3157894736842105,0.08526315789473671,-2.5,-1.1515151515151516,-0.4545454545454546,0.08333333333333326,-0.196969696969697,0
-0.34868421052631593,-0.4337763157894745,0.2462631578947363,-0.8641052631578958,-0.8278947368421079,-0.28063421052631554,-14.799999999999997,-2.6947368421052573,-0.029578947368420927,-0.023684210526315752,-0.25526315789473697,0.5315789473684216,0.3605263157894738,0.37631578947368416,0.24473684210526314,-0.13684210526315793,-49.63790643274854,0.5,-0.10000000000000009,0.6000000000000001,-0.30000000000000004,0.10000000000000003,1
0.5700000000000003,0.20120000000000005,0.27875000000000005,-1.3189999999999973,-0.16999999999999815,0.14874999999999972,12.799999999999997,1.4500000000000028,0.06420000000000015,0.55,0.4999999999999999,-1.8500000000000005,-0.19999999999999973,-0.6499999999999999,-0.19999999999999996,0.0,105.20131578947371,-0.1363636363636367,-0.09090909090909083,-0.31818181818181834,0.6,0.06363636363636366,1
0.38964705882352924,0.3450941176470592,0.1538323529411758,2.9049705882352903,4.0585882352941205,1.9370941176470586,-0.24705882352940023,0.21470588235294485,-0.003985294117647031,-0.020588235294117796,0.0,-0.41470588235294237,-0.26764705882352935,-0.07941176470588207,-0.2647058823529411,-0.10294117647058826,-72.28369407894738,-0.09999999999999964,-0.2999999999999998,1.1999999999999997,-0.8,-0.29999999999999993,0
0.525789473684211,0.4102894736842102,0.12395029239766076,1.565643274853807,1.3818713450292357,1.1874298245614032,0.06432748538011879,-0.1315789473684248,0.013880116959064326,0.3391812865497075,0.2514619883040934,-1.7865497076023402,-0.2514619883040936,-0.7690058479532165,-0.4970760233918128,0.026315789473684237,-0.006733918128655092,0.5636363636363626,0.38181818181818183,0.5272727272727269,-0.4545454545454546,-0.027272727272727282,1
0.0660526315789478,0.062233918128654864,0.07525438596491196,0.9321345029239811,0.998274853801167,0.3390263157894738,-4.742690058479539,7.7251461988304015,-55.487833333333334,-0.41520467836257313,-0.6052631578947368,2.8479532163742682,0.32748538011695927,1.3888888888888893,0.47076023391812866,0.06725146198830412,-117.51987581699346,-2.2525252525252526,-0.7070707070707072,0.8686868686868685,-1.6161616161616161,-0.08080808080808077,1
1.6695952380952375,1.0236523809523805,0.646466666666667,2.246238095238093,0.023571428571429465,1.37977380952381,-4.88095238095238,3.9666666666666686,-0.029242857142857126,-0.07380952380952377,0.004761904761904745,-0.5357142857142856,-0.09523809523809534,-0.06666666666666643,-0.22619047619047616,-0.16190476190476194,-50.03195,-0.7333333333333343,-0.8777777777777778,-0.3222222222222224,0.1777777777777776,0.3888888888888889,1
0.42414141414141415,0.2651969696969698,0.3557878787878792,-0.10111111111110915,1.3092424242424237,0.27151515151515127,-11.378787878787875,-1.818181818181813,-0.03990106951871658,-0.24242424242424243,-0.4040404040404042,0.6313131313131297,0.43434343434343425,0.656565656565657,0.2525252525252525,0.1111111111111111,0.006288770053475945,-1.3000000000000007,-0.5,-0.30000000000000027,-0.4,-0.19999999999999996,0
-1.0116315789473687,-0.7380078947368423,-0.36897368421052623,-2.980315789473684,-1.8344473684210456,-1.8360447368421051,14.994736842105254,-2.163157894736841,62.51170526315789,0.13947368421052642,0.2684210526315789,-0.38421052631578867,-0.2131578947368422,0.43157894736842106,-0.1394736842105263,0.08947368421052632,52.51126315789473,-1.1857142857142868,0.3142857142857145,0.5285714285714285,-0.8428571428571427,0.27142857142857135,1
0.05187499999999945,0.021881944444444912,-0.00537500000000013,-1.7736111111111121,-1.2368749999999977,-1.6385833333333335,5.868055555555557,-6.479166666666671,0.02371527777777771,-0.3472222222222223,-0.24305555555555558,1.3263888888888893,0.10416666666666674,0.7569444444444446,0.02083333333333337,0.1527777777777778,-62.4521875,0.14444444444444393,-0.10000000000000009,0.03333333333333366,-0.5222222222222223,-0.2777777777777778,0
0.5986666666666656,0.5836888888888896,0.14994999999999958,1.6873888888888846,3.539666666666669,0.5561333333333331,3.4000000000000057,-2.2722222222222257,-0.0038055555555555065,-0.27222222222222237,0.11111111111111116,-0.7611111111111111,-0.37222222222222223,-0.3833333333333333,-0.2222222222222222,-0.19444444444444442,52.61836842105264,-2.808080808080808,-0.8484848484848482,-0.5858585858585861,-0.2525252525252525,0.2828282828282829,0
0.7989258312020455,0.29984143222506376,0.4127826086956521,0.40074168797953647,-0.6539641943734047,0.4334168797953962,-2.0741687979539734,8.358056265984658,0.03545268542199481,-0.10741687979539649,-0.11508951406649626,1.6751918158567776,0.2301790281329925,0.2685421994884911,0.1483375959079284,0.1278772378516624,0.04608423913043491,3.1818181818181817,0.0,0.5151515151515151,0.2525252525252525,-0.03030303030303033,1
1.1647953216374276,0.9087807017543863,0.30980701754385986,0.17365497076023573,-1.6862573099415208,0.40827192982456095,9.616959064327489,2.7280701754385888,0.050406432748538066,-0.29239766081871355,0.2748538011695908,1.1695906432748533,-0.05263157894736836,0.43859649122807065,0.1228070175438597,0.30409356725146197,0.020757309941520585,-4.030303030303029,-1.3939393939393936,-1.9494949494949494,-0.030303030303030276,-0.5757575757575757,0
0.9543464052287582,0.743718954248366,-0.12774509803921585,2.0747058823529407,1.7091503267973884,1.0506666666666666,0.5751633986928226,-5.303921568627445,-0.0073300653594770004,0.1372549019607845,0.2222222222222222,-0.27777777777777857,-0.23529411764705888,-0.03921568627451011,0.0816993464052288,-0.02614379084967322,-3.654628676470587,0.7777777777777768,-0.11111111111111116,0.5555555555555554,-0.44444444444444453,0.2222222222222222,1
-0.3247678018575857,-0.6161888544891643,0.22915789473684223,-0.4995046439628492,-3.1420123839009264,-0.43091331269349836,9.012383900928796,-0.6222910216718276,0.03606501547987617,-0.009287925696594312,0.2693498452012384,1.102167182662539,0.09907120743034059,-0.3065015479876161,-0.2538699690402476,-0.29102167182662536,62.526042763157896,0.40000000000000036,0.20000000000000018,0.10000000000000009,0.3999999999999999,0.4,1
0.6589999999999989,0.43255000000000043,0.26449999999999996,2.222999999999997,1.101500000000005,0.43205000000000005,-1.2000000000000028,-2.950000000000003,-0.02486578947368434,-0.1499999999999999,0.050000000000000044,0.39999999999999947,-0.25,-0.20000000000000018,0.09999999999999998,0.050000000000000044,-52.66826315789474,-1.4307692307692292,0.2153846153846155,-0.6153846153846154,-0.06153846153846154,-0.09230769230769231,1
0.8739628482972126,0.11776780185758495,0.9151455108359126,2.464365325077395,2.5126934984520126,1.7656099071207432,-6.647058823529406,-3.130030959752318,-0.009130030959752178,0.05572755417956654,-0.10526315789473695,-0.13312693498452077,0.09287925696594446,-0.003095975232198178,0.13003095975232204,-0.08978328173374617,-69.38428472222222,-0.44444444444444464,0.22222222222222232,-0.4444444444444442,0.0,0.0,0
0.6916470588235297,0.4309705882352941,0.12207352941176497,-0.6262352941176417,0.21679411764706558,0.4637911764705882,0.7411764705882291,-5.123529411764707,-0.01152647058823525,0.14411764705882368,0.16470588235294104,-0.4323529411764717,-0.12352941176470589,-0.47058823529411775,0.07352941176470584,0.061764705882352944,-52.58538157894736,-1.127272727272727,-0.6545454545454548,-0.2545454545454544,-0.5272727272727273,0.05454545454545451,0
0.023333333333334316,-0.24183625730994152,0.09873684210526301,0.09374269005848213,0.20254385964912558,0.3838245614035086,-6.84210526315789,8.248538011695913,-0.0011549707602339643,0.35380116959064334,-0.16374269005847963,0.32163742690058506,0.2748538011695907,0.1491228070175441,-0.22514619883040932,-0.13450292397660824,-52.593315789473685,-2.7380952380952372,-0.26190476190476186,-0.6785714285714284,-0.4404761904761905,-0.2857142857142857,0
-0.009210526315789114,0.10223391812865446,0.050728070175438233,0.04897660818713767,-0.6964619883040939,0.05676315789473674,-0.269005847953224,0.14619883040934667,-0.0025087719298245714,0.005847953216374213,-0.026315789473684292,-0.7309941520467849,-0.2514619883040936,0.23099415204678397,-0.10818713450292394,-0.19590643274853797,-0.00690058479532174,-2.122222222222222,-0.38888888888888884,-0.6888888888888887,-0.4888888888888888,-0.15555555555555556,0
0.601052631578948,0.3702894736842106,0.14847660818713448,2.4488011695906504,3.0766081871344966,1.4696929824561402,-4.409356725146196,7.44736842105263,-55.471444444444444,-0.08187134502923987,-0.32748538011695916,1.7923976608187129,0.32748538011695927,0.38888888888888884,0.08187134502923982,0.2894736842105263,-117.51970915032679,-1.2857142857142865,-0.2857142857142858,1.2142857142857144,-1.142857142857143,0.35714285714285715,0
1.6695952380952375,1.0236523809523805,0.646466666666667,2.246238095238093,0.023571428571429465,1.37977380952381,-4.88095238095238,3.9666666666666686,-0.029242857142857126,-0.07380952380952377,0.004761904761904745,-0.5357142857142856,-0.09523809523809534,-0.06666666666666643,-0.22619047619047616,-0.16190476190476194,-50.03195,2.7272727272727266,0.15151515151515182,0.6060606060606064,0.07070707070707061,0.5757575757575757,1
1.5122459893048132,0.9864224598930484,0.45495454545454583,2.0211764705882374,2.277379679144385,1.746946524064171,-9.163101604278083,6.387700534759361,-0.006901069518716496,-0.3208556149732622,-0.6229946524064172,0.997326203208555,0.427807486631016,0.5748663101604281,0.09893048128342252,0.32352941176470584,0.06938068181818202,-0.7371794871794872,-0.8717948717948716,0.019230769230769162,-0.5192307692307693,0.1923076923076923,0
-0.026430205949657726,-0.4451121281464534,0.41394050343249433,-1.2246453089244866,-2.908329519450806,-0.1250846681922197,5.938215102974823,4.441647597254004,0.037164759725400454,-0.1167048054919908,0.0366132723112127,1.718535469107552,0.5057208237986273,-0.1556064073226544,0.07093821510297482,-0.22196796338672764,0.08862700228832943,1.046153846153846,0.7000000000000002,-0.10000000000000009,0.1384615384615384,-0.16153846153846158,0
0.5140935672514608,-0.12469298245614047,1.0140964912280697,0.35678362573099065,0.8804385964912278,0.2036491228070174,-12.333333333333329,-7.39473684210526,-0.02265944272445819,0.19298245614035103,0.17251461988304073,-0.14619883040935733,0.09941520467836273,0.13742690058479523,0.283625730994152,-0.1257309941520468,55.48324836601308,4.277777777777779,1.6111111111111114,1.7777777777777777,0.44444444444444453,0.4444444444444444,1
1.861411764705882,1.458211764705883,0.48042058823529366,3.7779117647058786,2.5309411764705914,2.8487411764705883,-6.2470588235294,-1.3147058823529392,-0.051455882352941296,0.39117647058823524,0.3529411764705883,-1.8264705882352938,-0.7382352941176471,-0.7264705882352942,-0.4411764705882353,-0.3382352941176471,-64.92551393188853,-1.381818181818181,-0.22727272727272707,0.5636363636363637,-0.5636363636363636,-0.42727272727272725,0
0.12812500000000027,0.3790098684210521,-0.08636184210526299,2.034868421052632,1.287664473684206,1.4525921052631579,-3.4703947368421098,-2.213815789473685,-0.02322697368421056,-0.006578947368421018,0.24013157894736847,-0.6480263157894743,0.009868421052631637,-0.6282894736842106,0.2598684210526315,0.20394736842105265,52.581315789473685,2.0636363636363626,1.281818181818182,0.40909090909090917,0.3727272727272728,-0.036363636363636376,1
1.673684210526316,1.1838918128654978,0.5714736842105264,1.0380994152046803,0.577631578947372,0.7602719298245608,4.450292397660817,-1.2719298245614112,0.050961988304093486,-0.4590643274853803,-0.0029239766081871066,1.8362573099415211,0.11403508771929838,0.5497076023391818,0.1228070175438597,0.30409356725146197,-62.46081907894737,-1.2575757575757578,-0.28787878787878807,0.3939393939393936,0.12121212121212122,-0.2424242424242424,0
0.44400000000000084,0.3212944444444441,0.1633333333333329,3.1445555555555558,2.042722222222217,2.07965,-8.211111111111109,5.677777777777777,-62.48126666666667,-0.23888888888888893,-0.3999999999999999,0.81111111111111,0.1722222222222225,0.5888888888888895,0.2944444444444444,-0.0222222222222222,-52.502532163742686,-3.3484848484848477,-1.325757575757576,-0.15151515151515182,-0.8712121212121212,-0.6439393939393939,0
1.5831249999999994,0.9273125000000004,0.6773750000000001,4.2395,4.311875000000001,2.5016999999999996,1.4874999999999972,3.112499999999997,-0.0037532894736842515,0.17500000000000004,0.3375,-1.3375000000000004,-0.08749999999999991,-1.1625,-0.03749999999999998,0.025000000000000022,105.14368421052632,1.083333333333334,1.0000000000000002,-0.3333333333333335,0.25,0.5,1
0.6916470588235297,0.4309705882352941,0.12207352941176497,-0.6262352941176417,0.21679411764706558,0.4637911764705882,0.7411764705882291,-5.123529411764707,-0.01152647058823525,0.14411764705882368,0.16470588235294104,-0.4323529411764717,-0.12352941176470589,-0.47058823529411775,0.07352941176470584,0.061764705882352944,-52.58538157894736,-0.09999999999999964,0.0,-0.7000000000000002,0.5,-0.30000000000000004,0
-1.568300653594771,-0.9905784313725494,-0.5851372549019607,-2.5999673202614364,-1.0018300653594814,-2.446774509803922,10.369281045751634,2.5980392156862706,0.046428104575163553,-0.49673202614379086,-0.130718954248366,1.398692810457515,0.5882352941176472,0.5098039215686279,0.27450980392156865,0.36601307189542487,117.56127124183006,-0.6666666666666661,0.6666666666666665,-0.666666666666667,0.22222222222222232,0.5555555555555556,0
0.7282352941176473,0.4787647058823532,0.19811764705882373,0.014705882352942012,-0.6641176470588235,-0.08652941176470602,-3.47058823529413,3.941176470588232,0.019470588235294073,0.05882352941176472,0.05882352941176472,0.35294117647058876,0.0,0.0588235294117645,0.0,0.17647058823529413,124.930625,-0.06666666666666643,-0.11111111111111116,-0.38888888888888884,-0.25555555555555554,-0.47777777777777775,0
0.7912941176470594,0.46899411764705934,0.37450000000000006,-0.005705882352938119,2.462617647058817,1.4000764705882351,4.882352941176464,3.161764705882348,0.030432352941176632,0.2882352941176469,0.04117647058823526,-1.7705882352941176,0.1588235294117648,-0.2382352941176471,-0.038235294117647034,0.11470588235294116,95.36900986842106,-0.9423076923076916,0.5897435897435894,0.10256410256410264,0.1923076923076923,0.1923076923076923,0
-0.3540961098398161,-0.02157208237986241,-0.26420366132723117,-0.35114416475972554,0.5893821510297528,-0.2651784897025171,2.588100686498862,-6.599542334096114,55.46994927536232,0.22196796338672775,0.2791762013729978,-2.8237986270022883,-0.4530892448512589,-0.7391304347826089,-0.43935926773455375,-0.09382151029748287,117.52524296675192,-1.1818181818181817,0.07142857142857162,-0.03896103896103886,-0.40909090909090906,0.17532467532467533,1
-0.5592982456140341,-0.5170467836257315,-0.22747368421052627,0.4147953216374276,-0.8706140350877156,1.0307719298245615,3.89473684210526,0.45906432748539316,0.03216081871345028,0.5116959064327486,0.2573099415204678,-0.5730994152046787,-0.040935672514619714,0.4649122807017547,-0.06725146198830412,0.23391812865497075,-0.014157894736842036,1.1666666666666679,0.666666666666667,0.3333333333333335,0.08333333333333337,0.16666666666666666,1
1.1015000000000001,0.7262,0.3608555555555555,3.2582222222222246,3.4705555555555527,1.9944166666666665,-1.2777777777777715,7.799999999999997,-0.0063777777777778155,-0.10555555555555562,-0.12222222222222223,0.8055555555555554,0.22222222222222232,-0.011111111111111072,-0.19444444444444442,0.09999999999999998,-49.966144444444446,-1.0999999999999996,-0.12222222222222223,-0.3333333333333335,-0.38888888888888884,-0.033333333333333326,1
1.0938847117794483,0.7077418546365908,0.40956140350877224,0.5536591478696753,-2.0651127819548876,0.5727869674185464,-3.5388471177944893,-3.9649122807017534,-0.008984962406014985,0.37092731829573933,0.37844611528822036,-3.127819548872181,-0.5689223057644113,-0.8245614035087718,-0.5288220551378445,-0.23558897243107768,-0.07253947368421065,1.9090909090909083,0.27272727272727293,0.8181818181818179,-0.36363636363636365,0.18181818181818182,1
0.8366374269005838,0.4318830409356722,0.310824561403509,1.5957894736842135,-0.21345029239766689,1.2069298245614037,6.116959064327489,-3.0438596491228083,0.025558479532163836,0.2456140350877194,0.4327485380116959,0.3538011695906427,0.1578947368421053,-0.22807017543859676,-0.23099415204678353,-0.08187134502923976,58.86816408668731,4.199999999999999,1.1,1.15,0.22499999999999998,0.45,1
1.0674162679425838,0.7081531100478471,0.3063755980861249,1.9715789473684264,2.341961722488037,1.5787081339712918,-9.677033492822972,4.629186602870817,-55.51230303030303,-0.43540669856459346,-0.7870813397129187,2.145933014354066,0.6507177033492824,1.0454545454545459,0.3899521531100479,0.2894736842105263,-117.50194652406417,-2.8888888888888893,-0.3999999999999999,0.03333333333333366,-0.7,-0.1333333333333333,0
-1.1016099071207424,-0.46776780185758526,-0.8852631578947363,-1.3531888544891633,-2.736222910216714,-1.5514922600619196,11.117647058823536,2.4829721362229122,0.024012383900928636,-0.11455108359133126,0.16408668730650167,0.8390092879256965,-0.2693498452012386,0.06191950464396312,-0.3065015479876161,-0.02786377708978327,6.937159722222219,-0.68888888888889,-0.6222222222222222,0.03333333333333366,-0.07777777777777783,0.1777777777777778,1
0.5772222222222219,0.3807222222222224,-0.12466666666666626,1.1405555555555544,0.034444444444446276,0.9681666666666668,6.444444444444443,-1.2777777777777715,0.015431372549019717,0.2222222222222221,0.22222222222222232,-1.3333333333333321,-0.11111111111111116,-1.0000000000000004,-0.33333333333333326,0.1111111111111111,0.011640522875816961,0.3333333333333339,1.2222222222222219,-0.6666666666666665,0.4444444444444444,1.0,1
0.6219999999999999,0.3418526315789481,0.2486868421052626,1.7811315789473667,3.7422105263157945,0.9399578947368418,-3.4421052631578846,5.976315789473688,-0.004960526315789471,0.08157894736842097,-0.052631578947368474,-0.439473684210526,-0.09736842105263155,-0.2342105263157892,-0.4473684210526315,-0.32894736842105265,0.025052631578951434,-2.986013986013985,-0.8391608391608392,-0.34965034965035,-0.21678321678321677,-0.2867132867132867,0
0.3917647058823519,0.35200326797385606,0.24241176470588255,0.2691830065359504,0.7302941176470519,-0.38183333333333347,0.20261437908496305,-0.6960784313725554,0.011218954248365831,-0.19281045751634007,-0.05555555555555558,0.8888888888888893,0.4019607843137256,0.15032679738562127,-0.13725490196078427,0.24836601307189543,-0.012499999999995737,2.2777777777777786,1.0555555555555554,0.9305555555555554,-0.26388888888888884,0.33333333333333337,1
-1.1647953216374276,-0.9087807017543863,-0.30980701754385986,-0.17365497076023573,1.6862573099415208,-0.40827192982456095,-9.616959064327489,-2.7280701754385888,-0.050406432748538066,0.29239766081871355,-0.2748538011695908,-1.1695906432748533,0.05263157894736836,-0.43859649122807065,-0.1228070175438597,-0.30409356725146197,-0.020757309941520585,-2.8365384615384617,-1.5192307692307692,0.4903846153846154,-1.1634615384615383,-0.06730769230769229,1
-0.12249999999999917,-0.0968500000000001,-0.12430000000000008,1.4030000000000005,0.6504999999999939,1.2159,-6.599999999999994,-2.3999999999999915,-62.4585,0.19999999999999996,0.0,-1.0500000000000007,-0.04999999999999982,-0.3999999999999999,0.09999999999999998,0.10000000000000003,-2.536221052631575,0.8888888888888875,-1.0,-0.22222222222222232,0.33333333333333326,0.4444444444444444,1
-2.6944117647058814,-1.6646617647058832,-0.9954705882352941,-4.201411764705879,-1.8129411764705914,-2.9578911764705884,-2.1529411764705912,1.9647058823529449,0.027021671826625515,-0.4911764705882353,-0.5029411764705883,2.076470588235294,0.7382352941176471,1.0264705882352945,0.29117647058823526,0.18823529411764706,12.38819814241485,0.6666666666666679,0.5555555555555554,0.0,0.0,-0.11111111111111116,1
0.8630676328502416,0.8769951690821256,-0.10311594202898533,2.8204347826087,2.694879227053139,1.3320144927536233,0.1787439613526658,-7.485507246376812,-0.011606280193236618,0.3623188405797102,0.3961352657004832,-1.3647342995169094,-0.34782608695652195,-0.07246376811594235,-0.30193236714975835,0.14009661835748788,58.77953708439898,0.704545454545455,0.030303030303030276,0.045454545454545414,0.12121212121212122,0.04545454545454547,1
1.078513931888545,0.7572167182662544,0.42947368421052623,0.8174922600619201,0.7254179566563437,0.26365944272445796,-11.012383900928796,5.969040247678009,-0.01286996904024773,-0.20123839009287936,-0.30959752321981426,1.2724458204334361,0.1455108359133126,-0.10216718266253899,0.024767801857585203,0.03405572755417954,0.04272039473684219,0.9000000000000004,0.18181818181818166,-0.32727272727272716,0.42727272727272725,0.13636363636363635,0
0.15233552631578995,0.13527302631578952,-0.01651973684210528,1.829078947368421,3.2655592105263125,0.9924868421052632,-7.15460526315789,8.944078947368425,-0.023595394736842135,-0.26973684210526305,-0.2861842105263157,1.4046052631578956,0.5361842105263159,-0.1546052631578947,0.36513157894736836,0.09868421052631576,0.017789473684210688,-1.3333333333333321,-1.7777777777777777,-0.6666666666666665,-0.11111111111111116,0.11111111111111116,0
0.8857422969187674,0.46724649859943934,0.38454901960784316,1.4717086834733877,0.22915966386554487,1.1098179271708686,-4.0280112044817855,1.4313725490196134,-0.008378151260504119,0.0056022408963585235,-0.09523809523809534,-1.0504201680672276,-0.21288515406162478,-0.19607843137254877,-0.2408963585434173,-0.11484593837535018,-124.9448125,0.44444444444444464,0.5555555555555554,0.5555555555555554,-0.33333333333333337,0.2222222222222222,1
1.0116577540106957,0.8576577540106955,0.22695454545454585,0.8952941176470635,3.16502673796791,1.6193582887700535,-10.163101604278083,3.093582887700535,-0.04125401069518703,-0.3208556149732622,-0.7406417112299466,-0.06149732620320947,0.6042780748663101,0.45721925133689867,0.27540106951871657,0.2647058823529412,-62.414119318181825,-1.163636363636364,1.0363636363636362,-0.6000000000000001,-0.0636363636363636,-0.12727272727272732,0
0.2109999999999994,0.05605555555555597,0.0999166666666671,1.457444444444441,0.8112777777777751,0.87165,-2.688888888888883,-4.477777777777774,-0.01698333333333335,0.03888888888888875,0.10000000000000009,-0.56111111111111,0.0777777777777775,-0.3888888888888893,-0.19444444444444442,0.07222222222222219,52.59974269005847,0.9000000000000004,0.6000000000000001,-1.1,0.8,-0.5,1
0.8716842105263165,0.44114736842105273,0.4145236842105269,-1.0042894736842065,-3.2153684210526308,0.006305263157894592,5.4947368421052545,1.4447368421052573,0.05543421052631581,-0.18684210526315792,0.052631578947368474,1.5973684210526322,0.09736842105263155,0.655263157894737,0.2894736842105263,0.2763157894736842,-52.615,0.13333333333333464,-0.1333333333333333,-0.4222222222222225,-0.12222222222222223,-0.42222222222222217,0
1.1573684210526305,0.3182631578947368,0.9646842105263154,2.4294736842105262,1.913157894736841,1.510842105263158,-10.631578947368425,-0.9473684210526301,-55.49506140350877,0.0,-0.21052631578947378,1.3684210526315788,0.31578947368421084,0.5263157894736841,0.4210526315789474,0.05263157894736842,-62.02498692810457,-1.3777777777777782,-0.21111111111111125,-0.6000000000000001,0.033333333333333326,-0.4666666666666666,0
-0.3294736842105266,-0.2629473684210528,0.10442105263157919,-0.4868421052631575,-2.602105263157899,0.3521052631578949,7.73684210526315,-5.736842105263165,0.022157894736842154,-0.05263157894736836,0.26315789473684215,0.4210526315789469,0.10526315789473695,-0.2105263157894739,0.10526315789473684,0.052631578947368474,52.664421052631575,5.0427350427350435,1.623931623931624,1.333333333333333,0.8717948717948717,0.5811965811965811,1
-0.3382352941176485,-0.21544117647058858,0.1403562091503272,-1.3519281045751654,-2.6802614379084986,-0.9231666666666665,1.4248366013071774,-3.029411764705884,-0.0027810457516340703,0.08496732026143783,0.22222222222222232,-0.05555555555555536,0.013071895424836555,0.3169934640522878,-0.02614379084967322,-0.02941176470588236,62.42863194444445,4.525,2.025,0.5499999999999998,0.4,0.175,1
-0.20333333333333403,-0.1590555555555555,-0.006999999999999895,-0.3550000000000022,-0.25333333333333385,-0.19783333333333308,4.444444444444443,0.44444444444444287,0.0006666666666668153,0.0,0.16666666666666674,-1.0,-0.38888888888888906,-0.2777777777777781,-0.05555555555555558,-0.2222222222222222,62.4641875,1.384615384615385,0.3076923076923075,0.6153846153846154,-0.07692307692307687,0.0,1
-0.7838529411764701,-0.5564058823529412,-0.2619176470588238,-0.7745294117647052,0.2055882352941154,-0.2699558823529412,0.8529411764705941,-2.535294117647055,0.020864705882353007,0.07941176470588229,-0.10000000000000009,-0.514705882352942,-0.11764705882352944,-0.12941176470588234,-0.014705882352941124,0.047058823529411764,-74.9128625,-0.20833333333333393,-0.5694444444444446,-0.6527777777777777,0.02777777777777779,0.38888888888888884,1
0.4337320574162682,0.22920574162679408,0.025480861244019604,1.2036842105263172,1.5519617224880413,1.483287081339713,1.8492822966507134,0.4186602870813516,0.005968899521531235,-0.11961722488038284,-0.3133971291866029,-0.2751196172248811,0.2822966507177034,0.6770334928229671,0.07416267942583732,0.2894736842105263,0.02666028708133983,0.3000000000000007,0.5,-0.10000000000000009,-0.19999999999999996,-0.8,1
-0.15233552631578995,-0.13527302631578952,0.01651973684210528,-1.829078947368421,-3.2655592105263125,-0.9924868421052632,7.15460526315789,-8.944078947368425,0.023595394736842135,0.26973684210526305,0.2861842105263157,-1.4046052631578956,-0.5361842105263159,0.1546052631578947,-0.36513157894736836,-0.09868421052631576,-0.017789473684210688,-0.46923076923076934,-0.43846153846153824,-0.061538461538461764,-0.007692307692307665,0.23846153846153845,1
-2.6944117647058814,-1.6646617647058832,-0.9954705882352941,-4.201411764705879,-1.8129411764705914,-2.9578911764705884,-2.1529411764705912,1.9647058823529449,0.027021671826625515,-0.4911764705882353,-0.5029411764705883,2.076470588235294,0.7382352941176471,1.0264705882352945,0.29117647058823526,0.18823529411764706,12.38819814241485,0.1999999999999993,-0.6000000000000001,0.6000000000000001,-0.19999999999999996,0.4,1
-0.36622222222222245,-0.32466666666666644,0.22458333333333336,0.31688888888888656,0.7768333333333288,-0.0965166666666668,-9.133333333333326,-3.200000000000003,-0.03241470588235307,-0.18333333333333335,-0.12222222222222223,0.7722222222222221,0.18888888888888866,0.6111111111111112,0.13888888888888884,-0.03888888888888892,52.588102167182655,1.1999999999999993,-0.2333333333333334,0.20000000000000018,0.022222222222222365,-0.033333333333333326,0
0.310315789473683,-0.001226315789474075,0.5107631578947363,1.3588947368421014,0.2736052631578971,0.1514157894736845,-16.0,-5.64473684210526,-0.05444473684210527,-0.17368421052631566,-0.20526315789473693,0.9315789473684211,0.1105263157894738,0.17631578947368398,0.3447368421052631,-0.08684210526315789,-102.30616959064328,0.7111111111111104,0.0777777777777775,-0.48888888888888893,0.1777777777777778,0.15555555555555556,0
-0.5887581699346409,-0.47130392156862744,0.010843137254901603,-0.07120915032680131,-0.0964052287581687,-0.3941078431372549,-1.6633986928104605,2.9901960784313815,0.031454248366013016,0.261437908496732,0.013071895424836555,-0.3398692810457504,-0.17647058823529393,0.13725490196078427,-0.1568627450980392,-0.1895424836601307,-0.05463888888888879,3.5340909090909083,0.3977272727272727,1.6136363636363638,0.5454545454545454,0.04545454545454547,0
0.0480158730158724,0.23082539682539682,-0.27300000000000013,1.734761904761907,2.475873015873013,0.742142857142857,5.603174603174608,-4.5,0.01275396825396824,0.19047619047619047,0.31746031746031755,1.007936507936507,0.09523809523809534,0.33333333333333304,0.08730158730158732,0.20634920634920634,58.83980882352942,2.6527777777777786,1.0,0.0,0.45833333333333337,0.5138888888888888,1
-0.06688235294117639,-0.01920882352941211,-0.0605,2.1628235294117637,1.109029411764702,1.572385294117647,-3.982352941176458,-3.8058823529411683,-62.49883529411765,0.061764705882352944,0.04117647058823537,-0.8882352941176475,0.06764705882352962,-0.32941176470588207,0.1147058823529411,-0.12352941176470586,-52.55398355263158,-0.545454545454545,0.6636363636363638,0.08181818181818157,-0.10909090909090913,-0.036363636363636376,1
-0.2117647058823522,0.04888854489164096,-0.33414860681114567,-0.00792569659443032,-0.6795046439628436,0.19584210526315793,2.1950464396284843,-7.996904024767801,-0.010730650154798682,-0.16099071207430327,0.052631578947368474,-0.21052631578947434,-0.28792569659442724,-0.021671826625387247,0.41795665634674917,0.10835913312693501,-9.85837171052632,2.6602564102564106,0.3910256410256412,1.217948717948718,0.1858974358974359,0.7051282051282052,1
0.9436842105263157,0.6164473684210532,0.469418128654971,-0.5830116959064355,-2.8329239766081784,0.21893859649122782,5.672514619883032,-3.60526315789474,0.036961988304093585,-0.18128654970760238,0.2748538011695908,0.8918128654970765,-0.2748538011695907,0.7163742690058483,0.23391812865497075,0.02631578947368418,-0.01968713450292392,1.525252525252526,0.22222222222222232,-0.6363636363636362,0.5252525252525252,-0.14141414141414144,0
0.3241830065359479,0.22746078431372596,0.22866666666666657,0.6158496732026162,2.753006535947712,1.3210098039215687,-8.839869281045765,-0.42156862745098067,-0.013839869281045747,0.14379084967320255,-0.28104575163398704,-0.6928104575163392,0.05882352941176472,0.07843137254901933,0.07843137254901955,-0.01307189542483661,-62.472326388888895,-0.3076923076923075,-0.4780219780219781,0.4780219780219781,-0.09340659340659341,0.010989010989011005,0
-0.5977894736842102,-0.5855894736842107,-0.1788447368421049,-1.986921052631578,-1.764315789473688,-1.4000631578947365,-0.24210526315789593,5.181578947368422,0.004592105263157897,-0.344736842105263,-0.4736842105263157,2.492105263157896,0.6236842105263158,0.7078947368421051,0.5526315789473684,0.22368421052631576,-52.588578947368426,0.6727272727272737,0.21818181818181825,-0.19090909090909092,-0.5,0.054545454545454564,0
0.2880434782608683,-0.04066183574879245,0.1889492753623192,-0.5809903381642556,-1.5876570048309198,-0.07384782608695667,2.154589371980677,-1.1256038647342876,0.017884057971014444,0.19323671497584538,0.326086956521739,-0.024154589371979895,0.12560386473429963,-0.6497584541062804,-0.03140096618357491,0.02657004830917875,-0.005367149758454204,-2.1010101010101003,-0.3232323232323231,-0.5050505050505047,-0.33333333333333326,0.3737373737373738,1
-0.07438596491228155,0.03809941520467852,-0.053421052631579036,-1.1826900584795368,0.08061403508772003,-1.1261929824561403,7.631578947368425,-4.669590643274859,55.48611111111111,-0.19590643274853803,0.216374269005848,-1.8479532163742682,-0.32748538011695927,-0.8333333333333335,-0.24853801169590645,-0.23391812865497075,117.54276470588235,0.5128205128205128,0.7564102564102564,0.07051282051282026,-0.1282051282051282,0.05769230769230771,1
0.7584736842105269,0.725744736842105,-0.061657894736842245,3.788210526315787,3.3633947368421033,2.130886842105263,-11.994736842105254,0.11052631578948535,-62.50054736842105,0.07105263157894726,-0.11052631578947358,-0.931578947368422,-0.20789473684210513,0.09473684210526345,0.19210526315789467,0.2263157894736842,-52.59652631578947,0.5444444444444443,-0.31111111111111134,-0.7555555555555555,0.07777777777777783,-0.3555555555555556,0
-0.3714999999999997,-0.15875555555555532,-0.25880000000000014,-1.6371111111111087,-0.060000000000002274,-1.4530833333333337,0.055555555555557135,-5.466666666666669,0.020377777777777717,-0.17222222222222228,-0.15555555555555567,0.13888888888888928,0.16666666666666674,-0.15555555555555545,0.08333333333333337,0.1777777777777778,-12.474987499999997,0.11111111111111249,-0.44444444444444464,-0.5555555555555558,-0.2222222222222222,0.4444444444444445,1
-1.542455242966751,-0.9341943734015343,-0.5412531969309462,-1.2589769820971828,1.5174936061381104,-1.431593350383632,4.603580562659843,-2.887468030690542,0.031488491048593525,-0.24552429667519182,-0.17902813299232734,0.08951406649616267,0.24040920716112524,0.4373401534526855,0.02813299232736577,0.28388746803069054,117.52636061381074,1.0,0.5555555555555554,1.0,-0.4444444444444444,0.3333333333333333,1
1.1511111111111099,0.8363333333333332,0.08583333333333387,2.2394444444444446,1.1072222222222194,1.2581666666666667,2.333333333333343,-8.6111111111111,0.0062777777777778265,0.5555555555555556,0.7222222222222222,-1.3888888888888893,-0.22222222222222232,-0.7222222222222228,-0.33333333333333326,0.16666666666666663,58.774169934640526,1.8666666666666654,0.21111111111111125,0.48888888888888893,0.9222222222222223,0.4888888888888888,1
-0.5354636591478696,-0.18879448621553818,-0.15319298245614066,-0.6689223057644096,1.1603759398496223,-0.7596290726817045,-3.5137844611528806,0.596491228070164,-0.023962406015037685,-0.2656641604010026,-0.27318295739348364,1.969924812030075,0.3583959899749374,0.03508771929824528,0.2656641604010025,-0.02756892230576441,0.05690789473684199,-0.9000000000000004,-1.2444444444444445,-0.7888888888888888,0.5555555555555556,0.15555555555555556,1
0.08995215311004667,-0.3898899521531103,0.6583086124401905,0.4578947368420998,-0.42880382775119585,-0.06786602870813385,-0.9545454545454533,-5.576555023923447,0.01724162679425839,0.43540669856459346,0.5765550239234449,-0.777511961722487,-0.3349282296650715,-0.5191387559808618,0.031100478468899517,-0.2368421052631579,55.476959595959606,0.6545454545454543,0.036363636363636154,1.0454545454545454,-0.2090909090909091,-0.24545454545454543,0
-0.36622222222222245,-0.32466666666666644,0.22458333333333336,0.31688888888888656,0.7768333333333288,-0.0965166666666668,-9.133333333333326,-3.200000000000003,-0.03241470588235307,-0.18333333333333335,-0.12222222222222223,0.7722222222222221,0.18888888888888866,0.6111111111111112,0.13888888888888884,-0.03888888888888892,52.588102167182655,3.2333333333333343,0.5166666666666666,1.3333333333333335,-0.1166666666666667,-0.8,1
-0.6589999999999989,-0.43255000000000043,-0.26449999999999996,-2.222999999999997,-1.101500000000005,-0.43205000000000005,1.2000000000000028,2.950000000000003,0.02486578947368434,0.1499999999999999,-0.050000000000000044,-0.39999999999999947,0.25,0.20000000000000018,-0.09999999999999998,-0.050000000000000044,52.66826315789474,3.2166666666666677,0.5,1.7666666666666666,-0.6000000000000001,0.23333333333333334,1
-1.04577205882353,-0.724533088235294,-0.256198529411765,-2.709264705882358,-3.5971691176470593,-2.384691176470588,9.371323529411768,0.5110294117647101,0.054613970588235305,0.0808823529411764,0.047794117647058876,0.319852941176471,-0.23897058823529393,0.7830882352941178,-0.13602941176470584,-0.03676470588235292,-0.025249999999999884,1.6217948717948723,0.512820512820513,1.3525641025641026,-0.43589743589743596,-0.05128205128205132,1
0.07199999999999918,0.17530000000000046,0.054894444444444135,0.421277777777771,0.38244444444445236,0.21263333333333323,0.17777777777777715,-5.049999999999997,-0.018472222222222223,0.005555555555555536,0.22222222222222232,-0.7055555555555557,-0.37222222222222223,0.06111111111111134,-0.05555555555555558,-0.25,52.59531286549708,-1.1111111111111107,-0.8444444444444446,-0.6444444444444448,0.2333333333333334,0.47777777777777775,1
-0.2117647058823522,0.04888854489164096,-0.33414860681114567,-0.00792569659443032,-0.6795046439628436,0.19584210526315793,2.1950464396284843,-7.996904024767801,-0.010730650154798682,-0.16099071207430327,0.052631578947368474,-0.21052631578947434,-0.28792569659442724,-0.021671826625387247,0.41795665634674917,0.10835913312693501,-9.85837171052632,-6.916666666666666,-1.5833333333333335,-2.25,0.0,-0.125,0
-1.470350877192982,-1.0248362573099423,-0.5644736842105265,-0.6830994152046781,-0.3242982456140382,-0.5624385964912277,-8.89473684210526,0.8274853801169684,-0.0516286549707603,0.4590643274853803,-0.16374269005847963,-0.8362573099415211,0.2748538011695907,-0.2719298245614037,-0.06725146198830412,-0.08187134502923976,-0.003368421052631687,-3.7249999999999996,-0.2250000000000001,-1.15,-0.025000000000000022,-0.04999999999999999,0
-0.8253560371517032,-0.7449535603715172,0.0011578947368422465,-1.625386996904023,-2.2543653250774014,-0.5585015479876159,8.012383900928796,-3.9164086687306536,0.0017120743034056418,-0.009287925696594312,0.15170278637770895,0.043343653250774494,0.27554179566563475,-0.4241486068111455,-0.07739938080495357,-0.34984520123839,0.042542763157894514,1.1111111111111107,0.4444444444444442,0.0,0.7777777777777777,0.0,1
-0.41235294117647037,-0.3976503267973859,-0.0031176470588236693,0.8625816993464035,0.2655882352941177,1.1831274509803924,0.797385620915037,2.9313725490196134,0.00048692810457529045,0.25163398692810457,0.05555555555555558,-0.6535947712418313,-0.2843137254901962,0.02614379084967311,-0.0980392156862745,-0.13071895424836605,-62.437875000000005,-2.802197802197801,-1.3296703296703296,-0.9725274725274726,-0.5,0.20879120879120877,0
-0.5779256965944275,-0.6284520123839015,-0.20147368421052625,0.3083900928792538,-1.6130650154798687,-0.13607120743034043,12.012383900928796,-2.6749226006191833,0.04722291021671826,0.20123839009287936,0.4272445820433437,-0.21362229102167163,-0.32198142414860675,0.21981424148606843,-0.20123839009287925,0.024767801857585148,62.44077960526316,1.7111111111111104,-0.5444444444444447,1.0,-0.12222222222222223,0.14444444444444443,1
-1.0212222222222227,-0.7020166666666665,-0.03866666666666663,-4.28511111111111,-2.0771666666666633,-3.047816666666667,1.7666666666666657,-4.400000000000006,62.465835294117646,0.01666666666666683,0.1777777777777776,0.5222222222222221,-0.06111111111111134,0.411111111111111,0.03888888888888886,-0.0888888888888889,52.49089164086687,0.8782051282051277,0.5641025641025641,0.39102564102564097,-0.044871794871794934,0.05128205128205132,1
1.1261111111111104,0.6740833333333338,0.41033333333333344,1.601444444444443,0.81111111111111,0.5111166666666664,12.522222222222226,0.6333333333333258,0.01940643274853804,-0.005555555555555536,0.37222222222222234,-0.6777777777777789,-0.1499999999999999,-0.5166666666666666,-0.016666666666666607,0.1777777777777778,105.1730730994152,-1.166666666666666,-0.5555555555555554,-1.0222222222222221,0.6555555555555557,0.07777777777777778,1
0.5757105263157891,0.31591052631578975,0.23690526315789473,1.6925789473684176,2.088684210526317,0.8069868421052634,-1.3421052631578902,7.931578947368422,-0.02025789473684214,-0.4447368421052631,-0.3736842105263156,2.5921052631578956,0.47368421052631593,0.7578947368421054,0.30263157894736836,0.07368421052631574,-49.95941052631579,0.7777777777777768,0.0,1.2222222222222223,-0.33333333333333337,-0.11111111111111105,1
0.12164705882352944,0.22977058823529406,-0.15667647058823508,0.6927647058823556,0.38679411764706373,0.3150411764705885,-12.058823529411768,-6.57352941176471,-0.0757264705882354,-0.40588235294117636,-0.33529411764705885,1.4176470588235288,0.07647058823529385,0.17941176470588216,0.2735294117647058,0.061764705882352944,-157.78669736842107,-1.3181818181818183,-0.13636363636363624,-1.3181818181818183,0.40909090909090906,-0.24545454545454543,0
-2.255775401069519,-1.620775401069519,-0.58342513368984,-2.8794117647058837,-1.4138502673796793,-2.745122994652407,11.692513368983953,-0.917112299465245,0.07384224598930483,-0.03208556149732611,0.32887700534759357,0.7673796791443852,0.042780748663101775,0.13101604278074852,0.07754010695187163,0.08823529411764708,117.50306417112299,2.3000000000000007,-0.036363636363636154,-0.36363636363636376,0.4818181818181818,-0.21818181818181825,1
1.1661111111111104,0.694830409356725,0.2064035087719298,2.082631578947371,2.388654970760232,0.8548245614035087,-1.6198830409356617,2.6929824561403564,0.0034005847953216817,0.29824561403508776,0.16959064327485374,-0.06725146198830423,0.05263157894736836,-0.01754385964912286,-0.33625730994152037,-0.13450292397660824,6.203743034055734,-0.6666666666666661,0.6666666666666665,-0.7777777777777777,0.2222222222222222,0.4444444444444444,0
-0.07704347826086888,0.09671739130434842,-0.0890326086956521,2.0384347826086966,2.398934782608695,0.9454978260869566,-4.84347826086956,-3.3521739130434867,-0.034867391304347795,-0.15434782608695663,-0.22608695652173894,-0.5369565217391301,-0.04782608695652213,0.26086956521739113,-0.1630434782608695,0.04565217391304344,52.605109839816926,3.083333333333334,2.013888888888889,2.0277777777777777,-0.5694444444444444,-0.5972222222222223,1
1.6578157894736827,0.6741736842105261,1.1770631578947364,3.2388947368421004,2.307105263157897,2.0355657894736843,-7.5,-0.594736842105263,-0.029994736842105185,-0.023684210526315752,-0.0052631578947368585,0.38157894736842124,0.2105263157894739,0.12631578947368416,0.14473684210526316,-0.13684210526315793,5.528577777777784,-0.418181818181818,0.5181818181818185,-1.0909090909090908,0.7636363636363636,0.3,0
-0.678125000000001,-0.5455624999999997,-0.10743055555555547,-3.394722222222228,-4.647430555555548,-2.1799166666666663,7.0902777777777715,-8.8125,0.009715277777777809,-0.06944444444444442,0.03472222222222232,0.38194444444444464,-0.2847222222222223,0.9236111111111112,0.13194444444444442,-0.125,-0.011055555555555596,-0.12820512820512775,0.08974358974358987,-0.5897435897435894,0.2628205128205128,-0.43589743589743585,1
0.6069999999999993,0.4833555555555562,0.12811666666666666,1.9379444444444403,2.460777777777782,1.3432999999999997,0.51111111111112,-5.327777777777769,-0.002083333333333326,0.3388888888888888,0.5,-1.761111111111111,-0.37222222222222223,-0.9388888888888891,-0.4444444444444444,-0.02777777777777779,52.59547953216374,-0.4090909090909083,0.32727272727272716,-1.209090909090909,0.7636363636363636,-0.25454545454545463,1
-1.470350877192982,-1.0248362573099423,-0.5644736842105265,-0.6830994152046781,-0.3242982456140382,-0.5624385964912277,-8.89473684210526,0.8274853801169684,-0.0516286549707603,0.4590643274853803,-0.16374269005847963,-0.8362573099415211,0.2748538011695907,-0.2719298245614037,-0.06725146198830412,-0.08187134502923976,-0.003368421052631687,-0.28888888888888964,-0.1333333333333333,0.28888888888888875,0.21111111111111125,0.2,1
0.2628173374612994,0.15484829721362203,0.2888328173374617,1.096873065015485,0.396346749225998,0.5465263157894737,-2.984520123839019,4.417956656346746,-55.474225490196076,0.003095975232197956,-0.10526315789473684,1.7368421052631575,0.3405572755417958,0.7058823529411766,0.055727554179566596,0.26006191950464397,-55.09107720588235,-1.5384615384615392,-0.846153846153846,-0.4615384615384617,0.15384615384615385,-0.07692307692307693,0
0.09712074303405593,0.26618885448916396,-0.19927554179566598,1.610681114551081,2.918482972136225,0.6450309597523219,-4.541795665634666,-0.02476780185757832,-0.021182662538699715,-0.049535603715170407,-0.21052631578947367,-0.39628482972136325,-0.27554179566563475,0.365325077399381,0.07739938080495357,0.17337461300309592,-124.9731677631579,-0.11111111111111072,-0.7777777777777777,0.44444444444444464,-0.6666666666666666,-0.11111111111111116,0
-1.0212222222222227,-0.7020166666666665,-0.03866666666666663,-4.28511111111111,-2.0771666666666633,-3.047816666666667,1.7666666666666657,-4.400000000000006,62.465835294117646,0.01666666666666683,0.1777777777777776,0.5222222222222221,-0.06111111111111134,0.411111111111111,0.03888888888888886,-0.0888888888888889,52.49089164086687,-1.833333333333334,-1.0333333333333337,-0.9111111111111105,-0.3111111111111111,0.0444444444444444,0
-0.7892063492063492,-0.5897857142857137,-0.12600000000000033,0.2553174603174604,2.3003174603174656,0.4253095238095237,-0.34126984126984894,-2.5,0.00942063492063483,0.0793650793650793,-0.12698412698412698,1.0634920634920642,0.09523809523809534,0.33333333333333304,0.1428571428571428,-0.015873015873015872,0.025361111111111057,0.05594405594405494,0.671328671328671,0.15384615384615374,0.4195804195804196,0.2517482517482518,1
0.21336842105263187,-0.15945789473684213,0.1730263157894738,0.30268421052631567,0.8495526315789483,1.2640052631578946,16.89473684210526,0.4868421052631646,0.0776552631578949,0.4894736842105263,0.46842105263157896,-1.9842105263157892,-0.16315789473684195,-0.01842105263157867,-0.23947368421052628,0.1394736842105263,157.80978947368422,0.5999999999999996,-0.8000000000000003,-0.10000000000000009,0.20000000000000007,-0.29999999999999993,1
-0.31588235294117695,-0.08111437908496733,-0.19500000000000006,-0.8772875816993455,0.3985294117647058,-1.0965980392156864,2.6732026143790932,-6.872549019607845,-0.019957516339869363,-0.3104575163398693,-0.1143790849673203,0.30065359477124254,0.2843137254901962,-0.0849673202614376,0.0980392156862745,-0.04575163398692808,-62.49275,2.833333333333334,0.9935897435897434,1.0769230769230769,0.1282051282051282,0.10897435897435898,1
-0.05979532163742718,-0.5803040935672512,0.8035964912280695,-0.7421052631578995,-0.19233918128654537,-0.0863508771929824,-8.222222222222229,-0.06140350877193157,-0.013505847953216299,-0.14035087719298245,-0.32748538011695916,-0.0906432748538002,0.2105263157894739,-0.14035087719298245,0.283625730994152,-0.18128654970760233,-3.279281045751631,-1.333333333333334,0.0,-0.11111111111111072,0.22222222222222232,0.0,0
-1.1519565217391303,-0.7304673913043489,-0.4542173913043479,-2.9424347826086965,-3.3304347826087017,-1.5262978260869564,-6.756521739130434,4.852173913043487,-0.00446681922196801,-0.2456521739130435,-0.323913043478261,1.9869565217391312,0.49782608695652186,0.589130434782609,0.2630434782608695,-0.09565217391304348,-105.13816247139589,3.884615384615385,-0.7596153846153846,1.4615384615384617,0.41346153846153844,0.8173076923076923,0
-0.6879117647058828,-0.5567117647058826,-0.06467058823529404,-0.09841176470588309,1.3220588235294137,-0.6416911764705885,5.147058823529406,4.064705882352939,0.026605882352941257,-0.4911764705882353,-0.2529411764705882,1.9264705882352935,0.5882352941176472,0.7764705882352945,0.19117647058823528,0.18823529411764706,67.55468235294117,0.49230769230769234,0.4230769230769229,0.5615384615384618,-0.2769230769230768,0.21538461538461534,0
-1.6218092105263167,-1.162009868421053,-0.5768486842105265,-2.8117105263157924,-1.8145065789473698,-2.3988552631578943,1.4177631578947398,-5.20723684210526,-0.027246710526315776,0.11184210526315796,-0.24013157894736847,-0.5098684210526319,-0.009868421052631637,0.20723684210526283,-0.10197368421052633,-0.15131578947368418,0.008631578947368324,0.41666666666666785,0.6944444444444444,1.0555555555555558,-0.027777777777777735,-0.16666666666666663,1
0.617294117647059,0.6950941176470595,0.12394999999999956,1.7937941176470584,4.282117647058822,1.722976470588235,-4.71764705882353,0.8617647058823508,-0.01886764705882349,0.03823529411764692,-0.05882352941176472,-1.120588235294118,-0.09117647058823519,-0.138235294117647,-0.08823529411764708,0.01470588235294118,-9.83656907894737,-1.9641025641025625,-0.7948717948717949,-0.35897435897435903,0.04102564102564099,-0.1076923076923077,0
-0.9686996904024769,-0.5492600619195049,-0.29724458204334403,-1.7633436532507805,-2.0263467492260077,-1.674467492260062,6.690402476780193,1.87616099071208,55.5163431372549,0.2321981424148607,0.3405572755417957,-1.8544891640866865,-0.2817337461300309,-0.5294117647058822,-0.3498452012383901,-0.20123839009287925,117.50551470588235,3.020202020202019,1.2525252525252524,2.06060606060606,0.07070707070707061,0.2121212121212121,1
-0.9930303030303023,-0.7462525252525256,-0.2529545454545459,-0.7888888888888896,-2.422575757575757,-0.45251515151515154,2.0454545454545467,0.04040404040404155,0.026191919191919044,0.6313131313131315,0.5707070707070707,-0.29797979797979757,-0.3232323232323231,-0.21212121212121238,-0.14141414141414144,-0.05555555555555558,-0.040818181818181865,-2.8741258741258733,-1.7412587412587412,-0.9020979020979023,0.4405594405594405,0.2027972027972028,0
-0.9063305322128858,-0.5128935574229692,-0.14525490196078428,-0.3399439775910338,0.7667226890756247,-0.30852380952380964,5.0280112044817855,0.8039215686274446,0.02008403361344524,0.05322128851540597,0.09523809523809534,1.2857142857142856,0.3305322128851542,0.37254901960784315,0.0056022408963585235,0.23249299719887956,62.494437500000004,1.9555555555555557,0.1333333333333333,0.5333333333333337,-0.2222222222222222,0.35555555555555557,1
-0.2109999999999994,-0.05605555555555597,-0.0999166666666671,-1.457444444444441,-0.8112777777777751,-0.87165,2.688888888888883,4.477777777777774,0.01698333333333335,-0.03888888888888875,-0.10000000000000009,0.56111111111111,-0.0777777777777775,0.3888888888888893,0.19444444444444442,-0.07222222222222219,-52.59974269005847,-2.1999999999999993,-0.8111111111111113,-1.6555555555555554,0.19999999999999996,-0.4666666666666666,0
0.7300000000000004,0.5674444444444446,0.10205555555555534,1.6211111111111158,3.4105555555555505,0.541333333333333,-1.2222222222222143,2.3333333333333286,0.013999999999999901,-0.2777777777777779,-0.2777777777777779,0.9444444444444446,0.38888888888888906,-0.16666666666666652,-0.11111111111111105,0.2777777777777778,-62.44113194444444,2.257575757575758,0.9166666666666665,0.1212121212121211,0.5075757575757575,0.1893939393939394,1
-0.583479532163742,-0.419619883040935,0.11980701754385947,-2.4036842105263165,-1.3154970760233908,-1.5017719298245615,-9.116959064327489,5.096491228070164,-0.036716374269005925,-0.45614035087719307,-0.5906432748538012,0.961988304093568,0.26315789473684204,-0.29824561403508776,0.17836257309941517,-0.23391812865497075,-58.78290092879257,-0.2222222222222232,0.5555555555555554,0.22222222222222232,-0.11111111111111116,-0.4444444444444445,0
-0.42900000000000027,-0.46279736842105224,-0.04276315789473695,-3.3013684210526293,-0.7612894736842044,-2.482992105263158,4.257894736842104,5.626315789473679,62.47838947368421,-0.018421052631578894,-0.15263157894736856,0.510526315789475,0.10263157894736818,0.11578947368421044,-0.2973684210526315,-0.27894736842105267,-0.06789473684210634,-0.6000000000000014,1.2,-0.10000000000000009,-0.30000000000000004,-0.5,0
-0.9241250000000005,-0.4947625,-0.4128750000000001,-2.0165000000000024,-3.2103749999999955,-2.0696499999999998,-2.6875,-6.0625,-0.02111250000000009,-0.32499999999999996,-0.2875,1.7374999999999998,-0.1625000000000001,0.9624999999999999,0.13749999999999996,0.025000000000000022,-157.81194736842107,1.5999999999999996,0.2666666666666666,1.1222222222222222,-0.15555555555555556,0.16666666666666663,1
-0.48431578947368337,0.22732631578947426,-0.7613131578947367,0.44060526315789517,1.5458947368421079,0.17148421052631546,6.400000000000006,3.344736842105263,0.0051447368421051465,-0.07631578947368434,0.10526315789473695,-0.2815789473684216,-0.3605263157894738,-0.07631578947368389,-0.39473684210526316,-0.01315789473684209,-2.899409356725151,1.3166666666666664,0.18333333333333357,0.6333333333333333,-0.016666666666666607,0.09999999999999998,1
-1.1261111111111104,-0.6740833333333338,-0.41033333333333344,-1.601444444444443,-0.81111111111111,-0.5111166666666664,-12.522222222222226,-0.6333333333333258,-0.01940643274853804,0.005555555555555536,-0.37222222222222234,0.6777777777777789,0.1499999999999999,0.5166666666666666,0.016666666666666607,-0.1777777777777778,-105.1730730994152,2.0999999999999996,0.21111111111111125,2.022222222222222,0.09999999999999998,0.0444444444444444,1
-0.0008771929824553659,0.0019005847953210697,0.028894736842105306,0.2995321637426933,-1.775350877192981,0.8439298245614033,-3.1578947368421098,-2.9093567251461963,-0.0007865497076023908,0.6169590643274854,0.36257309941520455,-1.7309941520467849,-0.2514619883040936,-0.32456140350877183,-0.33040935672514615,-0.029239766081871343,-0.0297894736842107,0.40000000000000036,-0.7999999999999998,-1.1,0.8,-0.09999999999999998,1
-0.7282352941176473,-0.4787647058823532,-0.19811764705882373,-0.014705882352942012,0.6641176470588235,0.08652941176470602,3.47058823529413,-3.941176470588232,-0.019470588235294073,-0.05882352941176472,-0.05882352941176472,-0.35294117647058876,0.0,-0.0588235294117645,0.0,-0.17647058823529413,-124.930625,-0.7444444444444454,0.2777777777777777,-0.5,0.033333333333333326,-0.16666666666666663,1
-0.38045751633987024,-0.28810784313725524,0.338245098039216,-0.9758169934640506,-0.6363725490196153,-0.7606666666666668,-4.686274509803923,-2.029411764705884,-0.0018235294117648904,0.196078431372549,0.2777777777777777,0.22222222222222143,0.12418300653594772,0.3169934640522878,-0.0816993464052288,0.08169934640522875,62.4171580882353,-0.3333333333333339,0.666666666666667,0.11111111111111072,0.11111111111111094,0.4444444444444444,0
1.1906407322654475,0.9651647597254014,0.35369107551487433,1.5146453089244893,0.833066361556071,1.423453089244851,3.8512585812356974,-2.7574370709382237,0.03546681922196804,-0.041189931350114506,0.22654462242562945,-0.13958810068649896,-0.4004576659038903,0.3661327231121283,-0.12356979405034318,0.22196796338672764,-0.014153318077803068,2.625,1.15,1.375,-0.8,0.07500000000000001,0
0.5680952380952373,0.2974523809523806,0.2856111111111115,-1.0119841269841316,-3.4469841269841233,-0.6146428571428568,-3.603174603174608,-3.8333333333333286,-0.02286507936507931,0.031746031746031855,0.12698412698412698,-1.341269841269841,-0.31746031746031766,-0.05555555555555536,-0.031746031746031744,-0.2619047619047619,-0.06580555555555556,3.1616161616161627,0.1717171717171717,0.30303030303030276,0.41414141414141414,0.19191919191919193,1
1.8220433436532506,1.391569659442725,0.5579442724458203,1.6757275541795664,-0.13811145510836198,1.2618359133126937,-13.541795665634666,0.49845201238389336,-0.07981114551083607,0.15170278637770895,-0.015479876160990669,-0.4922600619195041,-0.32507739938080515,-0.8080495356037156,-0.15170278637770895,-0.3777089783281734,-117.52972445820433,0.8888888888888893,0.6666666666666665,0.0,-0.5555555555555555,-0.6666666666666667,1
-0.9129411764705888,-0.6987647058823534,-0.21782352941176497,-0.6870588235294175,-2.8494117647058808,-1.7151176470588236,7.176470588235304,3.411764705882362,0.04529411764705876,0.11764705882352944,0.2941176470588236,0.35294117647058876,-0.23529411764705865,0.05882352941176494,-0.23529411764705876,-0.1764705882352941,62.41768750000001,1.3000000000000007,0.3500000000000001,0.3666666666666667,-0.21666666666666667,-0.15,0
0.1034736842105266,0.348394736842105,-0.32490789473684223,-0.81378947368421,0.5093947368421112,-0.820413157894737,-1.094736842105263,-1.0894736842105175,-0.002297368421052659,0.27105263157894743,0.18947368421052624,-1.181578947368422,-0.45789473684210513,-0.10526315789473673,0.09210526315789469,0.1763157894736842,-52.69373684210525,-0.8333333333333339,-1.1222222222222222,0.08888888888888902,-0.33333333333333326,0.7,1
-0.0660526315789478,-0.062233918128654864,-0.07525438596491196,-0.9321345029239811,-0.998274853801167,-0.3390263157894738,4.742690058479539,-7.7251461988304015,55.487833333333334,0.41520467836257313,0.6052631578947368,-2.8479532163742682,-0.32748538011695927,-1.3888888888888893,-0.47076023391812866,-0.06725146198830412,117.51987581699346,-1.4871794871794872,-0.24786324786324787,-1.2393162393162394,0.6324786324786325,0.46153846153846156,1
0.3288888888888888,-0.1257807017543855,0.3534035087719296,0.6031871345029245,2.2130994152046846,0.5379912280701754,-7.564327485380119,4.692982456140356,6.725146198827137e-05,0.1871345029239766,-0.2748538011695908,-0.011695906432747094,0.05263157894736836,-0.01754385964912286,-0.2807017543859649,-0.35672514619883045,-52.61070467836257,-3.5,-1.227272727272727,-2.0324675324675328,0.2272727272727273,0.2987012987012987,0
-1.1437222222222219,-0.7988666666666666,-0.1629666666666667,-2.8821111111111097,-1.4266666666666694,-1.8319166666666669,-4.833333333333329,-6.799999999999997,0.0073352941176469955,0.21666666666666679,0.1777777777777776,-0.5277777777777786,-0.11111111111111116,0.011111111111111072,0.13888888888888884,0.011111111111111127,49.954670588235295,0.7115384615384617,0.23076923076923084,0.46794871794871806,-0.39743589743589747,0.4551282051282051,1
-0.8739628482972126,-0.11776780185758495,-0.9151455108359126,-2.464365325077395,-2.5126934984520126,-1.7656099071207432,6.647058823529406,3.130030959752318,0.009130030959752178,-0.05572755417956654,0.10526315789473695,0.13312693498452077,-0.09287925696594446,0.003095975232198178,-0.13003095975232204,0.08978328173374617,69.38428472222222,0.16666666666666607,0.20000000000000018,-0.6666666666666665,0.09999999999999998,-0.09999999999999998,1
-0.4311684782608691,-0.19684510869565153,-0.22315760869565215,-1.297065217391303,-0.9814402173912988,-0.9754021739130432,5.269021739130437,-7.964673913043484,0.008220108695652262,0.07065217391304346,-0.013586956521739024,-0.6494565217391308,-0.41032608695652195,0.5733695652173911,-0.2255434782608695,0.07065217391304346,-0.005521739130434744,0.7777777777777786,1.5555555555555554,0.8888888888888888,0.0,0.11111111111111116,1
-1.5060526315789464,-0.7520394736842113,-0.7184210526315791,-3.293578947368422,-2.741052631578949,-1.7914763157894735,-4.168421052631572,-1.7473684210526272,55.46548245614035,-0.023684210526315752,-0.044736842105263186,-0.8368421052631572,0.044736842105262964,-0.1499999999999999,-0.17631578947368426,-0.18947368421052635,12.387080495356031,0.0,-0.3333333333333335,0.11111111111111116,0.44444444444444453,0.11111111111111116,0
0.45321052631578995,0.21906052631578965,0.11260526315789465,3.095578947368418,2.739184210526311,2.0228868421052635,-7.942105263157885,5.5315789473684305,-62.478757894736844,-0.24473684210526314,-0.3736842105263156,1.5421052631578949,0.4236842105263161,0.3578947368421055,0.40263157894736834,0.17368421052631577,-52.49563157894737,-3.01923076923077,-1.0384615384615383,-0.8333333333333335,-0.1858974358974359,-0.038461538461538436,0
-0.8943137254901954,-0.5873594771241835,-0.243823529411765,-0.5806535947712437,-2.1069607843137277,-0.5482745098039217,-0.941176470588232,6.545751633986939,0.03023202614379078,0.4281045751633987,0.12418300653594772,-0.006535947712418277,0.045751633986928386,0.30392156862745123,-0.10130718954248363,0.0326797385620915,-0.037249999999999894,-1.0,-0.36363636363636376,-0.1818181818181821,-0.4545454545454545,-0.2727272727272727,0
-0.7809999999999997,-0.257255555555556,-0.37866666666666715,-0.1384444444444437,-0.641277777777777,-1.0203999999999998,-10.111111111111114,3.0277777777777715,-0.047216666666666796,-0.5888888888888888,-0.6,2.4111111111111105,0.12222222222222223,1.0388888888888892,0.3944444444444444,-0.07222222222222219,-157.80105847953217,-1.4000000000000004,-0.8999999999999999,0.40000000000000036,-0.7999999999999999,0.10000000000000003,0
-0.7076470588235289,-0.4331176470588234,-0.4374117647058826,-1.146470588235296,-0.3317647058823461,-0.714764705882353,2.47058823529413,-6.17647058823529,-0.031176470588235194,-0.11764705882352922,-0.05882352941176472,-0.5882352941176467,-0.11764705882352944,-0.23529411764705888,0.23529411764705876,-0.2941176470588235,-62.480250000000005,-2.166666666666666,-1.1555555555555554,-1.0777777777777775,0.26666666666666683,0.2222222222222222,0
0.32400000000000073,0.2519999999999998,-0.026694444444444576,0.05922222222222828,1.2670555555555545,0.25901666666666645,3.0222222222222257,4.200000000000003,0.03337222222222225,0.2944444444444445,0.1777777777777776,-0.49444444444444535,-0.0777777777777775,-0.6111111111111112,-0.19444444444444442,0.15000000000000002,-52.599576023391805,-1.2888888888888896,0.04444444444444429,-0.31111111111111134,0.022222222222222254,0.04444444444444445,1
-0.8019999999999996,-0.7427444444444451,-0.15694999999999948,-2.042388888888887,-3.793000000000003,-0.7539666666666662,1.0444444444444372,2.7166666666666686,0.004472222222222322,0.27222222222222237,0.05555555555555558,-0.23888888888888893,-0.01666666666666683,0.10555555555555518,0.16666666666666663,-0.02777777777777779,9.845819078947365,2.009090909090908,1.3181818181818183,-0.20000000000000018,0.3727272727272728,0.0636363636363636,1
2.255775401069519,1.620775401069519,0.58342513368984,2.8794117647058837,1.4138502673796793,2.745122994652407,-11.692513368983953,0.917112299465245,-0.07384224598930483,0.03208556149732611,-0.32887700534759357,-0.7673796791443852,-0.042780748663101775,-0.13101604278074852,-0.07754010695187163,-0.08823529411764708,-117.50306417112299,-3.200000000000001,-0.20000000000000018,-0.6000000000000001,-0.5,0.0,0
0.583479532163742,0.419619883040935,-0.11980701754385947,2.4036842105263165,1.3154970760233908,1.5017719298245615,9.116959064327489,-5.096491228070164,0.036716374269005925,0.45614035087719307,0.5906432748538012,-0.961988304093568,-0.26315789473684204,0.29824561403508776,-0.17836257309941517,0.23391812865497075,58.78290092879257,1.6727272727272737,0.49090909090909074,1.3818181818181818,-0.21818181818181825,0.3181818181818182,1
-0.26274853801169584,0.023728070175438543,-0.10032456140350887,-0.4969005847953234,1.28622807017544,-0.9169298245614038,-10.228070175438589,-4.28947368421052,-0.03471207430340573,0.08771929824561409,0.067251461988304,-0.4093567251461998,-0.26900584795321647,0.5058479532163744,0.23099415204678353,0.1374269005847953,-0.10563467492260059,1.3636363636363633,-0.18181818181818166,-0.18181818181818166,0.8181818181818181,-0.36363636363636365,1
0.7892063492063492,0.5897857142857137,0.12600000000000033,-0.2553174603174604,-2.3003174603174656,-0.4253095238095237,0.34126984126984894,2.5,-0.00942063492063483,-0.0793650793650793,0.12698412698412698,-1.0634920634920642,-0.09523809523809534,-0.33333333333333304,-0.1428571428571428,0.015873015873015872,-0.025361111111111057,-0.1769230769230763,0.7538461538461538,1.2153846153846155,-0.42307692307692313,0.09230769230769231,0
-0.5562058823529403,-0.20640588235294088,-0.29180000000000006,-1.8857058823529371,0.42911764705881694,-0.4840735294117648,-3.617647058823536,-1.8882352941176492,0.00598235294117655,0.138235294117647,-0.1588235294117648,-1.2205882352941178,0.05882352941176472,-0.18823529411764728,0.16176470588235292,0.1647058823529412,-12.465737500000003,4.046153846153846,0.569230769230769,2.0384615384615383,0.2384615384615384,0.5,1
-0.03868421052631721,-0.2346973684210525,0.10052631578947357,1.4277894736842072,2.497368421052631,0.10284473684210549,2.905263157894737,-2.094736842105263,-0.031000000000000028,0.286842105263158,0.09736842105263155,-1.8473684210526322,-0.09736842105263155,-0.9552631578947373,-0.1394736842105263,-0.12631578947368416,105.15231578947369,-4.102272727272727,-0.23863636363636376,-1.3409090909090908,-0.38636363636363635,0.45454545454545453,1
1.04577205882353,0.724533088235294,0.256198529411765,2.709264705882358,3.5971691176470593,2.384691176470588,-9.371323529411768,-0.5110294117647101,-0.054613970588235305,-0.0808823529411764,-0.047794117647058876,-0.319852941176471,0.23897058823529393,-0.7830882352941178,0.13602941176470584,0.03676470588235292,0.025249999999999884,-3.070707070707071,0.09090909090909083,-1.323232323232323,-0.4747474747474748,-0.19191919191919193,0
1.5353157894736835,0.577323684210526,1.0527631578947363,4.641894736842101,2.957605263157891,3.2514657894736843,-14.099999999999994,-2.9947368421052545,-62.48849473684211,0.1763157894736842,-0.0052631578947368585,-0.6684210526315795,0.16052631578947407,-0.27368421052631575,0.24473684210526314,-0.0368421052631579,2.992356725146209,0.9555555555555557,0.16666666666666652,-0.5111111111111111,0.37777777777777777,-0.4444444444444444,0
-0.07526315789473692,0.03999999999999959,-0.02452631578947373,-0.8831578947368435,-1.6947368421052609,-0.28226315789473705,4.473684210526315,-7.578947368421055,55.48532456140351,0.42105263157894735,0.5789473684210525,-3.578947368421053,-0.5789473684210529,-1.1578947368421053,-0.5789473684210527,-0.2631578947368421,117.51297523219814,-1.7222222222222214,-1.011111111111111,-0.7888888888888888,0.14444444444444438,-0.06666666666666665,0
-0.30304347826086886,0.18216475972540058,-0.30951945080091514,0.7378032036613291,0.30622425629290717,0.4771899313501146,1.7986270022883275,-10.178489702517169,-0.0150068649885583,0.06407322654462244,0.22654462242562945,-1.2974828375286052,-0.4004576659038903,-0.05491990846681949,0.034324942791762014,0.2745995423340961,52.57579405034325,3.666666666666668,1.3333333333333335,1.666666666666667,0.22222222222222232,0.22222222222222227,1
-0.20901960784313633,-0.23859477124183037,0.003882352941176226,1.2175816993464057,0.5189215686274515,1.3809607843137255,-3.647058823529406,2.4869281045751706,-0.00017973856209152483,0.25163398692810457,-0.11111111111111116,0.3464052287581687,0.10457516339869288,0.30392156862745123,-0.042483660130718914,0.09150326797385616,-124.9020625,3.9230769230769234,0.6461538461538461,1.623076923076923,0.16153846153846152,0.16153846153846152,1
0.5665,0.4181444444444442,0.28763333333333296,1.7415555555555553,1.3922222222222231,0.8637500000000001,-1.6111111111111143,8.077777777777769,-0.022766666666666713,-0.4388888888888889,-0.3999999999999999,1.8611111111111107,0.22222222222222232,0.9888888888888894,0.19444444444444442,-0.12222222222222223,-49.96631111111111,-1.7333333333333343,-0.14444444444444482,0.46666666666666634,-1.0777777777777777,-0.4555555555555556,0
-0.7218823529411766,-0.3965588235294122,-0.32375,-2.439176470588233,-1.7449705882352902,-1.378914705882353,6.917647058823533,-5.005882352941171,-0.0005852941176470172,0.2617647058823531,0.3411764705882352,-1.1382352941176475,-0.18235294117647038,-0.5294117647058822,0.014705882352941124,-0.17352941176470585,-52.65119407894736,0.29999999999999893,-0.20000000000000018,-1.0,0.6000000000000001,0.09999999999999998,1
0.9063305322128858,0.5128935574229692,0.14525490196078428,0.3399439775910338,-0.7667226890756247,0.30852380952380964,-5.0280112044817855,-0.8039215686274446,-0.02008403361344524,-0.05322128851540597,-0.09523809523809534,-1.2857142857142856,-0.3305322128851542,-0.37254901960784315,-0.0056022408963585235,-0.23249299719887956,-62.494437500000004,1.09090909090909,0.0,-0.27272727272727293,0.4545454545454546,-0.09090909090909094,1
-0.24599999999999955,0.050799999999999734,-0.30544444444444463,1.3782222222222256,1.4370555555555526,0.11026666666666673,-9.777777777777771,2.75,-0.0308277777777779,-0.25555555555555554,-0.3222222222222223,1.3555555555555552,0.12222222222222223,0.03888888888888875,0.005555555555555536,0.15000000000000002,-157.8008918128655,2.011111111111111,0.8777777777777778,0.46666666666666634,0.30000000000000004,-0.13333333333333341,1
-0.2925263157894733,-0.07890526315789526,-0.3531078947368418,-1.2942894736842092,-1.1401052631578956,-1.2920631578947366,-4.294736842105266,-0.23947368421052317,-0.017197368421052683,-0.02894736842105261,-0.21052631578947367,0.018421052631579116,-0.007894736842105399,0.4447368421052631,0.3421052631578947,0.2763157894736842,-52.689473684210526,1.2307692307692317,0.15384615384615397,1.0,-0.6153846153846154,0.15384615384615385,1
-0.1847058823529406,-0.04765032679738557,-0.03299999999999992,-0.24859477124182838,0.4891176470588192,0.9690098039215689,-3.6732026143790932,3.5784313725490193,-0.014395424836601167,0.3104575163398693,-0.0032679738562091387,-1.359477124183007,-0.10784313725490202,-0.03267973856209183,0.07843137254901955,-0.01307189542483661,0.00924999999999443,1.7666666666666657,0.7111111111111112,0.10000000000000009,0.30000000000000004,0.0111111111111111,1
0.7840106951871659,0.5076577540106952,0.2568368983957221,2.0064705882352953,2.9414973262032085,1.833475935828877,-5.692513368983953,2.446524064171129,-0.02637165775401057,-0.3796791443850269,-0.6818181818181819,0.6443850267379663,0.427807486631016,0.5160427807486636,0.09893048128342252,0.14705882352941174,-124.86124431818182,1.5454545454545467,-0.09090909090909083,1.0909090909090908,-0.7272727272727273,0.09090909090909088,1
0.8723684210526308,0.2730921052631583,0.43752631578947376,2.525684210526313,1.9510526315789534,1.6960552631578947,15.694736842105257,-2.463157894736838,0.05278947368421055,0.33947368421052637,0.518421052631579,-1.5842105263157897,-0.41315789473684195,-0.21842105263157885,-0.1394736842105263,0.18947368421052635,105.14152631578948,-0.3545454545454554,-0.36363636363636354,0.9727272727272727,-0.19090909090909103,0.32727272727272727,1
-0.8247712418300654,-0.35622549019607885,-0.45666666666666655,-1.74173202614379,-1.865359477124187,-1.4485980392156863,7.839869281045765,-2.8725490196078454,-0.020513071895424784,-0.14379084967320255,0.1633986928104576,-0.3660130718954253,0.11764705882352944,-0.19607843137254877,0.0980392156862745,-0.04575163398692808,-0.011173611111111259,-1.6666666666666679,-0.02777777777777768,0.25,-0.41666666666666663,0.05555555555555558,1
-0.976,-0.5166444444444449,-0.4075,-0.24288888888889026,-1.9734999999999978,-0.43106666666666626,-8.555555555555557,0.4166666666666714,-0.0448277777777778,0.022222222222222365,-0.0444444444444444,0.41111111111111054,-0.26666666666666683,0.20555555555555527,0.11666666666666659,-0.12777777777777777,-95.35975986842107,-1.3333333333333321,-0.5555555555555554,-0.11111111111111116,-0.5555555555555556,0.33333333333333337,0
-0.3254248366013073,-0.10630392156862767,-0.3466568627450983,0.3093464052287551,-0.9936274509803944,-0.3672745098039214,8.392156862745097,8.32352941176471,0.04394117647058832,0.039215686274509665,-0.0424836601307188,-0.3398692810457504,-0.06535947712418277,-0.1405228758169934,-0.21241830065359468,-0.022875816993464027,-0.0027205882352939748,0.314685314685315,0.1678321678321677,-0.23076923076923084,0.3076923076923077,-0.2517482517482518,0
1.2344407894736835,0.4935361842105259,0.9236381578947364,3.375394736842104,3.4839802631578927,2.221065789473684,-13.3125,0.41776315789473983,-0.03333223684210518,0.1513157894736843,0.08223684210526305,-0.8059210526315788,0.2730263157894739,-0.7861842105263159,0.20723684210526316,-0.11184210526315791,55.50577777777779,-2.9499999999999993,0.75,-0.9750000000000001,-1.325,0.0,0
-0.07526315789473692,0.03999999999999959,-0.02452631578947373,-0.8831578947368435,-1.6947368421052609,-0.28226315789473705,4.473684210526315,-7.578947368421055,55.48532456140351,0.42105263157894735,0.5789473684210525,-3.578947368421053,-0.5789473684210529,-1.1578947368421053,-0.5789473684210527,-0.2631578947368421,117.51297523219814,0.47878787878787854,0.8484848484848484,-0.6303030303030304,-0.06666666666666665,-0.296969696969697,1
-1.0163636363636366,-0.5044162679425841,-0.3516913875598089,-0.8826315789473718,-2.6251196172248825,-0.8363397129186602,8.887559808612437,-8.208133971291872,0.02734688995215301,0.27751196172248815,0.7344497607655504,-0.6196172248803826,-0.5980861244019138,-0.3612440191387565,0.08373205741626788,0.07894736842105265,52.5524976076555,0.24615384615384706,-0.6692307692307691,0.2384615384615385,0.1692307692307693,0.1384615384615384,1
-0.27971014492753454,-0.05967149758454093,-0.21078260869565213,0.8315458937198112,0.5087681159420328,0.8610144927536232,-5.043478260869563,-1.9299516908212553,-0.016161835748792264,0.4178743961352658,0.06280193236714982,-0.9758454106280201,-0.12560386473429963,0.09420289855072461,-0.1908212560386473,0.14009661835748788,-0.017521739130434755,0.8888888888888875,0.6666666666666665,-0.22222222222222232,0.11111111111111116,0.11111111111111116,1
1.9226842105263167,1.245797368421053,0.7059736842105264,4.0782105263157895,1.2881315789473682,3.429255263157894,-2.205263157894734,1.7947368421052659,-62.42791578947369,-0.08684210526315805,0.15263157894736856,0.6473684210526311,-0.10263157894736818,0.30526315789473735,0.1394736842105263,0.2263157894736842,-52.522052631578944,1.9666666666666668,0.37777777777777777,1.1777777777777776,-0.28888888888888875,0.2777777777777778,1
-1.1511111111111099,-0.8363333333333332,-0.08583333333333387,-2.2394444444444446,-1.1072222222222194,-1.2581666666666667,-2.333333333333343,8.6111111111111,-0.0062777777777778265,-0.5555555555555556,-0.7222222222222222,1.3888888888888893,0.22222222222222232,0.7222222222222228,0.33333333333333326,-0.16666666666666663,-58.774169934640526,1.257142857142858,0.4714285714285713,0.6142857142857143,-0.22857142857142865,-0.08571428571428569,0
0.5452941176470598,0.5197941176470591,0.06905555555555543,1.3725163398692874,3.8996732026143697,1.5103431372549019,-4.895424836601308,5.911764705882348,-0.0003954248366012658,0.03267973856209139,-0.28104575163398704,-0.4150326797385624,0.28104575163398704,-0.19934640522875835,-0.0326797385620915,0.2647058823529412,-62.43188194444445,5.193181818181818,1.9431818181818183,1.7045454545454546,-0.25,-0.07954545454545453,1
0.1177089783281744,0.3118359133126938,-0.43856965944272486,0.4789164086687272,1.9226006191950553,-0.156263157894737,-5.541795665634666,-2.2600619195046363,-0.032888544891640836,-0.1083591331269349,-0.21052631578947367,-0.6315789473684212,-0.3931888544891642,0.18885448916408665,0.31269349845201233,0.05572755417956654,-62.522792763157895,2.5530303030303028,0.7272727272727271,0.4242424242424241,0.25757575757575746,0.3787878787878788,1
-1.1734999999999993,-0.9015000000000004,-0.4157499999999996,-3.6794999999999956,-3.853000000000005,-2.2070499999999997,1.0999999999999943,-2.75,0.02485000000000004,0.10000000000000009,-0.10000000000000009,-0.09999999999999964,0.1499999999999999,-0.050000000000000266,0.25,0.15000000000000002,-2.6291684210526327,1.666666666666666,0.08333333333333304,0.9166666666666665,-0.08333333333333326,0.5,1
0.8723684210526308,0.2730921052631583,0.43752631578947376,2.525684210526313,1.9510526315789534,1.6960552631578947,15.694736842105257,-2.463157894736838,0.05278947368421055,0.33947368421052637,0.518421052631579,-1.5842105263157897,-0.41315789473684195,-0.21842105263157885,-0.1394736842105263,0.18947368421052635,105.14152631578948,-1.6262626262626263,0.6868686868686869,-0.6565656565656561,-0.2121212121212121,0.4343434343434343,1
-0.7435294117647056,-0.6343529411764706,-0.12847058823529411,-0.8582352941176463,0.8635294117647057,-0.9981764705882357,2.52941176470587,5.470588235294116,0.06694117647058834,-0.3529411764705883,-0.2941176470588236,1.7647058823529402,0.47058823529411775,0.7058823529411766,0.17647058823529416,0.4117647058823529,117.57244485294117,1.9454545454545453,1.1545454545454548,0.6909090909090909,-0.2272727272727273,-0.06363636363636366,1
-0.3598692810457518,-0.24246078431372542,0.0989509803921571,-2.1075816993464045,-1.6322549019607848,-1.5619607843137258,-5.686274509803923,-4.264705882352942,-0.013529411764706012,0.1372549019607845,0.2777777777777777,-0.013071895424836555,0.006535947712418277,0.1405228758169934,0.15359477124182996,-0.03594771241830064,124.86753308823529,2.507575757575758,0.8863636363636362,0.5984848484848482,0.4318181818181819,-0.14393939393939398,1
-0.5088888888888885,-0.27511111111111153,-0.2616666666666665,-0.8644444444444446,-2.263888888888893,-0.35199999999999987,5.166666666666671,4.0,-0.0005555555555554204,0.16666666666666674,0.2777777777777779,-0.6666666666666679,-0.16666666666666674,-0.11111111111111116,0.0,0.0,62.48157638888889,-0.6666666666666661,-0.11111111111111116,-0.11111111111111116,-0.2222222222222222,-0.1111111111111111,0
0.32209523809523777,0.3482523809523803,-0.019833333333333147,0.3662380952380939,-2.0099285714285706,-0.5043761904761901,-13.38095238095238,-1.0833333333333286,-0.05369285714285721,-0.22380952380952368,-0.19523809523809532,0.014285714285714235,-0.19523809523809543,-0.016666666666666607,-0.02619047619047621,-0.1119047619047619,-157.86669736842106,-3.9523809523809526,-1.7738095238095237,-0.8095238095238093,-0.8452380952380953,-0.34523809523809523,0
-0.45321052631578995,-0.21906052631578965,-0.11260526315789465,-3.095578947368418,-2.739184210526311,-2.0228868421052635,7.942105263157885,-5.5315789473684305,62.478757894736844,0.24473684210526314,0.3736842105263156,-1.5421052631578949,-0.4236842105263161,-0.3578947368421055,-0.40263157894736834,-0.17368421052631577,52.49563157894737,0.5999999999999996,-0.8999999999999999,-0.6000000000000001,0.3,-0.3,1
0.010294117647059675,0.21173856209150332,-0.004166666666667096,-0.14415032679738182,1.82133986928104,0.37967647058823534,-5.22875816993465,6.189542483660119,-0.016784313725490163,-0.30065359477124187,-0.5588235294117647,0.640522875816993,0.28104575163398704,0.8006535947712421,0.35620915032679734,0.04248366013071897,-62.432048611111114,-0.1307692307692303,0.34615384615384626,1.0538461538461537,-0.29230769230769227,-0.038461538461538436,0
-1.542455242966751,-0.9341943734015343,-0.5412531969309462,-1.2589769820971828,1.5174936061381104,-1.431593350383632,4.603580562659843,-2.887468030690542,0.031488491048593525,-0.24552429667519182,-0.17902813299232734,0.08951406649616267,0.24040920716112524,0.4373401534526855,0.02813299232736577,0.28388746803069054,117.52636061381074,-0.022222222222222143,0.8333333333333335,0.2333333333333334,0.21111111111111125,-0.0444444444444444,1
0.08995215311004667,-0.3898899521531103,0.6583086124401905,0.4578947368420998,-0.42880382775119585,-0.06786602870813385,-0.9545454545454533,-5.576555023923447,0.01724162679425839,0.43540669856459346,0.5765550239234449,-0.777511961722487,-0.3349282296650715,-0.5191387559808618,0.031100478468899517,-0.2368421052631579,55.476959595959606,3.0555555555555554,0.6000000000000001,-0.022222222222222143,0.6111111111111112,0.0444444444444444,1
0.20266666666666566,0.15638888888888935,0.12175000000000002,1.2068888888888853,1.890166666666662,0.08448333333333347,0.20000000000000284,-1.4222222222222314,-0.01870555555555553,-0.5722222222222224,-0.28888888888888875,0.43888888888889,0.0777777777777775,0.16666666666666652,0.02777777777777779,-0.09444444444444444,52.62263157894736,-1.3499999999999996,0.4500000000000002,0.25,-0.44999999999999996,-0.2,0
-0.8366374269005838,-0.4318830409356722,-0.310824561403509,-1.5957894736842135,0.21345029239766689,-1.2069298245614037,-6.116959064327489,3.0438596491228083,-0.025558479532163836,-0.2456140350877194,-0.4327485380116959,-0.3538011695906427,-0.1578947368421053,0.22807017543859676,0.23099415204678353,0.08187134502923976,-58.86816408668731,-3.787878787878789,-1.262626262626263,-0.5454545454545454,-0.12121212121212122,-0.3939393939393939,0
-0.33988970588235246,-0.33012132352941115,-0.24778676470588268,-2.0427941176470625,-1.9671691176470496,-1.2567499999999998,5.665441176470594,-5.783088235294116,0.012496323529411879,-0.15441176470588225,-0.1875,0.4375,-0.2977941176470589,0.6066176470588234,0.15808823529411764,-0.09558823529411764,-62.439687500000005,0.9861111111111107,0.01388888888888884,-0.04166666666666652,-0.05555555555555558,0.4305555555555556,0
-0.5514999999999994,-0.5596473684210523,-0.16706315789473702,-1.8983684210526288,-0.11078947368421055,-1.267092105263158,-2.3421052631578902,3.226315789473688,0.019889473684210568,0.18157894736842106,-0.15263157894736856,-0.5394736842105257,0.05263157894736836,-0.28421052631578947,-0.19736842105263153,-0.17894736842105263,-2.6041157894736813,-1.344444444444445,-1.1111111111111112,0.14444444444444482,-0.4,-0.0888888888888888,0
1.5060526315789464,0.7520394736842113,0.7184210526315791,3.293578947368422,2.741052631578949,1.7914763157894735,4.168421052631572,1.7473684210526272,-55.46548245614035,0.023684210526315752,0.044736842105263186,0.8368421052631572,-0.044736842105262964,0.1499999999999999,0.17631578947368426,0.18947368421052635,-12.387080495356031,1.7967032967032965,0.4505494505494503,0.27472527472527464,0.33516483516483514,0.17032967032967036,1
-0.20044817927170833,-0.11848179271708625,-0.13684313725490194,0.3265266106442617,2.3967226890756343,0.8194173669467786,1.3221288515406115,-5.4901960784313815,-0.022033613445378186,-0.18207282913165268,-0.14005602240896353,1.4033613445378146,0.2717086834733893,0.19607843137254877,0.299719887955182,0.17366946778711484,0.07999999999999985,1.09090909090909,0.5454545454545456,0.27272727272727293,-0.09090909090909094,0.2727272727272727,1
0.36622222222222245,0.32466666666666644,-0.22458333333333336,-0.31688888888888656,-0.7768333333333288,0.0965166666666668,9.133333333333326,3.200000000000003,0.03241470588235307,0.18333333333333335,0.12222222222222223,-0.7722222222222221,-0.18888888888888866,-0.6111111111111112,-0.13888888888888884,0.03888888888888892,-52.588102167182655,-2.533333333333333,-0.7999999999999998,-1.0499999999999998,-0.43333333333333346,0.15000000000000002,0
-0.911052631578948,-0.5077894736842108,-0.3370000000000002,-1.0978947368421057,0.5463157894736774,-1.5932105263157892,-12.78947368421052,0.3684210526315752,-0.08378947368421058,-0.05263157894736836,-0.42105263157894746,-0.2631578947368425,0.3157894736842104,-0.7368421052631584,0.0,-0.3157894736842105,0.010789473684210349,-1.9000000000000004,-0.3999999999999999,-0.20000000000000018,-0.30000000000000004,0.1,0
-0.2788329519450792,-0.061572082379862,-0.23967734553775744,0.5320137299771179,2.2841189931350137,0.01708466819221993,-1.885583524027453,0.979405034324941,-0.015375286041189873,-0.1990846681922196,-0.29977116704805473,0.7551487414187648,0.12585812356979398,0.41876430205949644,0.13958810068649885,0.16933638443935922,0.012267734553775944,-0.8181818181818183,1.1616161616161618,0.6767676767676769,-0.22222222222222232,-0.2121212121212121,1
-0.5842352941176481,-0.16464117647058885,-0.16508823529411742,0.026294117647060133,-1.243205882352946,-0.8128999999999997,-8.352941176470594,-0.279411764705884,-0.03360882352941197,-0.1705882352941177,-0.09999999999999998,1.2999999999999998,0.1352941176470588,0.35588235294117654,-0.020588235294117685,0.12058823529411766,-95.37225986842105,0.3222222222222211,0.6777777777777776,0.7888888888888888,-0.24444444444444446,0.5,0
0.22111111111111192,0.2923333333333331,-0.15961111111111115,0.7566666666666713,1.1466666666666576,0.18933333333333313,3.944444444444457,6.333333333333329,0.013444444444444481,-0.11111111111111116,0.0,0.2777777777777768,0.22222222222222232,-0.2777777777777777,-0.11111111111111105,0.2777777777777778,0.040444444444444505,-2.4499999999999993,-0.5,0.4249999999999998,-1.3,0.4,1
-1.3461111111111101,-1.095722222222222,-0.1146666666666667,-2.343888888888891,-2.4394444444444403,-0.6688333333333332,-0.7777777777777857,6.0,-0.0038888888888888307,0.05555555555555558,-0.16666666666666663,-0.6111111111111107,-0.16666666666666674,-0.11111111111111116,0.05555555555555547,-0.2222222222222222,3.6671286764705826,-1.4999999999999991,-0.41666666666666674,0.16666666666666696,-0.16666666666666663,-0.25,0
0.09871657754010688,0.15889304812834215,0.009131016042780882,0.20823529411764596,0.31561497326202925,-0.09575935828877014,-2.9866310160427787,6.505347593582897,0.004040106951871736,-0.20320855614973277,-0.446524064171123,0.2914438502673793,0.3689839572192515,0.5160427807486636,0.0401069518716578,0.08823529411764708,0.0035681818181819702,-2.878787878787879,-0.08080808080808088,-1.3838383838383836,-0.19191919191919193,-0.1717171717171717,0
-0.4523333333333346,-0.22096111111111072,-0.14149999999999996,-3.3951111111111114,-0.96383333333333,-2.866816666666667,11.099999999999994,-2.6222222222222342,62.47954444444444,-0.37222222222222223,0.011111111111111072,0.18888888888889,-0.1722222222222225,-0.03333333333333366,-0.07222222222222219,-0.14444444444444443,52.52542105263158,2.166666666666666,1.0,1.083333333333333,-0.08333333333333337,0.25,1
1.60219814241486,0.5965325077399382,1.1132631578947363,2.479071207430337,1.8485758513931891,1.6790804953560372,-10.117647058823536,0.8111455108359138,0.010340557275541895,0.11455108359133126,-0.04643962848297223,0.21981424148606798,0.09287925696594446,0.05572755417956632,0.13003095975232204,0.08668730650154796,55.54634027777779,4.584615384615384,1.0615384615384615,1.5538461538461537,0.18461538461538463,0.4230769230769231,1
-1.2613312693498457,-0.786241486068112,-0.5683560371517027,-1.9006811145510838,-0.8432198142414897,-1.9433993808049532,-5.247678018575854,-1.6594427244582022,-0.05144891640866878,0.20743034055727572,-0.052631578947368474,-1.1826625386996898,0.1702786377708978,-0.5758513931888549,-0.024767801857585203,-0.17337461300309592,124.89869407894737,-1.8888888888888893,1.2222222222222223,-0.5277777777777777,-0.25,0.0,1
1.111286764705882,0.7373492647058828,0.31809558823529405,-0.03808823529412031,-2.498933823529409,0.4561911764705887,0.6654411764705941,-5.077205882352942,-0.023268382352941264,0.3161764705882353,0.1654411764705883,-0.7389705882352935,-0.6507352941176472,0.13602941176470562,-0.2536764705882353,-0.21323529411764708,-117.53188235294117,4.761363636363637,-0.7840909090909092,2.4431818181818183,0.2727272727272727,0.1590909090909091,1
-0.6069999999999993,-0.4833555555555562,-0.12811666666666666,-1.9379444444444403,-2.460777777777782,-1.3432999999999997,-0.51111111111112,5.327777777777769,0.002083333333333326,-0.3388888888888888,-0.5,1.761111111111111,0.37222222222222223,0.9388888888888891,0.4444444444444444,0.02777777777777779,-52.59547953216374,-3.3636363636363633,-1.272727272727273,-1.0909090909090908,-0.09090909090909094,-0.09090909090909094,0
0.3247678018575857,0.6161888544891643,-0.22915789473684223,0.4995046439628492,3.1420123839009264,0.43091331269349836,-9.012383900928796,0.6222910216718276,-0.03606501547987617,0.009287925696594312,-0.2693498452012384,-1.102167182662539,-0.09907120743034059,0.3065015479876161,0.2538699690402476,0.29102167182662536,-62.526042763157896,0.13333333333333464,0.31111111111111134,-0.31111111111111134,0.6,-0.26666666666666666,0
-0.17999999999999972,-0.400891812865497,0.09173684210526312,-0.2612573099415201,-0.050789473684208275,0.18599122807017554,-2.3976608187134474,8.692982456140356,-0.000488304093567149,0.35380116959064334,0.0029239766081871066,-0.678362573099415,-0.11403508771929838,-0.12865497076023402,-0.2807017543859649,-0.35672514619883045,9.870871710526316,-2.25,-0.1439393939393936,-1.5984848484848482,0.19696969696969702,0.037878787878787956,0
-0.28917874396135357,-0.42138405797101486,0.31361594202898546,-1.72154589371981,-1.622101449275366,-1.0420144927536235,-4.289855072463766,0.15217391304348382,0.002452685421994727,-0.02898550724637672,0.1038647342995167,1.3091787439613523,0.2367149758454108,0.35024154589372003,0.30193236714975835,-0.08454106280193235,-0.017007672634271165,0.5277777777777786,-0.8333333333333335,-0.125,0.5416666666666667,-0.04166666666666663,0
0.3566315789473684,0.3606578947368422,0.10572368421052625,-1.621684210526313,-1.0195526315789465,-1.115255263157895,-4.094736842105263,0.9631578947368382,-0.013455263157894748,0.06052631578947376,0.03157894736842093,0.13421052631578867,-0.03684210526315779,-0.6315789473684212,0.03947368421052633,-0.1394736842105263,-52.608473684210516,-2.0444444444444443,-1.6222222222222222,-0.9333333333333331,0.16666666666666663,0.7,0
0.33690476190476115,0.08429761904762012,0.2843333333333331,1.8567619047619033,3.1114285714285757,0.9364261904761901,12.180952380952377,-1.8666666666666742,0.028827067669172868,0.07380952380952377,0.24523809523809537,0.38571428571428523,-0.05476190476190457,-0.18333333333333357,0.1261904761904762,0.16190476190476194,105.19843421052632,-1.1818181818181817,0.21818181818181825,-0.8636363636363638,0.31818181818181823,0.06363636363636366,0
0.7838529411764701,0.5564058823529412,0.2619176470588238,0.7745294117647052,-0.2055882352941154,0.2699558823529412,-0.8529411764705941,2.535294117647055,-0.020864705882353007,-0.07941176470588229,0.10000000000000009,0.514705882352942,0.11764705882352944,0.12941176470588234,0.014705882352941124,-0.047058823529411764,74.9128625,-1.083333333333334,0.6666666666666665,-0.08333333333333304,0.0,-0.5833333333333333,0
-0.1171241830065366,0.07689215686274453,-0.019254901960783943,-0.5952614379084942,-1.533594771241841,-0.7338333333333333,5.3692810457516345,3.3039215686274446,0.01066339869281041,-0.026143790849673332,0.22222222222222232,0.22222222222222143,0.23529411764705888,0.03921568627451011,-0.13725490196078427,0.24836601307189543,62.469076388888894,-0.5138888888888893,0.25,0.3472222222222223,0.16666666666666663,-0.3055555555555556,1
-0.6161111111111097,-0.5282777777777774,-0.01261111111111135,-0.7227777777777753,0.9711111111111101,-0.12750000000000017,-2.0,8.333333333333329,0.01011111111111107,-0.22222222222222232,-0.44444444444444453,0.3333333333333339,0.22222222222222232,-0.2777777777777777,-0.05555555555555558,0.05555555555555558,-58.77400326797386,-4.2,-1.2833333333333334,-1.2833333333333334,-0.19999999999999996,-0.38333333333333336,0
-0.018627450980393423,-0.11140522875816994,0.026000000000000023,-0.10640522875817382,-0.7424509803921531,-1.166843137254902,8.117647058823536,-3.1339869281045765,0.015062091503267983,-0.3104575163398693,0.16993464052287588,0.35947712418300704,-0.28104575163398704,-0.2450980392156863,-0.13398692810457513,-0.2091503267973856,62.45493750000001,0.8000000000000007,0.5999999999999996,1.1,-0.30000000000000004,0.2,1
-0.5760371517027867,-0.43747678018575886,-0.32065015479876147,-0.10244582043343442,1.7826625386996895,-0.014164086687306066,-7.953560371517028,-5.71826625386997,-0.08186068111455108,0.03095975232198156,-0.28792569659442735,-0.8297213622291029,0.2291021671826623,-0.5758513931888549,0.034055727554179516,-0.11455108359133126,0.03388157894736821,-1.7363636363636363,-0.8272727272727274,-0.40909090909090917,-0.5454545454545454,0.3545454545454545,0
-0.8627777777777768,-0.30908333333333404,-0.7678333333333334,-1.2208888888888865,-1.7083333333333357,-0.48428333333333295,-2.4666666666666686,4.700000000000003,-0.006919504643962737,-0.21666666666666679,-0.4277777777777777,0.6777777777777789,0.26111111111111107,0.23888888888888893,-0.03888888888888886,-0.011111111111111127,-105.12115479876161,-1.662337662337663,-1.701298701298701,-0.9155844155844155,0.24675324675324684,0.038961038961038974,0
2.3457275541795655,1.2308854489164087,1.2417337461300304,3.3373065015479835,0.9850464396284835,2.677256965944273,-12.647058823529406,-4.659442724458202,-0.05660061919504644,0.4674922600619196,0.24767801857585137,-1.5448916408668723,-0.3777089783281733,-0.6501547987616103,-0.04643962848297212,-0.325077399380805,-62.02610457516339,1.1111111111111107,-0.11111111111111116,0.0,0.0,-0.1111111111111111,1
-0.32209523809523777,-0.3482523809523803,0.019833333333333147,-0.3662380952380939,2.0099285714285706,0.5043761904761901,13.38095238095238,1.0833333333333286,0.05369285714285721,0.22380952380952368,0.19523809523809532,-0.014285714285714235,0.19523809523809543,0.016666666666666607,0.02619047619047621,0.1119047619047619,157.86669736842106,0.22222222222222143,0.33333333333333304,0.33333333333333304,-0.4444444444444444,-0.5555555555555556,1
-0.6219999999999999,-0.3418526315789481,-0.2486868421052626,-1.7811315789473667,-3.7422105263157945,-0.9399578947368418,3.4421052631578846,-5.976315789473688,0.004960526315789471,-0.08157894736842097,0.052631578947368474,0.439473684210526,0.09736842105263155,0.2342105263157892,0.4473684210526315,0.32894736842105265,-0.025052631578951434,0.9487179487179489,-0.17948717948717974,0.3397435897435894,-0.05769230769230771,-0.025641025641025605,1
0.14312500000000083,0.23750694444444398,0.03420833333333295,1.8780555555555587,2.5690972222222186,1.0492499999999998,-7.423611111111114,9.090277777777771,-0.026104166666666706,-0.26388888888888884,-0.3125,0.6736111111111107,0.2847222222222223,0.07638888888888928,0.2569444444444444,-0.09722222222222221,0.010888888888888948,-2.4444444444444446,0.011111111111111072,-0.6666666666666665,-0.2777777777777778,-0.05555555555555558,0
-0.5094736842105263,-0.6638391812865498,0.1961578947368423,-0.7480994152046776,-2.652894736842107,0.5380964912280705,5.339181286549703,2.9561403508771917,0.021669590643275005,0.301169590643275,0.26608187134502925,-0.25730994152046804,-0.00877192982456143,-0.3391812865497079,-0.17543859649122806,-0.30409356725146197,62.53529276315789,2.435897435897436,0.14743589743589758,1.7756410256410258,-0.17948717948717952,0.019230769230769218,1
-0.43370588235294116,-0.10955588235294078,-0.16749999999999998,-3.2887058823529376,-0.22138235294117692,-1.6999735294117646,2.982352941176458,0.5117647058823422,62.464482352941175,-0.061764705882352944,-0.1588235294117648,-0.17058823529411704,0.10882352941176454,0.21176470588235263,0.061764705882352944,0.06470588235294117,-9.929516447368428,3.686868686868687,1.323232323232323,0.27272727272727293,0.07070707070707061,0.2828282828282829,1
1.1341315789473678,0.8348578947368424,0.4932736842105263,1.5773157894736833,1.1839473684210517,0.6201447368421052,-8.39473684210526,4.5631578947368325,-0.05320526315789481,-0.33947368421052637,-0.2684210526315789,1.4342105263157894,0.26315789473684204,-0.03157894736842115,0.03947368421052633,-0.18947368421052635,-49.97504210526316,-3.3076923076923075,-0.23076923076923084,-1.4615384615384612,-0.07692307692307687,-0.07692307692307693,0
-0.7903636363636366,-0.5898636363636363,-0.13120454545454585,0.4179999999999957,-0.5324090909090948,-0.36803181818181807,2.2454545454545496,-1.3818181818181898,0.007486363636363513,0.05909090909090908,0.28181818181818197,0.14090909090909243,-0.2454545454545456,-0.04545454545454586,-0.11363636363636365,-0.15000000000000002,52.58181339712918,1.1000000000000014,-0.10000000000000009,-0.8999999999999999,0.4,0.0,1
0.09653594771241814,-0.12253921568627435,0.2585490196078428,1.727026143790848,2.5294771241830105,1.5351274509803923,-4.3692810457516345,-1.0686274509803866,0.0010424836601307108,0.08496732026143783,-0.22222222222222232,0.013071895424836555,-0.11764705882352944,0.13725490196078427,-0.0980392156862745,-0.13071895424836605,-124.91945138888889,-1.0,-0.44444444444444464,-0.11111111111111116,-1.1111111111111112,0.2222222222222222,0
-0.601052631578948,-0.3702894736842106,-0.14847660818713448,-2.4488011695906504,-3.0766081871344966,-1.4696929824561402,4.409356725146196,-7.44736842105263,55.471444444444444,0.08187134502923987,0.32748538011695916,-1.7923976608187129,-0.32748538011695927,-0.38888888888888884,-0.08187134502923982,-0.2894736842105263,117.51970915032679,2.877777777777778,0.6444444444444448,0.8444444444444446,0.7333333333333333,0.0444444444444444,1
0.5200928792569663,0.23826934984520176,0.17310526315789465,0.9327554179566544,1.630154798761609,0.45050154798761616,-3.9597523219814263,9.337461300309599,0.02007739938080494,-0.3065015479876161,-0.414860681114551,2.4303405572755423,0.3560371517027865,0.6873065015479876,0.28792569659442724,0.29721362229102166,0.058351973684210856,0.25,-0.016666666666666607,0.5333333333333337,-0.2333333333333334,0.4166666666666667,0
0.19676470588235162,0.09261437908496717,0.21357843137254973,0.16473856209150384,-0.601928104575169,0.20750000000000002,1.7581699346405202,-3.3071895424836555,0.013607843137254827,0.4183006535947711,0.5,-1.1111111111111107,0.013071895424836555,-0.6830065359477127,-0.41503267973856206,0.19281045751633985,62.42879861111111,0.6230769230769226,0.8230769230769228,-0.03076923076923066,-0.07692307692307687,1.0,1
1.0976470588235294,0.746415032679739,0.2508235294117649,0.9356535947712459,2.3602941176470615,0.7461078431372548,-3.503267973856211,-6.9901960784313815,-0.030898692810457595,-0.4281045751633987,-0.29084967320261446,1.0065359477124183,0.3431372549019607,-0.02614379084967311,0.1568627450980392,0.1895424836601307,-62.4269375,2.8076923076923084,1.1703296703296704,0.4835164835164836,0.3406593406593407,-0.2747252747252747,1
0.009590643274854038,-0.03599122807017574,-0.3303070175438596,1.3047953216374264,0.24271929824561767,1.2117719298245617,13.228070175438589,2.2368421052631646,0.045869969040247816,0.12280701754385959,0.0906432748538013,-0.9064327485380108,-0.15204678362573087,0.02046783625731008,-0.17836257309941517,0.17836257309941522,0.020371517027863884,0.5333333333333332,-0.34444444444444455,-0.47777777777777786,0.2777777777777778,0.25555555555555554,0
-0.8032723112128144,-0.2966910755148744,-0.7004805491990842,-2.0783295194508007,-2.502540045766594,-1.2456636155606409,8.043478260869563,7.546910755148744,0.025112128146452917,-0.22196796338672775,-0.06864988558352403,1.4553775743707096,0.13729977116704806,0.2128146453089248,0.01830663615560635,0.04118993135011445,-55.50025603864735,1.4786324786324787,0.5726495726495728,1.05982905982906,-0.14529914529914534,0.4700854700854701,0
-0.6976842105263161,-0.6672473684210529,-0.16397368421052638,-0.79521052631579,1.3958684210526258,-0.32920526315789456,4.10526315789474,0.8552631578947398,-0.0061342105263156865,0.4368421052631579,0.047368421052631504,-2.2473684210526317,0.15263157894736845,-0.7552631578947371,-0.23947368421052628,-0.1763157894736842,157.82057894736843,2.313131313131313,0.8989898989898992,1.8888888888888893,-0.3737373737373738,-0.393939393939394,0
-0.49609523809523814,-0.12215238095238012,-0.23071666666666735,1.4332619047619026,3.8294285714285756,0.82727619047619,3.7809523809523853,-1.2166666666666686,0.004392857142857087,-0.02619047619047632,0.09523809523809534,0.6357142857142852,-0.05476190476190457,0.1166666666666667,-0.023809523809523836,0.011904761904761918,52.661118421052635,-1.8545454545454554,0.0,-0.49090909090909074,-0.0636363636363636,0.06363636363636366,0
-1.4549999999999992,-0.5483026315789483,-0.763736842105263,-2.2046315789473674,-3.0242105263157946,-1.0491078947368417,-4.957894736842107,-5.326315789473682,-0.01947368421052631,-0.18157894736842106,-0.09736842105263155,0.689473684210526,0.09736842105263155,0.5342105263157895,0.2973684210526315,0.17894736842105263,-52.56236842105264,3.4615384615384617,0.28671328671328666,0.8531468531468529,0.35664335664335667,-0.09790209790209792,1
-1.1427777777777761,-0.9366666666666665,-0.1076666666666668,-1.988888888888889,-2.1861111111111065,-0.4710000000000001,-5.2222222222222285,5.555555555555557,-0.004555555555555646,0.05555555555555558,-0.33333333333333337,0.3888888888888893,0.22222222222222232,0.16666666666666696,0.11111111111111105,0.0,-58.79705882352942,-2.791666666666666,-1.2222222222222223,-2.0972222222222223,0.41666666666666663,-0.3888888888888889,0
0.5562058823529403,0.20640588235294088,0.29180000000000006,1.8857058823529371,-0.42911764705881694,0.4840735294117648,3.617647058823536,1.8882352941176492,-0.00598235294117655,-0.138235294117647,0.1588235294117648,1.2205882352941178,-0.05882352941176472,0.18823529411764728,-0.16176470588235292,-0.1647058823529412,12.465737500000003,-0.8555555555555561,0.5222222222222221,-0.2777777777777777,0.43333333333333346,-0.14444444444444443,1
-0.09712074303405593,-0.26618885448916396,0.19927554179566598,-1.610681114551081,-2.918482972136225,-0.6450309597523219,4.541795665634666,0.02476780185757832,0.021182662538699715,0.049535603715170407,0.21052631578947367,0.39628482972136325,0.27554179566563475,-0.365325077399381,-0.07739938080495357,-0.17337461300309592,124.9731677631579,3.25,1.116666666666667,1.3333333333333335,0.25,0.6666666666666667,1
1.568300653594771,0.9905784313725494,0.5851372549019607,2.5999673202614364,1.0018300653594814,2.446774509803922,-10.369281045751634,-2.5980392156862706,-0.046428104575163553,0.49673202614379086,0.130718954248366,-1.398692810457515,-0.5882352941176472,-0.5098039215686279,-0.27450980392156865,-0.36601307189542487,-117.56127124183006,-4.961538461538462,-1.9846153846153847,-0.7923076923076926,-0.6153846153846154,-0.046153846153846156,0
0.37794736842105303,0.25906052631578924,0.08807894736842092,2.2124210526315746,1.04444736842105,1.7406236842105263,-3.4684210526315695,-2.0473684210526244,-6.993433333333336,0.1763157894736842,0.20526315789473693,-2.0368421052631582,-0.15526315789473677,-0.7999999999999998,-0.17631578947368426,-0.08947368421052632,65.01734365325078,1.4615384615384617,0.15384615384615397,1.2307692307692308,0.0,0.4615384615384615,1
-0.9921531100478469,-0.7481531100478467,-0.2818492822966512,-1.088421052631583,-0.647224880382776,-1.2964449760765548,5.2033492822966565,2.949760765550238,0.026978468899521435,0.014354066985646119,0.20813397129186617,1.4330143540669873,-0.07177033492822948,0.11244019138755945,0.18899521531100472,-0.026315789473684237,-0.011028708133971166,-0.49090909090909207,0.18181818181818166,0.10909090909090935,-0.6818181818181818,0.12727272727272732,1
0.519215686274511,0.24016993464052283,0.20199999999999996,1.2322875816993477,-0.14519607843137194,1.2944313725490195,-7.117647058823536,6.4281045751634025,0.019290849673202548,0.3104575163398693,-0.05228758169934644,0.6993464052287575,0.10457516339869288,0.36274509803921573,-0.042483660130718914,0.26797385620915026,0.028562500000000157,-2.551282051282051,-0.7307692307692308,-0.3653846153846154,-0.9743589743589745,0.019230769230769218,0
0.07704347826086888,-0.09671739130434842,0.0890326086956521,-2.0384347826086966,-2.398934782608695,-0.9454978260869566,4.84347826086956,3.3521739130434867,0.034867391304347795,0.15434782608695663,0.22608695652173894,0.5369565217391301,0.04782608695652213,-0.26086956521739113,0.1630434782608695,-0.04565217391304344,-52.605109839816926,0.4250000000000007,-0.07500000000000018,1.3250000000000002,-0.375,0.6,0
0.678125000000001,0.5455624999999997,0.10743055555555547,3.394722222222228,4.647430555555548,2.1799166666666663,-7.0902777777777715,8.8125,-0.009715277777777809,0.06944444444444442,-0.03472222222222232,-0.38194444444444464,0.2847222222222223,-0.9236111111111112,-0.13194444444444442,0.125,0.011055555555555596,-4.117948717948718,-1.1794871794871795,-0.5282051282051283,-0.5435897435897435,0.025641025641025605,0
1.001363636363636,0.6459191919191922,0.23112121212121295,1.0394444444444453,1.34368686868687,1.239681818181818,-4.9343434343434325,-3.0959595959595845,-0.024469696969696864,-0.020202020202020332,-0.18181818181818188,-0.7020202020202024,0.3232323232323231,-0.3434343434343434,-0.08080808080808077,0.2222222222222222,0.017929292929292906,-1.7777777777777786,0.22222222222222232,0.36363636363636376,-1.1717171717171717,0.23232323232323232,1
1.634999999999999,0.9491944444444453,0.6719999999999999,2.4658888888888875,3.075000000000003,0.8631166666666663,7.355555555555554,-3.3666666666666742,0.01996198830409346,-0.17222222222222228,0.09444444444444444,-0.011111111111111072,0.01666666666666683,-0.40555555555555545,-0.016666666666666607,0.1777777777777778,42.69149671052632,-1.011111111111111,0.3555555555555552,-0.9333333333333331,-0.1777777777777778,0.2777777777777778,1
1.4691470588235291,0.9051705882352943,0.509623529411765,2.5727647058823546,2.420294117647064,2.1991911764705883,-3.558823529411768,-1.523529411764713,-0.05127647058823531,-0.25588235294117645,-0.1352941176470588,0.867647058823529,0.17647058823529393,0.12941176470588234,0.07352941176470584,0.0117647058823529,-49.951950000000004,-2.757575757575757,-0.36363636363636354,-1.6363636363636362,-0.4242424242424242,-0.19191919191919193,0
-0.5140935672514608,0.12469298245614047,-1.0140964912280697,-0.35678362573099065,-0.8804385964912278,-0.2036491228070174,12.333333333333329,7.39473684210526,0.02265944272445819,-0.19298245614035103,-0.17251461988304073,0.14619883040935733,-0.09941520467836273,-0.13742690058479523,-0.283625730994152,0.1257309941520468,-55.48324836601308,0.44444444444444464,0.027777777777778123,-0.13888888888888884,0.5555555555555556,0.2777777777777778,0
-0.5441111111111105,-0.35297777777777695,0.042283333333332784,-0.3015000000000043,1.3535555555555625,0.08513333333333306,-1.8222222222222229,3.2833333333333314,-0.008361111111111152,-0.21666666666666679,-0.2222222222222222,-0.3722222222222218,-0.1499999999999999,-0.21666666666666634,-0.11111111111111116,-0.19444444444444442,-6.178690402476782,-5.642857142857143,-1.8333333333333335,-1.8095238095238098,0.19841269841269848,-0.11904761904761904,0
-0.7960000000000003,-0.11575263157894788,-0.4992368421052631,0.018368421052629813,-1.9227105263157895,-0.6170578947368418,-6.15789473684211,-8.276315789473685,-0.04433947368421065,-0.331578947368421,-0.047368421052631504,1.0894736842105255,-0.15263157894736845,0.3342105263157893,0.3973684210526315,0.22894736842105268,-105.23063157894738,1.4469696969696972,0.6136363636363638,-0.08333333333333348,0.2803030303030303,-0.13636363636363635,1
0.911052631578948,0.5077894736842108,0.3370000000000002,1.0978947368421057,-0.5463157894736774,1.5932105263157892,12.78947368421052,-0.3684210526315752,0.08378947368421058,0.05263157894736836,0.42105263157894746,0.2631578947368425,-0.3157894736842104,0.7368421052631584,0.0,0.3157894736842105,-0.010789473684210349,-0.655555555555555,-0.5444444444444447,0.25555555555555554,-0.2666666666666666,0.07777777777777778,0
1.2462202380952383,0.8430148809523803,0.39304166666666696,2.3827380952380963,1.200446428571425,1.5652738095238097,-10.69345238095238,4.979166666666671,-0.03258035714285712,0.10119047619047628,0.09226190476190466,-1.7232142857142856,-0.032738095238095344,-0.9791666666666665,-0.16369047619047616,-0.13690476190476192,-0.054749999999999965,-1.8499999999999996,-1.0499999999999998,-1.625,0.2250000000000001,-0.025000000000000022,1
-1.5688854489164088,-1.3793065015479877,-0.12731269349845187,-2.4836222910216694,-1.3908359133126957,-1.5566780185758518,10.541795665634666,1.5541795665634623,0.06865325077399398,-0.3622291021671826,-0.14241486068111464,1.8080495356037147,0.7461300309597525,0.2817337461300311,0.09907120743034059,0.0619195046439629,117.61498761609907,-1.2727272727272716,-0.3636363636363633,-0.18181818181818166,-0.09090909090909105,0.27272727272727276,0
-0.07069053708439821,0.17892327365728944,-0.21466496163682836,-0.38603580562659445,-0.010153452685418785,-0.5199462915601023,-1.3964194373401568,-4.416879795396426,-0.01598209718670074,0.1662404092071612,0.17391304347826098,-1.3222506393861888,-0.2301790281329925,-0.20971867007672662,-0.1483375959079284,0.04859335038363172,124.88454076086957,1.5555555555555554,0.0,0.22222222222222232,-0.11111111111111116,-0.11111111111111116,1
0.5700000000000003,0.20120000000000005,0.27875000000000005,-1.3189999999999973,-0.16999999999999815,0.14874999999999972,12.799999999999997,1.4500000000000028,0.06420000000000015,0.55,0.4999999999999999,-1.8500000000000005,-0.19999999999999973,-0.6499999999999999,-0.19999999999999996,0.0,105.20131578947371,0.6893939393939394,-0.18181818181818166,0.8863636363636362,0.19696969696969702,-0.10606060606060605,1
1.1178823529411765,0.8238588235294124,0.35194999999999954,2.9196764705882323,3.394470588235297,1.8505647058823527,-3.7176470588235304,4.155882352941177,0.015485294117647042,0.03823529411764692,0.05882352941176472,-0.06176470588235361,-0.26764705882352935,-0.020588235294117574,-0.2647058823529411,0.07352941176470587,52.646930921052636,-1.0,-0.7777777777777777,0.11111111111111116,-0.44444444444444453,0.3333333333333333,0
-0.22111111111111192,-0.2923333333333331,0.15961111111111115,-0.7566666666666713,-1.1466666666666576,-0.18933333333333313,-3.944444444444457,-6.333333333333329,-0.013444444444444481,0.11111111111111116,0.0,-0.2777777777777768,-0.22222222222222232,0.2777777777777777,0.11111111111111105,-0.2777777777777778,-0.040444444444444505,1.25,0.75,1.0,0.0,0.625,1
0.2628173374612994,0.15484829721362203,0.2888328173374617,1.096873065015485,0.396346749225998,0.5465263157894737,-2.984520123839019,4.417956656346746,-55.474225490196076,0.003095975232197956,-0.10526315789473684,1.7368421052631575,0.3405572755417958,0.7058823529411766,0.055727554179566596,0.26006191950464397,-55.09107720588235,-0.11111111111111072,-0.22222222222222232,0.6666666666666661,0.2222222222222222,0.5555555555555556,0
-0.22764705882352976,-0.3500000000000003,0.02988235294117625,1.1111764705882319,-0.22352941176470154,0.21411764705882358,4.47058823529413,-0.6470588235294059,0.014882352941176458,-0.05882352941176472,0.05882352941176472,0.7058823529411757,-0.17647058823529416,0.05882352941176494,-0.17647058823529405,-0.11764705882352944,-62.447125,-1.6428571428571423,-0.7571428571428571,-0.3285714285714283,-0.12857142857142856,0.15714285714285714,1
0.4386363636363626,0.04388636363636422,0.41204545454545416,1.3219999999999956,0.39909090909091205,0.2127681818181817,13.845454545454544,-2.88181818181819,0.04682057416267932,0.4590909090909092,0.8318181818181819,-1.3090909090909086,-0.6954545454545453,-0.895454545454546,-0.21363636363636362,-0.09999999999999998,105.11486602870814,1.2727272727272734,0.8181818181818181,-0.7272727272727271,0.6363636363636364,0.3636363636363636,1
0.7722222222222221,0.6401111111111113,-0.09583333333333344,1.245000000000001,1.3666666666666671,0.37883333333333336,4.888888888888886,1.3333333333333286,0.013042483660130721,-0.38888888888888906,-0.33333333333333326,0.6666666666666679,0.2777777777777779,-0.16666666666666652,-0.05555555555555547,0.16666666666666669,-62.42965808823529,0.5555555555555554,-0.11111111111111116,0.33333333333333304,-0.44444444444444453,0.0,1
0.05979532163742718,0.5803040935672512,-0.8035964912280695,0.7421052631578995,0.19233918128654537,0.0863508771929824,8.222222222222229,0.06140350877193157,0.013505847953216299,0.14035087719298245,0.32748538011695916,0.0906432748538002,-0.2105263157894739,0.14035087719298245,-0.283625730994152,0.18128654970760233,3.279281045751631,-1.75,-0.3333333333333335,0.08333333333333326,-0.5,0.33333333333333337,0
-0.14312500000000083,-0.23750694444444398,-0.03420833333333295,-1.8780555555555587,-2.5690972222222186,-1.0492499999999998,7.423611111111114,-9.090277777777771,0.026104166666666706,0.26388888888888884,0.3125,-0.6736111111111107,-0.2847222222222223,-0.07638888888888928,-0.2569444444444444,0.09722222222222221,-0.010888888888888948,0.5,-0.1923076923076925,0.5615384615384618,-0.39230769230769225,-0.1384615384615384,1
0.42900000000000027,0.46279736842105224,0.04276315789473695,3.3013684210526293,0.7612894736842044,2.482992105263158,-4.257894736842104,-5.626315789473679,-62.47838947368421,0.018421052631578894,0.15263157894736856,-0.510526315789475,-0.10263157894736818,-0.11578947368421044,0.2973684210526315,0.27894736842105267,0.06789473684210634,1.7777777777777768,0.5555555555555554,0.11111111111111116,0.7777777777777777,0.44444444444444453,1
2.7330959752321986,1.8993591331269357,0.8949442724458205,2.773622291021672,-0.6844272445820394,2.8550464396284827,-0.7523219814241457,0.13003095975231815,0.003978328173374512,0.20433436532507732,0.4055727554179568,-0.22910216718266163,-0.6408668730650156,-0.07120743034055721,-0.15170278637770895,-0.0619195046439629,-117.54051393188854,0.1999999999999993,-0.19999999999999973,0.6999999999999997,0.0,0.5,1
0.18843137254901787,0.19294771241830055,0.23541176470588265,-0.0858169934640518,0.476960784313718,-0.5796666666666666,4.647058823529406,-0.25163398692811256,0.011885620915032646,-0.19281045751634007,0.11111111111111116,-0.11111111111111072,0.013071895424836555,-0.12745098039215685,-0.19281045751633985,0.02614379084967322,62.451687500000006,-0.7777777777777768,-0.3333333333333335,0.0,0.11111111111111116,-0.11111111111111116,0
-0.5757105263157891,-0.31591052631578975,-0.23690526315789473,-1.6925789473684176,-2.088684210526317,-0.8069868421052634,1.3421052631578902,-7.931578947368422,0.02025789473684214,0.4447368421052631,0.3736842105263156,-2.5921052631578956,-0.47368421052631593,-0.7578947368421054,-0.30263157894736836,-0.07368421052631574,49.95941052631579,-0.7662337662337659,-0.7077922077922076,-0.9090909090909092,-0.17532467532467533,-0.07792207792207795,1
-0.3254248366013073,-0.10630392156862767,-0.3466568627450983,0.3093464052287551,-0.9936274509803944,-0.3672745098039214,8.392156862745097,8.32352941176471,0.04394117647058832,0.039215686274509665,-0.0424836601307188,-0.3398692810457504,-0.06535947712418277,-0.1405228758169934,-0.21241830065359468,-0.022875816993464027,-0.0027205882352939748,0.8686868686868703,-0.6767676767676769,0.24242424242424265,-0.19191919191919193,-0.393939393939394,0
0.6336842105263156,0.478947368421053,0.2808947368421053,0.7678947368421092,0.7899999999999956,0.09542105263157886,-11.526315789473685,4.2105263157894655,-55.51827192982456,-0.3157894736842106,-0.4736842105263158,2.421052631578947,0.368421052631579,0.36842105263157876,0.31578947368421056,0.0,-117.52860681114551,1.833333333333334,1.1825396825396826,0.2777777777777777,0.4603174603174603,-0.7142857142857143,0
0.48431578947368337,-0.22732631578947426,0.7613131578947367,-0.44060526315789517,-1.5458947368421079,-0.17148421052631546,-6.400000000000006,-3.344736842105263,-0.0051447368421051465,0.07631578947368434,-0.10526315789473695,0.2815789473684216,0.3605263157894738,0.07631578947368389,0.39473684210526316,0.01315789473684209,2.899409356725151,-0.22222222222222143,0.0,-0.5555555555555554,0.3333333333333335,0.4444444444444444,0
-0.025845410628019927,-0.05638405797101509,-0.04388405797101447,-1.3409903381642536,-2.5193236714975917,-1.01518115942029,5.765700483091791,5.485507246376812,0.014939613526570028,-0.25120772946859904,0.048309178743961345,1.3091787439613523,0.34782608695652195,0.07246376811594235,0.24637681159420288,0.08212560386473433,0.03491062801932365,3.5555555555555554,1.047619047619048,0.8253968253968256,0.38888888888888884,-0.05555555555555558,0
-0.1034736842105266,-0.348394736842105,0.32490789473684223,0.81378947368421,-0.5093947368421112,0.820413157894737,1.094736842105263,1.0894736842105175,0.002297368421052659,-0.27105263157894743,-0.18947368421052624,1.181578947368422,0.45789473684210513,0.10526315789473673,-0.09210526315789469,-0.1763157894736842,52.69373684210525,0.11818181818181905,1.0818181818181818,-1.1636363636363636,0.49090909090909085,-0.44545454545454544,0
1.6139775910364147,0.9460112044817925,0.5826666666666669,1.4864145658263297,-0.4349579831932786,1.0232885154061626,-7.498599439775916,5.372549019607845,0.011092436974789954,0.06442577030812324,-0.036414565826330625,-0.6974789915966388,-0.21288515406162478,-0.13725490196078427,-0.2408963585434173,0.06162464985994395,-0.014187499999999797,0.5888888888888886,-0.44444444444444464,-0.4222222222222225,0.05555555555555558,0.1333333333333333,0
1.1963636363636363,0.9053080808080811,0.25995454545454577,1.1438888888888918,2.675909090909091,0.6503484848484846,-6.48989898989899,-0.4848484848484844,-0.02685858585858586,-0.6313131313131315,-0.7373737373737375,1.2979797979797976,0.7121212121212122,0.4898989898989905,0.19696969696969702,0.2777777777777778,-62.42336931818182,0.9401709401709404,-0.5555555555555556,1.051282051282051,-0.0854700854700855,-0.008547008547008572,0
1.4399999999999986,0.6898055555555564,0.6431666666666671,2.361444444444441,1.742777777777782,1.4524499999999998,8.911111111111111,-5.977777777777774,0.022350877192982455,0.4388888888888889,0.65,-2.011111111111111,-0.37222222222222223,-1.2388888888888894,-0.2944444444444444,0.12222222222222223,105.13279532163743,-2.4444444444444446,0.38095238095238093,-0.8095238095238093,0.015873015873015817,1.103174603174603,1
0.6161111111111097,0.5282777777777774,0.01261111111111135,0.7227777777777753,-0.9711111111111101,0.12750000000000017,2.0,-8.333333333333329,-0.01011111111111107,0.22222222222222232,0.44444444444444453,-0.3333333333333339,-0.22222222222222232,0.2777777777777777,0.05555555555555558,-0.05555555555555558,58.77400326797386,0.8626373626373631,0.15384615384615374,0.5549450549450547,-0.46703296703296704,0.13186813186813184,1
0.6550000000000002,0.3773500000000001,0.26325,4.601999999999997,2.853999999999992,2.9513,-10.899999999999991,1.2000000000000028,-62.49825,-0.20000000000000018,-0.2999999999999998,0.25,0.25,0.20000000000000018,0.09999999999999998,0.04999999999999999,0.0972105263157843,-1.1999999999999993,-0.30000000000000027,-0.20000000000000018,-0.20000000000000007,-0.09999999999999998,0
0.4665263157894737,-0.14719473684210493,0.6036578947368423,-0.5052105263157873,-0.6793947368421094,0.9691631578947367,13.89473684210526,2.5394736842105203,0.0664973684210528,0.2789473684210526,0.31052631578947365,-0.6684210526315786,0.2578947368421054,-0.5447368421052632,-0.29210526315789465,-0.1763157894736842,157.89505263157895,-0.7555555555555546,-0.05555555555555536,1.1111111111111112,-0.5777777777777777,0.24444444444444446,1
-0.12812500000000027,-0.3790098684210521,0.08636184210526299,-2.034868421052632,-1.287664473684206,-1.4525921052631579,3.4703947368421098,2.213815789473685,0.02322697368421056,0.006578947368421018,-0.24013157894736847,0.6480263157894743,-0.009868421052631637,0.6282894736842106,-0.2598684210526315,-0.20394736842105265,-52.581315789473685,0.32575757575757436,-0.18181818181818166,0.4696969696969697,0.19696969696969702,-0.12878787878787873,1
0.018627450980393423,0.11140522875816994,-0.026000000000000023,0.10640522875817382,0.7424509803921531,1.166843137254902,-8.117647058823536,3.1339869281045765,-0.015062091503267983,0.3104575163398693,-0.16993464052287588,-0.35947712418300704,0.28104575163398704,0.2450980392156863,0.13398692810457513,0.2091503267973856,-62.45493750000001,-1.127272727272727,-0.6454545454545455,-0.5181818181818185,0.21818181818181825,-0.036363636363636376,0
-0.7076470588235289,-0.4331176470588234,-0.4374117647058826,-1.146470588235296,-0.3317647058823461,-0.714764705882353,2.47058823529413,-6.17647058823529,-0.031176470588235194,-0.11764705882352922,-0.05882352941176472,-0.5882352941176467,-0.11764705882352944,-0.23529411764705888,0.23529411764705876,-0.2941176470588235,-62.480250000000005,-0.7999999999999998,-0.6666666666666667,-0.9166666666666667,0.2666666666666667,-0.19999999999999998,1
1.0938847117794483,0.7077418546365908,0.40956140350877224,0.5536591478696753,-2.0651127819548876,0.5727869674185464,-3.5388471177944893,-3.9649122807017534,-0.008984962406014985,0.37092731829573933,0.37844611528822036,-3.127819548872181,-0.5689223057644113,-0.8245614035087718,-0.5288220551378445,-0.23558897243107768,-0.07253947368421065,1.454545454545455,-0.09090909090909083,0.4545454545454546,-0.2727272727272727,0.0,1
-2.045184210526316,-1.3426473684210531,-0.8302736842105265,-2.675210526315789,-0.6376315789473743,-2.2133552631578945,-4.39473684210526,-4.194736842105257,-0.03058421052631577,0.286842105263158,-0.15263157894736856,-1.6973684210526319,0.05263157894736836,-0.7052631578947373,-0.03947368421052633,-0.12631578947368416,49.98583157894737,-0.9571428571428573,-0.2571428571428571,-0.657142857142857,0.08571428571428574,0.2857142857142857,1
-1.4717647058823529,-1.1131176470588238,-0.32658823529411785,-0.8729411764705883,1.5276470588235291,-0.9116470588235297,6.0,1.529411764705884,0.047470588235294264,-0.41176470588235303,-0.3529411764705883,1.4117647058823515,0.47058823529411775,0.6470588235294121,0.17647058823529416,0.23529411764705882,-7.358180147058832,-4.694444444444445,-1.5555555555555554,-1.1388888888888888,0.02777777777777779,0.02777777777777779,0
-1.0510000000000002,-0.8046500000000003,-0.29144999999999954,-5.082499999999996,-4.503499999999999,-3.4229499999999997,7.699999999999989,-0.3500000000000085,62.48335,-0.09999999999999987,-0.10000000000000009,0.9500000000000011,0.19999999999999973,0.34999999999999964,0.15000000000000002,0.04999999999999999,-0.09294736842105777,-0.5999999999999996,0.5,-1.1,0.5,0.3,0
0.3540961098398161,0.02157208237986241,0.26420366132723117,0.35114416475972554,-0.5893821510297528,0.2651784897025171,-2.588100686498862,6.599542334096114,-55.46994927536232,-0.22196796338672775,-0.2791762013729978,2.8237986270022883,0.4530892448512589,0.7391304347826089,0.43935926773455375,0.09382151029748287,-117.52524296675192,-1.7666666666666657,0.15555555555555545,-1.3666666666666667,0.34444444444444444,-0.37777777777777777,0
0.7774269005847945,0.2403070175438593,0.6565964912280697,0.7373391812865471,-0.016783625730997898,0.2304824561403509,-2.2777777777777715,-2.0614035087719316,-0.010172514619882889,-0.029239766081871288,0.11695906432748537,-0.14619883040935733,0.2105263157894739,-0.14035087719298245,0.22807017543859653,0.04093567251461988,55.535166666666676,0.6777777777777789,-0.2333333333333334,0.04444444444444429,-0.15555555555555556,-0.18888888888888888,0
-2.045184210526316,-1.3426473684210531,-0.8302736842105265,-2.675210526315789,-0.6376315789473743,-2.2133552631578945,-4.39473684210526,-4.194736842105257,-0.03058421052631577,0.286842105263158,-0.15263157894736856,-1.6973684210526319,0.05263157894736836,-0.7052631578947373,-0.03947368421052633,-0.12631578947368416,49.98583157894737,-0.757142857142858,0.41428571428571437,-0.6000000000000001,0.2857142857142857,-0.5857142857142857,1
0.22036363636363632,0.3886636363636362,-0.1475454545454542,0.9010000000000016,0.702409090909093,0.21928181818181836,-15.045454545454547,-0.06818181818181301,-0.07168636363636366,-0.6090909090909091,-0.7818181818181819,1.709090909090908,0.4454545454545453,0.6954545454545458,0.3136363636363636,0.15000000000000002,-157.78312918660288,0.7337662337662341,0.32467532467532445,0.5324675324675328,0.06493506493506496,0.1103896103896104,0
0.3566315789473684,0.3606578947368422,0.10572368421052625,-1.621684210526313,-1.0195526315789465,-1.115255263157895,-4.094736842105263,0.9631578947368382,-0.013455263157894748,0.06052631578947376,0.03157894736842093,0.13421052631578867,-0.03684210526315779,-0.6315789473684212,0.03947368421052633,-0.1394736842105263,-52.608473684210516,0.0,-0.125,0.7250000000000001,-0.7250000000000001,0.475,0
-1.118095238095238,-0.4640050125313282,-0.47940350877192994,-0.3478696741854641,0.08721804511278108,-0.11268170426065172,7.22305764411027,-7.192982456140356,0.009353383458646558,-0.10776942355889729,0.14786967418546382,1.0751879699248112,0.04260651629072698,0.3508771929824559,0.4235588972431077,0.3408521303258146,52.63606578947368,-1.5,-0.26515151515151536,-0.6439393939393936,0.31818181818181823,0.10606060606060605,0
-1.2544117647058828,-0.9748562091503268,-0.352303921568627,-1.8399673202614384,-0.07016339869280941,-1.5054411764705886,6.75816993464052,-4.0130718954248294,0.04937254901960797,-0.05228758169934644,0.1470588235294117,0.06535947712418277,0.36601307189542487,-0.2124183006535949,-0.0032679738562091387,0.3104575163398693,117.52099346405228,1.4444444444444429,1.5555555555555554,0.666666666666667,-0.33333333333333337,-0.1111111111111111,1
0.573888888888888,0.45561111111111074,0.21050000000000013,1.0988888888888901,1.0727777777777732,0.2899999999999998,-4.1111111111111,-7.333333333333329,-0.00915359477124189,0.3333333333333335,0.4999999999999999,-0.055555555555557135,-0.11111111111111116,0.2777777777777777,0.0,0.055555555555555525,58.76252941176471,-0.9166666666666661,0.125,0.4583333333333335,-0.125,0.041666666666666685,1
0.1847058823529406,0.04765032679738557,0.03299999999999992,0.24859477124182838,-0.4891176470588192,-0.9690098039215689,3.6732026143790932,-3.5784313725490193,0.014395424836601167,-0.3104575163398693,0.0032679738562091387,1.359477124183007,0.10784313725490202,0.03267973856209183,-0.07843137254901955,0.01307189542483661,-0.00924999999999443,-2.033333333333333,0.3222222222222224,-0.8444444444444446,-0.011111111111111072,0.16666666666666669,0
0.30614035087719227,0.5047836257309943,-0.2031578947368422,0.3930994152046754,2.3995614035087733,-0.7359298245614035,-0.8947368421052602,-2.511695906432749,-0.02100292397660819,-0.301169590643275,-0.09941520467836251,-0.742690058479532,-0.38011695906432763,0.06140350877192979,0.11988304093567248,0.08187134502923976,-0.07110526315789467,3.4242424242424256,0.4141414141414139,1.0909090909090908,0.29292929292929293,0.19191919191919193,1
-0.31764705882353006,-0.16979411764705876,-0.09893790849673167,-2.4836928104575193,-3.676143790849668,-1.7244607843137254,0.4248366013071774,-5.264705882352942,-0.014486928104575192,0.026143790849673332,0.22222222222222232,-0.29084967320261335,-0.10457516339869288,0.1405228758169934,0.20915032679738554,-0.14705882352941174,124.87900694444444,2.644444444444444,1.1111111111111112,1.8888888888888888,-0.43333333333333346,0.033333333333333326,1
-0.89343653250774,-0.5892600619195045,-0.2727182662538703,-0.880185758513937,-0.3316099071207468,-1.392204334365325,2.216718266253878,9.455108359133135,0.03101857585139317,-0.18885448916408665,-0.23839009287925683,1.7244582043343666,0.297213622291022,0.6284829721362231,0.22910216718266252,0.06191950464396284,-0.0074605263157891955,-0.962121212121211,0.007575757575757347,0.05303030303030276,-0.31060606060606066,-0.21969696969696972,0
-1.243235294117647,-0.5971911764705893,-0.4295882352941174,-2.196705882352937,-2.344705882352951,-1.2449499999999998,-7.152941176470591,2.670588235294119,-0.008743034055727628,-0.020588235294117796,-0.15000000000000002,0.9000000000000004,0.3852941176470588,0.5558823529411767,-0.12058823529411766,0.07058823529411762,-42.70399671052632,1.9696969696969706,0.5757575757575757,1.1313131313131315,-0.6868686868686869,0.14141414141414144,0
-0.3677573529411764,-0.10299632352941224,-0.18962499999999993,0.8963235294117666,1.6354044117647035,0.5419852941176471,-3.194852941176464,-0.39338235294117396,-0.043672794117647074,0.03676470588235303,0.12867647058823528,-1.0257352941176467,0.18014705882352944,-0.8419117647058822,0.07720588235294112,-0.19852941176470587,-0.04056250000000017,-1.2967032967032965,0.0,-0.3241758241758239,0.01098901098901095,-0.3956043956043956,0
-0.24900000000000055,-0.061905555555555214,-0.13450000000000006,-3.040111111111109,-0.7104999999999961,-2.6689833333333333,6.6555555555555515,-3.066666666666677,62.478877777777775,-0.37222222222222223,-0.15555555555555567,1.18888888888889,0.21666666666666656,0.24444444444444446,-0.016666666666666607,0.07777777777777778,-9.938766447368423,-1.0,1.0,-0.8000000000000003,0.30000000000000004,0.0,0
0.8032723112128144,0.2966910755148744,0.7004805491990842,2.0783295194508007,2.502540045766594,1.2456636155606409,-8.043478260869563,-7.546910755148744,-0.025112128146452917,0.22196796338672775,0.06864988558352403,-1.4553775743707096,-0.13729977116704806,-0.2128146453089248,-0.01830663615560635,-0.04118993135011445,55.50025603864735,0.1363636363636367,0.36363636363636376,0.26363636363636367,-0.0636363636363636,0.1454545454545454,1
0.3943636363636367,0.16256363636363602,0.10300454545454629,-0.898499999999995,-1.117090909090912,-0.10361818181818161,-5.445454545454552,2.231818181818184,-0.022386363636363538,-0.3590909090909091,-0.6818181818181819,1.0590909090909086,0.6954545454545453,0.5954545454545457,0.36363636363636365,0.25,-52.577550239234455,0.8333333333333321,0.3666666666666665,0.666666666666667,-0.6000000000000001,0.2,0
-0.7912941176470594,-0.46899411764705934,-0.37450000000000006,0.005705882352938119,-2.462617647058817,-1.4000764705882351,-4.882352941176464,-3.161764705882348,-0.030432352941176632,-0.2882352941176469,-0.04117647058823526,1.7705882352941176,-0.1588235294117648,0.2382352941176471,0.038235294117647034,-0.11470588235294116,-95.36900986842106,-0.629870129870131,0.13636363636363624,-0.9285714285714284,0.11038961038961037,-0.05844155844155843,1
0.8627777777777768,0.30908333333333404,0.7678333333333334,1.2208888888888865,1.7083333333333357,0.48428333333333295,2.4666666666666686,-4.700000000000003,0.006919504643962737,0.21666666666666679,0.4277777777777777,-0.6777777777777789,-0.26111111111111107,-0.23888888888888893,0.03888888888888886,0.011111111111111127,105.12115479876161,-1.4343434343434343,-0.09090909090909083,-0.8383838383838378,0.41414141414141414,-0.4343434343434343,1
2.157058823529412,1.4618823529411769,0.5742941176470591,2.6711764705882377,1.09823529411765,2.840882352941177,-8.705882352941174,-5.588235294117652,-0.07788235294117657,0.23529411764705888,0.11764705882352944,-1.0588235294117645,-0.41176470588235325,-0.6470588235294121,-0.11764705882352944,-0.17647058823529416,-117.50663235294117,0.7000000000000011,-0.20000000000000018,0.2999999999999998,0.6000000000000001,0.0,1
0.5584210526315787,0.5189473684210526,0.2563684210526316,-0.11526315789473429,-0.9047368421052653,-0.18684210526315817,-7.05263157894737,-3.3684210526315894,-0.03294736842105267,0.10526315789473673,0.10526315789473673,-1.1578947368421062,-0.2105263157894739,-0.7894736842105265,-0.26315789473684204,-0.2631578947368421,-0.015631578947368663,1.0808080808080813,0.8585858585858586,-0.3333333333333335,0.31313131313131326,-0.101010101010101,1
-0.9337581699346398,-0.6980718954248362,-0.11154901960784303,-3.2064705882352946,-2.705032679738558,-1.8519607843137256,-1.5751633986928226,3.0686274509803866,-0.004375816993464121,-0.196078431372549,-0.2222222222222222,0.04248366013072058,0.11764705882352944,-0.13725490196078427,0.15359477124182996,-0.09150326797385616,66.10500367647059,-1.875,-0.13888888888888884,0.26388888888888884,-0.11111111111111116,0.16666666666666663,0
0.379941520467836,0.0779561403508775,0.30808771929824563,1.6921345029239792,1.929941520467839,1.280359649122807,-8.353801169590653,1.1140350877193015,-55.48488888888889,0.029239766081871288,-0.32748538011695916,1.514619883040936,0.10526315789473695,0.6666666666666665,0.19298245614035087,0.011695906432748537,-117.56015359477124,0.7777777777777768,0.22222222222222232,0.0,0.4444444444444444,-0.1111111111111111,1
-1.118095238095238,-0.4640050125313282,-0.47940350877192994,-0.3478696741854641,0.08721804511278108,-0.11268170426065172,7.22305764411027,-7.192982456140356,0.009353383458646558,-0.10776942355889729,0.14786967418546382,1.0751879699248112,0.04260651629072698,0.3508771929824559,0.4235588972431077,0.3408521303258146,52.63606578947368,0.4615384615384617,0.25,-0.5192307692307692,0.5256410256410257,-0.11538461538461536,1
1.0458823529411774,0.648558823529412,0.2970555555555554,2.4983986928104613,3.0120261437908447,1.6379313725490194,-3.8954248366013076,9.205882352941174,0.033957516339869265,0.03267973856209139,-0.1633986928104576,0.6437908496732021,0.10457516339869288,-0.08169934640522891,-0.20915032679738554,0.32352941176470584,0.051618055555555764,-2.1923076923076925,-0.5219780219780221,-0.5604395604395607,-0.07692307692307687,0.09340659340659344,0
-0.5748333333333338,-0.3178111111111108,-0.26580000000000004,-1.992111111111111,-0.31333333333333613,-1.6509166666666668,4.5,-5.022222222222226,0.021044444444444532,-0.17222222222222228,0.011111111111111072,-0.8611111111111107,-0.22222222222222232,-0.43333333333333357,0.02777777777777779,-0.0444444444444444,49.989200000000004,0.384615384615385,0.07692307692307665,0.7692307692307692,-0.15384615384615385,-0.3076923076923077,1
-0.24846405228758073,-0.3493071895424831,0.1361568627450982,-1.4082352941176453,-0.07915032679737877,0.07727450980392159,-4.281045751633997,-0.9901960784313815,-0.034787581699346426,-0.37254901960784315,-0.4575163398692811,0.39542483660130756,0.17647058823529393,-0.13725490196078427,0.21241830065359468,-0.0326797385620915,-58.75980882352942,0.47552447552447585,-0.04895104895104896,-0.24475524475524457,-0.0699300699300699,-0.22377622377622375,1
0.28917874396135357,0.42138405797101486,-0.31361594202898546,1.72154589371981,1.622101449275366,1.0420144927536235,4.289855072463766,-0.15217391304348382,-0.002452685421994727,0.02898550724637672,-0.1038647342995167,-1.3091787439613523,-0.2367149758454108,-0.35024154589372003,-0.30193236714975835,0.08454106280193235,0.017007672634271165,-2.1111111111111107,0.22222222222222232,-0.33333333333333304,-0.11111111111111116,-0.6666666666666666,0
-0.7903636363636366,-0.5898636363636363,-0.13120454545454585,0.4179999999999957,-0.5324090909090948,-0.36803181818181807,2.2454545454545496,-1.3818181818181898,0.007486363636363513,0.05909090909090908,0.28181818181818197,0.14090909090909243,-0.2454545454545456,-0.04545454545454586,-0.11363636363636365,-0.15000000000000002,52.58181339712918,1.0999999999999996,0.9500000000000002,-0.3500000000000001,0.30000000000000004,-0.04999999999999999,1
0.37558897243107836,0.3189949874686726,0.18380701754385953,0.4289724310776961,0.6140601503759449,0.8335814536340846,9.27568922305764,0.22807017543858876,0.059827067669172895,-0.21303258145363424,0.14786967418546382,2.2330827067669174,0.04260651629072698,0.7719298245614037,0.2656641604010025,0.2882205513784461,0.04611842105263164,0.36666666666666536,1.1666666666666667,0.8999999999999999,-0.5666666666666668,0.6,0
-0.310315789473683,0.001226315789474075,-0.5107631578947363,-1.3588947368421014,-0.2736052631578971,-0.1514157894736845,16.0,5.64473684210526,0.05444473684210527,0.17368421052631566,0.20526315789473693,-0.9315789473684211,-0.1105263157894738,-0.17631578947368398,-0.3447368421052631,0.08684210526315789,102.30616959064328,-0.43333333333333357,0.18888888888888866,0.48888888888888893,-0.4222222222222223,0.36666666666666664,1
0.3046783625730991,0.11795614035087709,0.2835614035087719,0.8089766081871357,0.23520467836257808,0.9980964912280701,-3.8801169590643383,-6.464912280701753,0.0004356725146198448,0.45029239766081863,0.2514619883040934,-2.064327485380117,-0.47368421052631593,-0.4912280701754388,-0.38596491228070173,-0.25146198830409355,-0.0471783625730996,0.0,0.0,0.0,0.0,0.0,1
-0.314473684210526,-0.40445029239766095,0.22499122807017513,-0.643654970760231,-1.3206725146198863,-0.051236842105263025,3.783625730994146,5.567251461988292,0.01928070175438601,-0.3099415204678362,-0.2894736842105263,1.742690058479532,0.38011695906432763,0.494152046783626,0.10233918128654973,-0.2485380116959064,0.09399415204678363,0.7777777777777786,0.0,1.2222222222222223,0.11111111111111116,-0.11111111111111116,1
-0.519215686274511,-0.24016993464052283,-0.20199999999999996,-1.2322875816993477,0.14519607843137194,-1.2944313725490195,7.117647058823536,-6.4281045751634025,-0.019290849673202548,-0.3104575163398693,0.05228758169934644,-0.6993464052287575,-0.10457516339869288,-0.36274509803921573,0.042483660130718914,-0.26797385620915026,-0.028562500000000157,-1.5666666666666664,0.34444444444444455,-0.7666666666666666,0.13333333333333341,-0.35555555555555557,0
0.5500000000000007,0.16655263157894762,0.19379239766081846,1.3598538011695958,3.359766081871342,0.7273245614035085,-3.6198830409356617,11.026315789473685,0.013511695906432752,0.07602339181286544,-0.2748538011695908,0.2660818713450297,0.2748538011695907,-0.29532163742690054,-0.39181286549707595,-0.07894736842105265,-52.57026023391813,-3.166666666666666,0.18333333333333357,-1.1833333333333336,-0.2666666666666667,0.04999999999999999,0
-0.3917647058823519,-0.35200326797385606,-0.24241176470588255,-0.2691830065359504,-0.7302941176470519,0.38183333333333347,-0.20261437908496305,0.6960784313725554,-0.011218954248365831,0.19281045751634007,0.05555555555555558,-0.8888888888888893,-0.4019607843137256,-0.15032679738562127,0.13725490196078427,-0.24836601307189543,0.012499999999995737,-0.8888888888888893,-0.5555555555555558,-0.4444444444444442,-0.5555555555555556,0.0,0
-0.42337499999999917,-0.18063750000000023,-0.253425,0.1365000000000034,1.1768749999999955,0.18549999999999978,-5.8125,1.0125000000000028,-0.0033374999999999932,0.17500000000000004,0.08749999999999991,-1.1875,0.0625,-0.9125000000000001,0.0625,0.025000000000000022,49.9772,1.416666666666666,0.75,0.25,0.25,-0.08333333333333331,1
-0.6613529411764709,-0.4595558823529411,-0.13761764705882373,-2.1775294117647057,-0.44491176470587845,-1.485855882352941,7.452941176470588,-0.13529411764706367,62.479364705882354,-0.12058823529411766,-0.10000000000000009,0.5352941176470587,-0.06764705882352962,0.2705882352941176,-0.1147058823529411,-0.05294117647058827,-72.37664144736843,0.0,0.0,0.0,0.0,0.0,1
1.4502941176470583,0.9015441176470598,0.639,2.217294117647059,3.564117647058822,1.8321264705882352,3.682352941176461,0.21176470588234508,0.0055665634674922915,0.138235294117647,0.0911764705882353,-1.370588235294118,-0.09117647058823519,-0.4382352941176473,0.061764705882352944,0.1647058823529412,42.70074671052632,0.0,0.0,0.0,0.0,0.0,1
1.8220433436532506,1.391569659442725,0.5579442724458203,1.6757275541795664,-0.13811145510836198,1.2618359133126937,-13.541795665634666,0.49845201238389336,-0.07981114551083607,0.15170278637770895,-0.015479876160990669,-0.4922600619195041,-0.32507739938080515,-0.8080495356037156,-0.15170278637770895,-0.3777089783281734,-117.52972445820433,0.0,0.0,0.0,0.0,0.0,0
0.6730526315789471,0.5455894736842111,0.20337105263157862,2.8700789473684214,3.459052631578949,1.6823263157894734,-4.231578947368419,2.397368421052633,-55.489916666666666,-0.07631578947368434,-0.10526315789473684,1.0868421052631572,-0.044736842105262964,0.4500000000000002,0.026315789473684237,0.03947368421052633,-64.92439628482973,0.0,0.0,0.0,0.0,0.0,0
-0.7578888888888891,-0.33701666666666674,-0.39616666666666656,-3.904555555555554,-2.974388888888889,-3.0209833333333336,11.822222222222223,0.9333333333333229,62.478322222222225,-0.2055555555555555,0.12222222222222223,0.5222222222222221,0.04999999999999982,0.1333333333333333,-0.016666666666666607,0.07777777777777778,52.54280994152047,0.0,0.0,0.0,0.0,0.0,0
0.5373529411764695,0.20277941176470637,0.42117647058823504,1.5302352941176416,0.7147058823529413,0.11700882352941155,10.858823529411765,3.623529411764707,0.050860681114551054,0.25588235294117645,0.3852941176470589,-1.0176470588235293,-0.32647058823529385,-0.37941176470588234,-0.17352941176470582,-0.0117647058823529,105.11843421052632,0.0,0.0,0.0,0.0,0.0,0
1.542455242966751,0.9341943734015343,0.5412531969309462,1.2589769820971828,-1.5174936061381104,1.431593350383632,-4.603580562659843,2.887468030690542,-0.031488491048593525,0.24552429667519182,0.17902813299232734,-0.08951406649616267,-0.24040920716112524,-0.4373401534526855,-0.02813299232736577,-0.28388746803069054,-117.52636061381074,0.0,0.0,0.0,0.0,0.0,0
0.14974747474747385,0.19041414141414092,-0.14528787878787908,1.1999999999999993,-0.23646464646465049,0.01848484848484855,7.267676767676775,-5.515151515151516,0.03074747474747469,0.5757575757575759,0.9040404040404041,-0.6868686868686869,-0.5454545454545454,-0.37878787878787934,-0.2525252525252525,-0.05555555555555558,58.75624064171124,0.0,0.0,0.0,0.0,0.0,1
0.22764705882352976,0.3500000000000003,-0.02988235294117625,-1.1111764705882319,0.22352941176470154,-0.21411764705882358,-4.47058823529413,0.6470588235294059,-0.014882352941176458,0.05882352941176472,-0.05882352941176472,-0.7058823529411757,0.17647058823529416,-0.05882352941176494,0.17647058823529405,0.11764705882352944,62.447125,0.0,0.0,0.0,0.0,0.0,0
0.20377777777777784,-0.12346666666666639,0.5033333333333334,-1.0021111111111107,0.6068333333333307,0.05223333333333291,3.6666666666666714,-1.75,0.03178529411764708,0.3666666666666667,0.37777777777777766,-1.0777777777777784,-0.011111111111111072,-0.03888888888888875,-0.061111111111111116,-0.03888888888888892,157.78941795665637,0.0,0.0,0.0,0.0,0.0,1
-1.0821052631578936,-0.3582631578947364,-0.9401578947368416,-1.5463157894736828,-0.21842105263158018,-1.228578947368421,6.15789473684211,8.526315789473685,0.009736842105263044,-0.42105263157894735,-0.36842105263157876,2.2105263157894743,0.26315789473684204,0.6315789473684212,0.1578947368421052,0.21052631578947367,-55.48798830409358,0.0,0.0,0.0,0.0,0.0,0
1.2676842105263164,0.868447368421053,0.44272368421052644,-0.5237894736842073,-1.565868421052624,0.4779552631578943,8.694736842105257,0.594736842105263,0.07033421052631583,0.11315789473684212,0.4526315789473684,0.39736842105263115,-0.3526315789473682,0.10526315789473717,0.03947368421052633,0.1763157894736842,-52.61926315789473,0.0,0.0,0.0,0.0,0.0,1
-0.6336842105263156,-0.478947368421053,-0.2808947368421053,-0.7678947368421092,-0.7899999999999956,-0.09542105263157886,11.526315789473685,-4.2105263157894655,55.51827192982456,0.3157894736842106,0.4736842105263158,-2.421052631578947,-0.368421052631579,-0.36842105263157876,-0.31578947368421056,0.0,117.52860681114551,0.0,0.0,0.0,0.0,0.0,1
-0.4102352941176477,-0.39074117647058904,0.08546176470588307,-1.7732058823529364,-3.062705882352951,-1.1357999999999997,1.2470588235294002,2.020588235294113,0.015691176470588153,0.07941176470588229,0.0,0.6500000000000004,0.3852941176470588,0.25588235294117645,0.02941176470588236,0.22058823529411764,9.833319078947369,0.0,0.0,0.0,0.0,0.0,1
0.015000000000000568,-0.14150292397660813,0.12057017543859594,-0.15681286549707352,1.2814327485380126,-0.40334210526315795,-3.9532163742690045,11.304093567251456,-0.002877192982456145,-0.2573099415204678,-0.5526315789473685,1.321637426900585,0.2748538011695907,0.7046783625730999,-0.0029239766081871066,-0.30116959064327486,-52.57042690058479,0.0,0.0,0.0,0.0,0.0,0
0.5266666666666664,0.40838888888888913,0.09505555555555545,1.2661111111111136,3.1572222222222166,0.3434999999999999,3.2222222222222285,2.7777777777777715,0.014666666666666717,-0.2777777777777779,-0.11111111111111116,-0.05555555555555536,0.0,-0.44444444444444464,-0.16666666666666663,0.05555555555555558,0.023055555555555607,0.0,0.0,0.0,0.0,0.0,1
0.8253560371517032,0.7449535603715172,-0.0011578947368422465,1.625386996904023,2.2543653250774014,0.5585015479876159,-8.012383900928796,3.9164086687306536,-0.0017120743034056418,0.009287925696594312,-0.15170278637770895,-0.043343653250774494,-0.27554179566563475,0.4241486068111455,0.07739938080495357,0.34984520123839,-0.042542763157894514,0.0,0.0,0.0,0.0,0.0,0
0.3714999999999997,0.15875555555555532,0.25880000000000014,1.6371111111111087,0.060000000000002274,1.4530833333333337,-0.055555555555557135,5.466666666666669,-0.020377777777777717,0.17222222222222228,0.15555555555555567,-0.13888888888888928,-0.16666666666666674,0.15555555555555545,-0.08333333333333337,-0.1777777777777778,12.474987499999997,0.0,0.0,0.0,0.0,0.0,0
1.2462202380952383,0.8430148809523803,0.39304166666666696,2.3827380952380963,1.200446428571425,1.5652738095238097,-10.69345238095238,4.979166666666671,-0.03258035714285712,0.10119047619047628,0.09226190476190466,-1.7232142857142856,-0.032738095238095344,-0.9791666666666665,-0.16369047619047616,-0.13690476190476192,-0.054749999999999965,0.0,0.0,0.0,0.0,0.0,1
-2.157058823529412,-1.4618823529411769,-0.5742941176470591,-2.6711764705882377,-1.09823529411765,-2.840882352941177,8.705882352941174,5.588235294117652,0.07788235294117657,-0.23529411764705888,-0.11764705882352944,1.0588235294117645,0.41176470588235325,0.6470588235294121,0.11764705882352944,0.17647058823529416,117.50663235294117,0.0,0.0,0.0,0.0,0.0,1
0.14974747474747385,0.19041414141414092,-0.14528787878787908,1.1999999999999993,-0.23646464646465049,0.01848484848484855,7.267676767676775,-5.515151515151516,0.03074747474747469,0.5757575757575759,0.9040404040404041,-0.6868686868686869,-0.5454545454545454,-0.37878787878787934,-0.2525252525252525,-0.05555555555555558,58.75624064171124,0.0,0.0,0.0,0.0,0.0,1
0.35027863777089774,0.27845201238390116,0.2313560371517025,0.8027863777089781,1.3895356037151672,0.35018885448916404,-7.541795665634666,2.0278637770897774,-0.032340557275541804,-0.2600619195046441,-0.368421052631579,0.9195046439628474,0.1455108359133126,-0.1609907120743035,0.024767801857585203,-0.14241486068111459,-124.88790460526316,0.0,0.0,0.0,0.0,0.0,0
-1.4502941176470583,-0.9015441176470598,-0.639,-2.217294117647059,-3.564117647058822,-1.8321264705882352,-3.682352941176461,-0.21176470588234508,-0.0055665634674922915,-0.138235294117647,-0.0911764705882353,1.370588235294118,0.09117647058823519,0.4382352941176473,-0.061764705882352944,-0.1647058823529412,-42.70074671052632,0.0,0.0,0.0,0.0,0.0,0
0.5140935672514608,-0.12469298245614047,1.0140964912280697,0.35678362573099065,0.8804385964912278,0.2036491228070174,-12.333333333333329,-7.39473684210526,-0.02265944272445819,0.19298245614035103,0.17251461988304073,-0.14619883040935733,0.09941520467836273,0.13742690058479523,0.283625730994152,-0.1257309941520468,55.48324836601308,0.0,0.0,0.0,0.0,0.0,0
-0.4929565217391314,-0.29791739130434847,-0.18971739130434795,-0.7194347826086993,-2.2289347826086967,-1.0942478260869564,-7.956521739130437,1.9021739130434838,-0.02933260869565235,-0.3956521739130434,-0.27391304347826095,2.3869565217391306,0.24782608695652186,0.3891304347826088,0.36304347826086947,-0.04565217391304344,-157.80642562929063,0.0,0.0,0.0,0.0,0.0,0
0.7578888888888891,0.33701666666666674,0.39616666666666656,3.904555555555554,2.974388888888889,3.0209833333333336,-11.822222222222223,-0.9333333333333229,-62.478322222222225,0.2055555555555555,-0.12222222222222223,-0.5222222222222221,-0.04999999999999982,-0.1333333333333333,0.016666666666666607,-0.07777777777777778,-52.54280994152047,0.0,0.0,0.0,0.0,0.0,1
-0.33988970588235246,-0.33012132352941115,-0.24778676470588268,-2.0427941176470625,-1.9671691176470496,-1.2567499999999998,5.665441176470594,-5.783088235294116,0.012496323529411879,-0.15441176470588225,-0.1875,0.4375,-0.2977941176470589,0.6066176470588234,0.15808823529411764,-0.09558823529411764,-62.439687500000005,0.0,0.0,0.0,0.0,0.0,0
-0.8716842105263165,-0.44114736842105273,-0.4145236842105269,1.0042894736842065,3.2153684210526308,-0.006305263157894592,-5.4947368421052545,-1.4447368421052573,-0.05543421052631581,0.18684210526315792,-0.052631578947368474,-1.5973684210526322,-0.09736842105263155,-0.655263157894737,-0.2894736842105263,-0.2763157894736842,52.615,0.0,0.0,0.0,0.0,0.0,1
-0.0660526315789478,-0.062233918128654864,-0.07525438596491196,-0.9321345029239811,-0.998274853801167,-0.3390263157894738,4.742690058479539,-7.7251461988304015,55.487833333333334,0.41520467836257313,0.6052631578947368,-2.8479532163742682,-0.32748538011695927,-1.3888888888888893,-0.47076023391812866,-0.06725146198830412,117.51987581699346,0.0,0.0,0.0,0.0,0.0,1
0.024210526315789682,-0.24373684210526259,0.0698421052631577,-0.2057894736842112,1.9778947368421065,-0.4601052631578947,-3.6842105263157805,11.15789473684211,-0.00036842105263157343,-0.26315789473684204,-0.5263157894736842,2.05263157894737,0.5263157894736843,0.47368421052631593,0.10526315789473684,-0.10526315789473689,-52.563526315789474,0.0,0.0,0.0,0.0,0.0,0
-0.20266666666666566,-0.15638888888888935,-0.12175000000000002,-1.2068888888888853,-1.890166666666662,-0.08448333333333347,-0.20000000000000284,1.4222222222222314,0.01870555555555553,0.5722222222222224,0.28888888888888875,-0.43888888888889,-0.0777777777777775,-0.16666666666666652,-0.02777777777777779,0.09444444444444444,-52.62263157894736,0.0,0.0,0.0,0.0,0.0,1
0.05561764705882277,0.07764117647058799,0.06380000000000008,0.7598235294117632,0.4585294117647081,0.35648529411764723,2.617647058823536,-1.4058823529411768,-0.04033529411764708,-0.138235294117647,0.04117647058823537,0.16176470588235325,0.11764705882352944,0.07058823529411784,0.014705882352941124,-0.2235294117647059,-50.0177625,0.0,0.0,0.0,0.0,0.0,0
-0.7886215538847114,-0.20105764411027538,-0.5838245614035091,0.13897243107769341,2.68932330827068,-0.46478696741854664,-0.5137844611528806,-1.4561403508771917,-0.012804511278195596,-0.05513784461152893,-0.11528822055137833,0.6541353383458643,-0.06265664160400997,0.5614035087719298,0.31829573934837085,0.2882205513784461,-0.028355263157894717,0.0,0.0,0.0,0.0,0.0,1
-0.7300000000000004,-0.5674444444444446,-0.10205555555555534,-1.6211111111111158,-3.4105555555555505,-0.541333333333333,1.2222222222222143,-2.3333333333333286,-0.013999999999999901,0.2777777777777779,0.2777777777777779,-0.9444444444444446,-0.38888888888888906,0.16666666666666652,0.11111111111111105,-0.2777777777777778,62.44113194444444,0.0,0.0,0.0,0.0,0.0,1
