dias_descanso_eq1,dias_descanso_eq2,racha_eq1,racha_eq2,victorias_eq1_vs_eq2,victorias_eq2_vs_eq1,delta_rating_of,delta_rating_def,delta_margen_victoria,delta_simple_rating,delta_ws_total,delta_racha,delta_puntos,delta_asistencias,delta_rebotes,delta_robos,delta_tapones,delta_pct_tiros,delta_pct_triples,delta_pct_dos,delta_pct_efectivo,delta_pct_libres,delta_ritmo,delta_sos,delta_victorias,delta_derrotas,equipo1_gana
0,0,0,0,1,0,2.0999999999999943,-3.200000000000003,5.01,4.6899999999999995,21.00999999999999,0,0,-2,2,-1,2,-0.023999999999999966,-0.0010000000000000009,0.0129999999999999,0.0020000000000000018,-0.0010000000000000009,-1.0,-0.31999999999999995,10,-10,1
0,0,0,0,1,1,-0.6999999999999886,3.200000000000003,-3.7800000000000002,-3.7,32.39,0,-1,0,-1,0,0,0.010999999999999954,-0.01100000000000001,0.017000000000000015,0.0050000000000000044,-0.0040000000000000036,0.29999999999999716,0.08000000000000002,1,-1,1
0,0,0,0,0,1,-1.5,-1.2000000000000028,-0.33000000000000007,0.050000000000000044,-37.67999999999999,0,-1,-3,4,-1,-1,-0.01200000000000001,-0.006000000000000005,-0.017999999999999905,-0.014000000000000012,-0.015000000000000013,-0.10000000000000853,0.38,-6,6,0
0,0,0,0,1,1,6.099999999999994,-0.09999999999999432,5.98,5.54,-40.08,0,13,5,4,2,1,0.034999999999999976,0.014000000000000012,0.03700000000000003,0.026999999999999913,-0.01200000000000001,6.199999999999989,-0.44000000000000006,14,-14,1
0,0,0,0,1,1,4.099999999999994,3.3000000000000114,0.68,0.8099999999999999,13.359999999999971,0,6,3,2,-1,-2,0.020000000000000018,0.04899999999999999,0.0050000000000000044,0.025999999999999912,0.016000000000000014,0.10000000000000853,0.12999999999999995,-4,4,0
0,0,0,0,0,1,-4.0,4.799999999999997,-8.71,-8.41,20.89999999999999,0,-6,-3,-5,2,0,-0.03199999999999997,-0.045999999999999985,-0.02300000000000002,-0.03500000000000003,0.030000000000000027,-1.8999999999999915,0.3,-24,24,0
0,0,0,0,0,1,-11.200000000000003,2.5999999999999943,-13.829999999999998,-13.21,16.35000000000001,0,-11,1,0,0,0,-0.032999999999999974,-0.03500000000000003,-0.05799999999999994,-0.05399999999999994,-0.028000000000000025,-0.09999999999999432,0.62,-34,34,0
0,0,0,0,1,1,8.0,-5.799999999999997,13.62,14.07,-48.23000000000001,0,9,-1,2,1,0,0.025000000000000022,0.013999999999999957,0.019000000000000017,0.016000000000000014,-0.04500000000000004,1.0,0.44,33,-33,0
0,0,0,0,1,0,-3.6999999999999886,4.300000000000011,-7.869999999999999,-6.76,-19.430000000000007,0,-8,-3,-3,1,0,-0.01799999999999996,-0.020000000000000018,-0.038000000000000034,-0.03299999999999992,-0.05500000000000005,-3.700000000000003,1.1099999999999999,-18,18,1
0,0,0,0,0,1,-6.5,7.400000000000006,-14.19,-13.3,-20.109999999999985,0,-10,-2,-2,-2,-2,-0.024999999999999967,-0.017000000000000015,-0.016000000000000014,-0.020000000000000018,-0.01200000000000001,-3.299999999999997,0.8899999999999999,-31,31,0
0,0,0,0,0,1,-1.1000000000000085,-9.0,7.66,7.39,-12.990000000000009,0,-1,-3,1,2,0,0.0040000000000000036,-0.0050000000000000044,-0.006000000000000005,-0.006000000000000005,-0.013000000000000012,0.4000000000000057,-0.27,14,-14,0
0,0,0,0,0,1,-3.299999999999997,3.0,-6.279999999999999,-6.23,22.630000000000003,0,-3,-5,-2,-1,0,-0.0010000000000000009,-0.021999999999999964,-0.0010000000000000009,-0.0129999999999999,-0.0020000000000000018,0.09999999999999432,0.06,-12,12,0
0,0,0,1,0,1,-13.799999999999997,8.0,-21.549999999999997,-20.42,-10.329999999999984,-1,-8,-1,-1,1,-1,-0.02300000000000002,-0.032999999999999974,-0.051999999999999935,-0.04499999999999993,-0.02100000000000002,5.200000000000003,1.13,-43,43,0
0,0,0,0,1,1,0.3999999999999915,-1.2000000000000028,1.5599999999999998,1.7100000000000002,31.929999999999993,0,0,-4,0,0,-1,0.013999999999999957,0.007000000000000006,0.0010000000000000009,0.008000000000000007,-0.0040000000000000036,-0.09999999999999432,0.15000000000000002,5,-5,1
0,0,0,0,1,1,-0.3999999999999915,8.5,-8.979999999999999,-8.729999999999999,-4.340000000000003,0,0,4,1,-2,-1,0.02400000000000002,0.0020000000000000018,0.018999999999999906,0.01100000000000001,-0.04899999999999993,-0.20000000000000284,0.24,-18,18,0
0,2,0,-1,1,1,0.10000000000000853,4.700000000000003,-4.52,-4.57,-6.239999999999995,1,2,1,1,0,-1,0.009999999999999953,-0.020000000000000018,0.010000000000000009,-0.006000000000000005,0.017000000000000015,0.9000000000000057,-0.039999999999999994,-9,9,0
0,2,1,-1,1,0,0.9000000000000057,-6.200000000000003,6.99,6.25,-3.4099999999999966,2,0,-2,1,1,2,0.008000000000000007,-0.025999999999999968,0.018000000000000016,-0.0020000000000000018,-0.01200000000000001,-0.30000000000001137,-0.74,15,-15,1
2,0,-1,-1,1,0,-1.4000000000000057,-3.4000000000000057,1.9400000000000004,1.8899999999999997,-14.359999999999985,0,1,6,6,-1,-1,0.0040000000000000036,0.006999999999999951,-0.014000000000000012,-0.009999999999999898,-0.03200000000000003,2.299999999999997,-0.05,6,-6,1
2,2,1,1,1,0,7.299999999999997,-0.8999999999999915,7.9799999999999995,7.6899999999999995,-63.28,0,13,6,-1,3,0,0.04199999999999998,0.01899999999999996,0.05300000000000005,0.041999999999999926,-0.008000000000000007,5.0,-0.29000000000000004,21,-21,1
0,0,1,-1,1,1,6.700000000000003,-0.8999999999999915,7.639999999999999,7.08,-3.25,2,6,2,0,0,-1,0.015000000000000013,0.02100000000000002,0.030999999999999917,0.027000000000000024,0.0020000000000000018,0.0,-0.5599999999999999,20,-20,1
0,2,-1,1,1,1,2.0,0.0,1.8699999999999997,1.91,-37.05999999999999,-2,-1,-1,2,-1,-2,-0.0020000000000000018,0.0010000000000000009,-0.009999999999999898,-0.0050000000000000044,0.01100000000000001,-3.200000000000003,0.040000000000000036,1,-1,1
2,2,-1,1,1,1,-2.4000000000000057,-2.200000000000003,-0.33999999999999986,0.17999999999999972,-30.369999999999997,-2,-8,-5,0,-1,-1,-0.023999999999999966,-0.014000000000000012,-0.038000000000000034,-0.03499999999999992,-0.04800000000000004,-4.700000000000003,0.51,4,-4,1
0,2,1,-1,1,1,1.8000000000000114,-2.1999999999999886,4.04,3.95,-17.940000000000012,2,-2,-3,-2,-1,0,0.016000000000000014,0.020000000000000018,0.0040000000000000036,0.013000000000000012,-0.05900000000000005,-3.5,-0.08999999999999997,9,-9,0
2,2,-1,1,1,1,-3.799999999999997,8.700000000000003,-12.64,-12.07,12.670000000000009,-2,-2,-3,0,-2,-1,0.0030000000000000027,-0.014000000000000012,0.01200000000000001,0.0,0.010000000000000009,1.2999999999999972,0.58,-31,31,0
3,2,1,1,1,1,-0.29999999999999716,-4.599999999999994,4.22,4.0,25.48999999999998,0,-1,-2,0,1,0,0.0010000000000000009,-0.01200000000000001,0.006000000000000005,-0.0020000000000000018,-0.025000000000000022,0.5,-0.22,14,-14,1
2,0,-1,1,1,1,1.2999999999999972,-5.200000000000003,6.449999999999999,5.92,5.799999999999997,-2,1,-2,1,-1,0,-0.0020000000000000018,-0.004999999999999949,0.009000000000000008,0.0030000000000000027,0.008000000000000007,-0.29999999999999716,-0.53,15,-15,0
2,0,-1,-1,1,1,4.800000000000011,5.700000000000003,-0.77,-0.8699999999999997,2.7199999999999847,0,8,6,2,-1,0,0.02400000000000002,0.0030000000000000027,0.027999999999999914,0.015000000000000013,-0.027000000000000024,2.299999999999997,-0.09999999999999999,0,0,0
0,0,0,-1,1,1,-6.200000000000003,3.6999999999999886,-9.67,-9.209999999999999,13.250000000000028,1,-6,-2,2,-1,1,-0.03500000000000003,-0.02799999999999997,-0.039000000000000035,-0.038999999999999924,-0.008000000000000007,1.3999999999999915,0.46,-18,18,0
3,2,-2,2,1,1,-5.599999999999994,2.0,-7.209999999999999,-6.549999999999999,-21.629999999999995,-4,0,0,0,1,-1,0.013999999999999957,-0.006000000000000005,-0.020999999999999908,-0.01100000000000001,-0.025000000000000022,4.099999999999994,0.6599999999999999,-17,17,0
2,3,-1,2,0,1,-14.900000000000006,6.8999999999999915,-21.979999999999997,-20.950000000000003,14.550000000000011,-3,-14,-3,-1,0,1,-0.05199999999999999,-0.04799999999999999,-0.061999999999999944,-0.06099999999999994,0.0020000000000000018,1.1000000000000085,1.03,-46,46,0
0,2,0,1,0,1,-6.200000000000003,8.099999999999994,-14.43,-14.53,19.890000000000015,-1,-3,2,1,-2,-1,-0.01200000000000001,-0.007000000000000006,-0.0030000000000000027,-0.008000000000000007,-0.009999999999999898,2.799999999999997,-0.11000000000000001,-29,29,0
0,3,0,2,1,0,8.299999999999997,3.4000000000000057,4.97,5.49,8.749999999999986,-2,17,5,6,0,0,0.033999999999999975,0.04899999999999999,0.02300000000000002,0.03799999999999992,0.01100000000000001,7.200000000000003,0.52,7,-7,1
0,0,0,0,1,1,6.099999999999994,-3.299999999999997,9.29,9.55,-9.460000000000008,0,3,-3,-1,0,1,0.010000000000000009,0.029000000000000026,0.02200000000000002,0.03499999999999992,0.041000000000000036,-2.4000000000000057,0.26,19,-19,1
0,0,-1,0,1,1,-0.8999999999999915,6.400000000000006,-7.27,-7.42,10.410000000000018,-1,0,6,-4,0,1,0.010000000000000009,0.0040000000000000036,0.03300000000000003,0.02199999999999991,0.03600000000000003,0.7000000000000028,-0.14,-18,18,1
0,0,0,1,1,1,1.4000000000000057,3.299999999999997,-1.8,-1.8099999999999998,-22.44999999999999,-1,0,3,-1,-1,0,-0.0010000000000000009,0.014000000000000012,0.0040000000000000036,0.01200000000000001,0.040000000000000036,-2.1000000000000085,-0.010000000000000009,-3,3,1
1,0,2,-1,1,0,-0.7999999999999972,-1.5,0.74,0.87,38.629999999999995,3,-3,-1,-2,0,1,0.0010000000000000009,0.009000000000000008,0.007000000000000006,0.01100000000000001,-0.02100000000000002,-0.6000000000000085,0.12000000000000001,10,-10,1
0,2,0,-2,1,1,4.599999999999994,-3.9000000000000057,8.46,7.97,10.219999999999999,2,7,6,2,0,1,0.033999999999999975,0.02699999999999997,0.030999999999999917,0.031000000000000028,0.009000000000000008,2.5,-0.49000000000000005,26,-26,0
0,4,-2,0,1,1,-7.400000000000006,2.3999999999999915,-9.59,-9.07,9.120000000000005,-2,-11,-1,-3,1,-1,-0.04899999999999999,-0.04300000000000004,-0.04500000000000004,-0.04599999999999993,0.03700000000000003,-2.8999999999999915,0.52,-22,22,1
2,2,-2,2,1,1,1.2999999999999972,-5.200000000000003,6.449999999999999,5.92,5.799999999999997,-4,1,-2,1,-1,0,-0.0020000000000000018,-0.004999999999999949,0.009000000000000008,0.0030000000000000027,0.008000000000000007,-0.29999999999999716,-0.53,15,-15,1
0,0,2,2,1,0,5.700000000000003,-8.200000000000003,14.0,14.11,29.00999999999999,0,3,-3,0,0,1,0.010000000000000009,0.016000000000000014,0.007000000000000006,0.014000000000000012,0.04399999999999993,-2.5999999999999943,0.12000000000000002,28,-28,1
0,1,2,0,0,1,-0.09999999999999432,1.4000000000000057,-1.3600000000000003,-1.2799999999999998,-9.31000000000001,2,1,4,2,0,0,-0.030999999999999972,-0.009000000000000008,-0.02200000000000002,-0.02100000000000002,-0.03300000000000003,1.2000000000000028,0.07,-2,2,0
3,3,1,-1,1,1,-7.099999999999994,-4.700000000000003,-2.35,-2.38,-25.409999999999982,2,-12,-6,1,0,0,-0.04299999999999998,-0.04999999999999999,-0.03499999999999992,-0.04399999999999993,-0.014000000000000012,-3.8000000000000114,-0.029999999999999916,-9,9,1
3,0,1,-2,1,1,7.799999999999997,-3.3999999999999915,11.309999999999999,10.73,-35.7,3,10,5,1,2,0,0.032999999999999974,0.022999999999999965,0.03300000000000003,0.03299999999999992,-0.0030000000000000027,1.6999999999999886,-0.5800000000000001,22,-22,0
6,1,3,-1,1,0,4.699999999999989,-2.3000000000000114,6.629999999999999,6.159999999999999,15.069999999999993,4,0,0,1,0,1,-0.023999999999999966,-0.019000000000000017,0.010999999999999899,-0.007000000000000006,0.049000000000000044,-3.5999999999999943,-0.47,13,-13,1
5,3,0,-3,1,1,-1.5,-0.19999999999998863,-1.3399999999999999,-1.6199999999999999,25.62999999999998,3,-5,0,-1,0,-1,-0.010999999999999954,0.0050000000000000044,-0.01200000000000001,-0.0040000000000000036,0.017000000000000015,-3.5999999999999943,-0.28,-7,7,1
3,2,0,3,0,1,-3.200000000000003,2.0999999999999943,-5.4399999999999995,-5.220000000000001,3.8700000000000045,-3,-6,0,-2,0,0,-0.0050000000000000044,-0.014000000000000012,-0.02299999999999991,-0.018000000000000016,0.02400000000000002,-3.0999999999999943,0.21999999999999997,-13,13,0
3,0,-1,-2,0,1,-9.400000000000006,-1.2000000000000028,-8.18,-8.370000000000001,12.830000000000013,1,-10,-2,-1,0,-1,-0.04799999999999999,-0.028000000000000025,-0.05499999999999994,-0.050999999999999934,-0.02200000000000002,-0.09999999999999432,-0.19,-20,20,0
2,3,1,-1,1,1,3.6000000000000085,-2.5999999999999943,6.41,6.62,-3.480000000000018,2,4,-1,2,1,1,0.009000000000000008,0.0,0.0,0.0030000000000000027,-0.02300000000000002,0.5,0.21000000000000002,9,-9,0
2,2,0,-1,1,1,-0.8999999999999915,6.400000000000006,-7.27,-7.42,10.410000000000018,1,0,6,-4,0,1,0.010000000000000009,0.0040000000000000036,0.03300000000000003,0.02199999999999991,0.03600000000000003,0.7000000000000028,-0.14,-18,18,0
4,0,0,-2,1,1,3.5999999999999943,-4.400000000000006,8.14,7.77,32.08,2,2,-1,-2,1,1,0.024999999999999967,0.014000000000000012,0.01200000000000001,0.015000000000000013,-0.0040000000000000036,-0.7999999999999972,-0.36999999999999994,22,-22,1
2,0,1,3,1,1,0.29999999999999716,4.599999999999994,-4.22,-4.0,-25.48999999999998,-2,1,2,0,-1,0,-0.0010000000000000009,0.01200000000000001,-0.006000000000000005,0.0020000000000000018,0.025000000000000022,-0.5,0.22,-14,14,1
4,0,-2,-1,1,1,5.0,1.5,3.46,3.25,-13.469999999999999,-1,5,3,1,0,-1,0.02799999999999997,0.014999999999999958,0.028000000000000025,0.026999999999999913,0.04400000000000004,-0.5999999999999943,-0.2,4,-4,1
2,1,-1,-1,0,1,-11.400000000000006,-0.20000000000000284,-11.0,-10.92,15.41000000000001,0,-16,-6,-5,0,-1,-0.069,-0.03200000000000003,-0.06299999999999994,-0.051999999999999935,0.017000000000000015,-3.3999999999999915,0.08,-24,24,0
3,3,1,1,1,1,1.7999999999999972,-4.5,6.2,5.890000000000001,-29.35000000000001,0,0,1,0,0,0,-0.010999999999999954,0.013000000000000012,-0.007000000000000006,0.0050000000000000044,0.019000000000000017,-1.9000000000000057,-0.31000000000000005,10,-10,0
4,3,-3,-1,0,1,-5.5,4.200000000000003,-9.82,-9.09,3.510000000000005,-2,-4,-1,1,-1,0,-0.023999999999999966,-0.007000000000000006,-0.015000000000000013,-0.014000000000000012,-0.03200000000000003,1.7999999999999972,0.72,-23,23,0
2,2,1,1,1,0,4.599999999999994,-8.200000000000003,12.73,12.15,-16.830000000000005,0,4,3,3,0,0,-0.0010000000000000009,0.017000000000000015,0.010000000000000009,0.015999999999999903,0.010000000000000009,-0.3999999999999915,-0.59,27,-27,1
4,4,-1,-2,1,1,-3.200000000000003,1.7999999999999972,-4.819999999999999,-4.699999999999999,25.78,1,-6,-5,1,-1,1,-0.028000000000000025,-0.008999999999999952,-0.02400000000000002,-0.016000000000000014,0.03500000000000003,-2.1000000000000085,0.12,-11,11,1
5,2,4,2,1,0,5.799999999999997,-2.5,8.319999999999999,7.36,-39.28,2,9,2,2,0,-1,0.01200000000000001,0.017000000000000015,0.018999999999999906,0.014000000000000012,-0.009000000000000008,2.200000000000003,-0.96,14,-14,1
3,4,-2,4,1,1,-4.099999999999994,3.200000000000003,-6.879999999999999,-6.6,16.049999999999997,-6,1,3,-4,2,0,0.025999999999999968,0.0,-0.0030000000000000027,0.0030000000000000027,-0.010000000000000009,4.200000000000003,0.2799999999999999,-11,11,1
7,2,-1,-4,1,1,-3.0999999999999943,5.1000000000000085,-8.13,-8.02,27.459999999999994,3,-6,-3,-6,1,0,-0.021999999999999964,-0.020999999999999963,-0.013000000000000012,-0.017000000000000015,0.006000000000000005,-2.3999999999999915,0.11000000000000001,-20,20,0
4,3,-1,0,1,1,-7.799999999999997,3.3999999999999915,-11.309999999999999,-10.73,35.7,-1,-10,-5,-1,-2,0,-0.032999999999999974,-0.022999999999999965,-0.03300000000000003,-0.03299999999999992,0.0030000000000000027,-1.6999999999999886,0.5800000000000001,-22,22,1
2,8,1,-1,0,1,-5.0,-1.3999999999999915,-3.5399999999999996,-3.48,25.009999999999977,2,-5,-2,1,0,0,-0.020999999999999963,-0.0020000000000000018,-0.020000000000000018,-0.013000000000000012,-0.009000000000000008,-0.5,0.06,-14,14,0
4,4,0,2,1,1,4.699999999999989,6.0,-1.44,-1.1300000000000001,12.230000000000004,-2,13,6,4,-1,-1,0.024999999999999967,0.04899999999999999,0.02300000000000002,0.03499999999999992,0.03400000000000003,6.700000000000003,0.30999999999999994,-2,2,1
2,5,0,-2,0,1,9.200000000000003,-2.799999999999997,11.96,11.74,5.339999999999989,2,17,3,7,1,2,0.04199999999999998,0.02300000000000002,0.041000000000000036,0.03599999999999992,-0.0010000000000000009,6.8999999999999915,-0.22,22,-22,0
3,6,3,-1,1,0,5.8999999999999915,-9.700000000000003,15.629999999999999,15.149999999999999,3.549999999999983,4,7,-2,1,2,0,0.01699999999999996,0.017000000000000015,0.008000000000000007,0.018000000000000016,0.04499999999999993,0.7000000000000028,-0.47,34,-34,1
1,1,2,0,1,0,4.599999999999994,-8.200000000000003,12.73,12.15,-16.830000000000005,2,4,3,3,0,0,-0.0010000000000000009,0.017000000000000015,0.010000000000000009,0.015999999999999903,0.010000000000000009,-0.3999999999999915,-0.59,27,-27,1
7,2,1,-2,1,1,3.3999999999999915,-4.400000000000006,7.640000000000001,7.51,-13.319999999999993,3,2,1,0,1,0,0.03199999999999997,0.030999999999999972,0.02300000000000002,0.03399999999999992,0.03500000000000003,-1.2999999999999972,-0.13,14,-14,0
1,3,-1,-2,1,0,1.7999999999999972,-0.4000000000000057,2.3699999999999997,2.67,14.459999999999994,1,6,2,4,2,1,-0.007000000000000006,-0.020000000000000018,-0.0040000000000000036,-0.010000000000000009,0.03600000000000003,4.0,0.3,0,0,1
3,3,2,0,1,1,-0.5,5.200000000000003,-5.71,-5.71,42.34000000000001,2,0,2,-4,0,0,0.023999999999999966,0.01100000000000001,0.03400000000000003,0.029999999999999916,0.03200000000000003,0.6000000000000085,0.010000000000000009,-13,13,0
2,1,-4,-2,1,1,-3.200000000000003,3.200000000000003,-6.58,-6.06,-0.15000000000000568,-2,-2,-3,2,-1,-2,-0.01100000000000001,-0.007000000000000006,-0.01100000000000001,-0.007000000000000006,0.0,0.7000000000000028,0.52,-17,17,0
1,6,0,2,0,1,-1.1000000000000085,-9.0,7.66,7.39,-12.990000000000009,-2,-1,-3,1,2,0,0.0040000000000000036,-0.0050000000000000044,-0.006000000000000005,-0.006000000000000005,-0.013000000000000012,0.4000000000000057,-0.27,14,-14,0
2,2,0,3,0,1,-13.299999999999997,5.5,-18.22,-17.38,17.250000000000014,-3,-11,-2,1,0,-1,-0.03200000000000003,-0.02899999999999997,-0.07199999999999995,-0.05399999999999994,-0.016000000000000014,1.8999999999999915,0.84,-42,42,0
2,2,5,1,1,1,12.299999999999997,2.6000000000000085,9.659999999999998,9.51,-15.52000000000001,4,17,5,3,-1,-2,0.045999999999999985,0.065,0.04799999999999993,0.05699999999999994,0.0010000000000000009,3.700000000000003,-0.15000000000000002,23,-23,1
6,2,-3,0,1,1,-3.5,-1.2000000000000028,-2.1999999999999997,-1.8599999999999999,-0.6200000000000045,-3,0,-2,2,0,1,-0.010000000000000009,-0.007000000000000006,-0.008000000000000007,-0.009000000000000008,-0.026000000000000023,3.0999999999999943,0.33999999999999997,-7,7,0
4,3,-1,0,1,1,-2.1000000000000085,-0.5,-1.6099999999999999,-1.9899999999999998,-21.799999999999997,-1,2,3,0,2,1,-0.006000000000000005,0.0010000000000000009,-0.0030000000000000027,-0.0030000000000000027,-0.031000000000000028,4.3999999999999915,-0.39,0,0,0
3,4,-1,1,1,1,-5.599999999999994,0.20000000000000284,-5.550000000000001,-5.12,-8.820000000000007,-2,-13,-4,-5,0,-1,-0.032999999999999974,-0.02300000000000002,-0.041000000000000036,-0.03299999999999992,-0.02200000000000002,-6.3999999999999915,0.43000000000000005,-13,13,1
4,2,-3,1,0,1,-5.400000000000006,0.09999999999999432,-5.51,-5.8500000000000005,-22.929999999999993,-4,-2,3,2,0,-1,-0.020999999999999963,-0.018000000000000016,-0.039000000000000035,-0.039999999999999925,-0.03700000000000003,2.1000000000000085,-0.34,-20,20,0
9,4,-1,-1,1,1,-6.099999999999994,5.6000000000000085,-11.66,-10.27,-32.609999999999985,0,-7,-3,2,0,-1,-0.035999999999999976,-0.02100000000000002,-0.04999999999999993,-0.041999999999999926,-0.03500000000000003,-0.8000000000000114,1.3900000000000001,-29,29,1
3,3,0,0,1,0,-3.3000000000000114,-4.5,1.1099999999999999,1.1800000000000002,3.3700000000000045,0,-7,-5,-2,0,0,-0.03799999999999998,0.0010000000000000009,-0.03299999999999992,-0.016000000000000014,0.019000000000000017,-2.5,0.06999999999999999,-1,1,1
5,6,-1,4,0,1,-8.599999999999994,7.200000000000003,-15.85,-15.37,6.260000000000005,-5,-10,-3,-1,-2,-1,-0.03199999999999997,-0.03199999999999997,-0.03200000000000003,-0.03799999999999992,-0.05699999999999994,-1.2000000000000028,0.47,-32,32,0
1,1,-1,4,0,1,-13.299999999999997,5.5,-18.22,-17.38,17.250000000000014,-5,-11,-2,1,0,-1,-0.03200000000000003,-0.02899999999999997,-0.07199999999999995,-0.05399999999999994,-0.016000000000000014,1.8999999999999915,0.84,-42,42,0
3,8,-2,0,0,1,-5.799999999999997,5.200000000000003,-11.08,-11.08,6.439999999999998,-2,-12,-5,-9,0,-1,-0.024999999999999967,-0.025999999999999968,-0.019000000000000017,-0.025000000000000022,-0.006000000000000005,-5.8999999999999915,0.0,-24,24,0
1,1,-4,1,1,1,-6.200000000000003,-1.4000000000000057,-4.77,-4.98,15.700000000000003,-5,-5,2,0,0,0,-0.019999999999999962,-0.009000000000000008,-0.03200000000000003,-0.028999999999999915,-0.05800000000000005,1.5,-0.22,-10,10,1
8,8,1,3,1,1,0.29999999999999716,-0.9000000000000057,1.21,1.4099999999999997,2.4099999999999966,-2,0,-6,2,-1,0,0.0040000000000000036,-0.01100000000000001,-0.010000000000000009,-0.014999999999999902,-0.026000000000000023,-0.10000000000000853,0.2,4,-4,0
8,5,-3,6,0,1,-5.799999999999997,1.2000000000000028,-7.059999999999999,-6.69,9.810000000000002,-9,-6,-2,-1,-1,1,-0.0050000000000000044,0.0040000000000000036,-0.020999999999999908,-0.009000000000000008,-0.026000000000000023,-0.5,0.37,-16,16,0
5,9,-1,1,1,1,-2.1999999999999886,5.700000000000003,-7.76,-7.6000000000000005,-2.579999999999984,-2,0,3,0,0,1,-0.0030000000000000027,-0.020000000000000018,0.006000000000000005,-0.013000000000000012,-0.015000000000000013,2.0,0.16,-15,15,1
3,7,0,0,1,1,-6.700000000000003,6.199999999999989,-13.0,-12.25,-14.32999999999997,0,-3,-1,0,0,1,-0.026000000000000023,-0.03199999999999997,-0.019000000000000017,-0.029999999999999916,-0.013000000000000012,4.700000000000003,0.75,-19,19,0
7,5,-1,-5,1,0,8.700000000000003,-4.400000000000006,13.23,12.48,-0.6400000000000148,4,9,5,0,1,1,0.05199999999999999,0.026000000000000023,0.03799999999999992,0.03600000000000003,-0.0040000000000000036,-0.20000000000000284,-0.75,33,-33,1
5,3,3,-2,1,1,4.5,4.599999999999994,-0.020000000000000018,0.1200000000000001,-0.3299999999999841,5,3,4,-1,-1,0,0.02799999999999997,0.035999999999999976,0.029000000000000026,0.039999999999999925,0.04800000000000004,-1.7000000000000028,0.14,0,0,1
2,1,-1,5,0,1,-5.200000000000003,2.799999999999997,-8.209999999999999,-7.859999999999999,-7.059999999999988,-6,-8,-2,-1,-1,-1,0.0,-0.0010000000000000009,-0.009000000000000008,-0.0040000000000000036,-0.02199999999999991,-2.5,0.33999999999999997,-18,18,0
2,4,0,-4,0,1,-6.5,2.700000000000003,-9.01,-8.68,15.680000000000007,4,-11,-1,-4,0,-1,-0.03899999999999998,-0.018000000000000016,-0.03500000000000003,-0.027999999999999914,0.013000000000000012,-3.3999999999999915,0.33,-18,18,0
2,4,0,-2,0,1,-4.199999999999989,4.200000000000003,-8.3,-7.18,29.47,2,-8,-4,-2,-1,0,-0.019999999999999962,-0.01100000000000001,-0.03400000000000003,-0.026999999999999913,-0.02100000000000002,-3.5,1.12,-19,19,0
3,2,1,0,1,0,5.3999999999999915,6.400000000000006,-1.08,-0.040000000000000036,20.72,1,9,2,2,-1,-1,0.033999999999999975,0.045999999999999985,0.019000000000000017,0.03299999999999992,-0.0050000000000000044,3.1000000000000085,1.04,-2,2,1
3,4,6,-4,1,0,5.799999999999997,-1.2000000000000028,7.059999999999999,6.69,-9.810000000000002,10,6,2,1,1,-1,0.0050000000000000044,-0.0040000000000000036,0.020999999999999908,0.009000000000000008,0.026000000000000023,0.5,-0.37,16,-16,1
2,2,-1,4,0,1,-8.200000000000003,7.3999999999999915,-15.739999999999998,-15.700000000000001,23.06000000000001,-5,-6,-4,-2,-1,0,-0.01200000000000001,-0.02899999999999997,-0.009000000000000008,-0.02199999999999991,0.014000000000000012,2.200000000000003,0.04999999999999999,-30,30,0
3,3,-2,2,1,0,-0.9000000000000057,-1.6000000000000085,0.6799999999999999,0.28,-36.03,-4,3,0,2,0,0,-0.0030000000000000027,-0.0040000000000000036,-0.01200000000000001,-0.013000000000000012,-0.01100000000000001,2.200000000000003,-0.4,-6,6,1
3,2,-2,4,1,1,-6.0,4.6000000000000085,-10.239999999999998,-9.69,-46.02999999999999,-6,2,4,0,3,-1,0.009999999999999953,-0.010000000000000009,-0.018999999999999906,-0.01200000000000001,-0.02400000000000002,6.8999999999999915,0.5499999999999999,-21,21,0
1,2,0,0,1,0,-9.200000000000003,2.799999999999997,-11.96,-11.74,-5.339999999999989,0,-17,-3,-7,-1,-2,-0.04199999999999998,-0.02300000000000002,-0.041000000000000036,-0.03599999999999992,0.0010000000000000009,-6.8999999999999915,0.22,-22,22,1
5,2,1,0,0,1,-3.200000000000003,-3.299999999999997,0.08000000000000007,-0.47,28.229999999999976,1,-5,-1,-1,0,0,-0.012999999999999956,0.010000000000000009,-0.017000000000000015,-0.006000000000000005,-0.015000000000000013,-2.0,-0.56,-3,3,0
5,2,0,-6,1,1,2.8999999999999915,-4.800000000000011,7.779999999999999,6.68,23.590000000000003,6,6,3,0,1,1,0.01599999999999996,0.017000000000000015,0.016000000000000014,0.017000000000000015,0.03500000000000003,2.799999999999997,-1.1,22,-22,0
2,3,0,1,1,1,-3.200000000000003,-3.5,0.41000000000000014,1.38,-9.970000000000006,-1,-2,-5,5,0,1,-0.030999999999999972,-0.016000000000000014,-0.040000000000000036,-0.03599999999999992,-0.062000000000000055,1.8999999999999915,0.96,1,-1,1
3,10,0,-2,1,0,9.299999999999997,-5.099999999999994,14.11,14.25,-35.24000000000001,2,9,2,-2,1,0,0.038000000000000034,0.03799999999999998,0.04600000000000004,0.050999999999999934,0.006000000000000005,-0.29999999999999716,0.13999999999999999,30,-30,1
5,1,6,-2,1,0,10.899999999999991,-2.0999999999999943,12.989999999999998,13.399999999999999,-7.660000000000011,8,16,4,3,1,0,0.03699999999999998,0.055999999999999994,0.026000000000000023,0.04299999999999993,0.04399999999999993,3.9000000000000057,0.41999999999999993,27,-27,1
1,2,-2,-2,1,1,-1.2999999999999972,5.200000000000003,-6.449999999999999,-5.92,-5.799999999999997,0,-1,2,-1,1,0,0.0020000000000000018,0.004999999999999949,-0.009000000000000008,-0.0030000000000000027,-0.008000000000000007,0.29999999999999716,0.53,-15,15,0
1,3,2,-2,0,1,-1.7000000000000028,1.7000000000000028,-3.4299999999999997,-2.42,-4.6899999999999835,4,-3,-4,3,-1,-1,-0.009000000000000008,-0.0040000000000000036,-0.015999999999999903,-0.01100000000000001,-0.019000000000000017,-0.7000000000000028,1.01,-11,11,0
2,5,0,-2,1,0,9.400000000000006,1.2000000000000028,8.18,8.370000000000001,-12.830000000000013,2,10,2,1,0,1,0.04799999999999999,0.028000000000000025,0.05499999999999994,0.050999999999999934,0.02200000000000002,0.09999999999999432,0.19,20,-20,1
2,8,4,-3,1,0,4.299999999999997,1.0999999999999943,3.2300000000000004,3.74,-16.919999999999973,7,4,5,4,-2,0,0.023999999999999966,0.03699999999999998,0.019000000000000017,0.03200000000000003,0.030000000000000027,-0.30000000000001137,0.51,12,-12,1
2,4,-2,0,1,1,0.6999999999999886,-6.900000000000006,7.42,7.29,-3.510000000000005,-2,-1,-4,0,1,-1,0.01699999999999996,0.016000000000000014,-0.0010000000000000009,0.014000000000000012,0.02300000000000002,-1.7999999999999972,-0.13,16,-16,1
4,3,-4,0,1,1,-7.700000000000003,3.5,-11.01,-10.83,38.88000000000001,-4,-11,-2,1,-1,0,-0.045999999999999985,-0.022999999999999965,-0.051000000000000045,-0.04299999999999993,0.009000000000000008,-2.200000000000003,0.18000000000000002,-25,25,1
7,2,-2,-4,1,1,7.099999999999994,4.700000000000003,2.35,2.38,25.409999999999982,2,12,6,-1,0,0,0.04299999999999998,0.04999999999999999,0.03499999999999992,0.04399999999999993,0.014000000000000012,3.8000000000000114,0.029999999999999916,9,-9,1
2,2,-4,0,1,1,-3.9000000000000057,1.4000000000000057,-5.2299999999999995,-5.0,-25.019999999999996,-4,2,2,2,2,1,-0.014000000000000012,-0.01100000000000001,-0.006000000000000005,-0.010000000000000009,-0.025000000000000022,5.8999999999999915,0.22999999999999998,-11,11,1
9,2,4,4,1,1,5.599999999999994,-0.6000000000000085,5.81,4.719999999999999,33.38999999999999,0,2,-3,-1,-2,1,0.01100000000000001,0.0040000000000000036,0.04299999999999993,0.02300000000000002,0.03500000000000003,-3.0,-1.08,13,-13,0
2,2,2,0,1,1,0.8999999999999915,-6.400000000000006,7.27,7.42,-10.410000000000018,2,0,-6,4,0,-1,-0.010000000000000009,-0.0040000000000000036,-0.03300000000000003,-0.02199999999999991,-0.03600000000000003,-0.7000000000000028,0.14,18,-18,1
6,2,0,0,1,1,1.7999999999999972,-1.7000000000000028,3.63,3.34,-15.010000000000005,0,9,2,5,1,1,0.0,0.0010000000000000009,-0.006000000000000005,-0.0050000000000000044,0.0010000000000000009,5.700000000000003,-0.29000000000000004,-2,2,1
2,4,-4,6,0,1,-11.299999999999997,7.700000000000003,-18.97,-17.4,8.320000000000007,-10,-12,-2,-2,1,1,-0.03899999999999998,-0.03600000000000003,-0.06299999999999994,-0.05499999999999994,-0.02200000000000002,-0.7000000000000028,1.5699999999999998,-43,43,0
2,5,0,0,1,0,0.7000000000000028,0.4000000000000057,0.3600000000000001,1.09,8.489999999999995,0,-4,-4,-2,0,0,0.009000000000000008,-0.0030000000000000027,-0.0040000000000000036,-0.0020000000000000018,-0.039000000000000035,-3.5999999999999943,0.73,0,0,1
2,4,2,6,1,1,-0.3999999999999915,8.5,-8.979999999999999,-8.729999999999999,-4.340000000000003,-4,0,4,1,-2,-1,0.02400000000000002,0.0020000000000000018,0.018999999999999906,0.01100000000000001,-0.04899999999999993,-0.20000000000000284,0.24,-18,18,1
2,4,4,0,1,1,2.700000000000003,6.3999999999999915,-3.56,-2.6599999999999997,-15.08999999999996,4,3,2,-1,-1,1,0.012999999999999956,0.01100000000000001,0.018000000000000016,0.019000000000000017,0.019000000000000017,0.8999999999999915,0.9,-1,1,1
2,2,0,-4,1,0,3.1999999999999886,-7.900000000000006,10.89,11.129999999999999,-29.909999999999982,4,3,2,5,0,0,0.02799999999999997,0.03199999999999997,0.013000000000000012,0.026000000000000023,0.017000000000000015,0.09999999999999432,0.24,26,-26,1
9,2,2,-4,1,1,6.200000000000003,1.4000000000000057,4.77,4.98,-15.700000000000003,6,5,-2,0,0,0,0.019999999999999962,0.009000000000000008,0.03200000000000003,0.028999999999999915,0.05800000000000005,-1.5,0.22,10,-10,1
3,5,-2,2,0,1,-2.5,4.099999999999994,-6.5600000000000005,-6.98,20.860000000000014,-4,4,3,2,0,0,0.0019999999999999463,-0.010000000000000009,0.01100000000000001,-0.0030000000000000027,0.020000000000000018,5.5,-0.42000000000000004,-10,10,0
5,3,-6,-4,1,0,4.700000000000003,-7.0,11.82,10.629999999999999,5.6499999999999915,-2,4,0,-2,0,1,0.03199999999999997,0.03700000000000003,0.020000000000000018,0.030000000000000027,-0.02400000000000002,-0.7000000000000028,-1.19,31,-31,1
5,3,-2,0,1,1,2.700000000000003,2.5,0.2200000000000002,0.21999999999999975,-9.809999999999988,-2,3,5,0,0,1,0.015000000000000013,0.014999999999999958,0.02400000000000002,0.019999999999999907,0.01200000000000001,0.5,0.0,-2,2,1
2,4,-2,0,1,1,-9.200000000000003,2.299999999999997,-11.34,-10.78,1.200000000000017,-2,-12,-5,5,-2,-1,-0.057999999999999996,-0.02899999999999997,-0.06899999999999995,-0.05699999999999994,-0.006000000000000005,-2.3000000000000114,0.56,-31,31,1
4,5,0,-2,1,1,0.4000000000000057,-2.6000000000000085,3.03,3.1399999999999997,24.39999999999999,2,-2,-4,0,-2,0,0.0040000000000000036,0.0040000000000000036,-0.0020000000000000018,0.0010000000000000009,-0.0010000000000000009,-2.799999999999997,0.11000000000000001,4,-4,1
11,9,-4,-4,1,0,-1.0,-10.300000000000011,9.31,7.89,7.200000000000003,0,-5,-3,-1,0,1,-0.007000000000000006,-0.02899999999999997,0.015000000000000013,-0.0020000000000000018,0.02100000000000002,-3.0,-1.42,20,-20,1
2,9,2,2,1,0,12.099999999999994,-4.700000000000003,16.22,15.23,5.949999999999989,0,11,1,4,-1,2,0.025000000000000022,0.02400000000000002,0.05599999999999994,0.038999999999999924,0.01200000000000001,-0.7000000000000028,-0.99,35,-35,1
4,2,6,4,1,0,6.700000000000003,0.5,6.239999999999999,5.25,8.509999999999998,2,8,-1,-1,-1,-1,0.03999999999999998,0.019000000000000017,0.052999999999999936,0.039000000000000035,0.01200000000000001,1.0999999999999943,-0.98,16,-16,1
11,4,0,-4,1,0,2.5999999999999943,0.8999999999999915,1.6199999999999997,1.4699999999999998,-5.939999999999998,4,0,2,-1,1,-1,0.0,-0.018000000000000016,-0.0020000000000000018,-0.009000000000000008,0.050000000000000044,-2.5999999999999943,-0.15000000000000002,3,-3,1
2,8,2,6,1,1,-1.4000000000000057,-3.299999999999997,1.8,1.8099999999999998,22.44999999999999,-4,0,-3,1,1,0,0.0010000000000000009,-0.014000000000000012,-0.0040000000000000036,-0.01200000000000001,-0.040000000000000036,2.1000000000000085,0.010000000000000009,3,-3,0
2,11,0,-2,1,0,10.900000000000006,-6.099999999999994,17.29,16.93,9.719999999999985,2,14,3,4,1,1,0.03999999999999998,0.03199999999999997,0.03700000000000003,0.041999999999999926,0.008000000000000007,2.3999999999999915,-0.36,30,-30,1
4,8,4,2,1,1,5.0,-3.299999999999997,8.36,7.7299999999999995,13.96,2,7,4,-3,2,1,0.02699999999999997,0.02100000000000002,0.041000000000000036,0.039999999999999925,0.08099999999999996,1.4000000000000057,-0.61,16,-16,1
4,1,2,-2,1,1,4.8999999999999915,-3.200000000000003,7.98,7.82,-7.230000000000004,4,3,2,0,0,0,0.018000000000000016,0.034999999999999976,0.018000000000000016,0.03299999999999992,0.027000000000000024,-1.5,-0.16,13,-13,1
2,2,4,0,1,0,6.400000000000006,3.0999999999999943,3.33,3.8600000000000003,-25.359999999999985,4,10,5,2,0,1,0.04099999999999998,0.009000000000000008,0.039999999999999925,0.028000000000000025,-0.02100000000000002,3.5999999999999943,0.53,13,-13,1
13,2,-2,-4,1,1,4.0,-3.5,7.45,7.74,8.570000000000007,2,3,3,4,-1,0,0.024999999999999967,0.024999999999999967,0.025000000000000022,0.030000000000000027,0.0050000000000000044,0.19999999999998863,0.29000000000000004,26,-26,1
2,12,4,0,0,1,1.6000000000000085,5.900000000000006,-4.18,-4.26,-0.15000000000000568,4,3,2,1,-1,-1,-0.0040000000000000036,-0.016000000000000014,0.0050000000000000044,-0.007000000000000006,0.009000000000000008,0.7000000000000028,-0.06999999999999999,-10,10,0
2,2,0,-4,1,1,3.200000000000003,-3.200000000000003,6.58,6.06,0.15000000000000568,4,2,3,-2,1,2,0.01100000000000001,0.007000000000000006,0.01100000000000001,0.007000000000000006,0.0,-0.7000000000000028,-0.52,17,-17,0
3,3,-2,-2,1,1,0.5,0.10000000000000853,0.43000000000000016,0.42000000000000015,-48.900000000000006,0,0,1,-1,2,0,0.0020000000000000018,-0.009000000000000008,-0.0040000000000000036,-0.006000000000000005,-0.03400000000000003,-0.20000000000000284,-0.010000000000000009,1,-1,0
1,1,6,0,1,0,13.200000000000003,-3.5999999999999943,16.65,15.760000000000002,-18.930000000000007,6,17,3,4,0,0,0.05399999999999999,0.039000000000000035,0.06599999999999995,0.05499999999999994,-0.01100000000000001,3.3999999999999915,-0.89,38,-38,1
3,3,0,-4,1,1,4.599999999999994,-4.5,8.95,9.24,-15.549999999999997,4,2,-4,-1,1,1,0.023999999999999966,0.025000000000000022,0.027000000000000024,0.03599999999999992,0.049000000000000044,-2.200000000000003,0.29,20,-20,1
2,2,2,2,1,1,-0.29999999999999716,2.299999999999997,-2.61,-3.2399999999999998,9.350000000000001,0,2,3,-3,0,0,0.020999999999999963,0.009000000000000008,0.03200000000000003,0.026999999999999913,0.03600000000000003,1.2000000000000028,-0.62,-8,8,0
3,6,-4,2,0,1,-4.699999999999989,2.3000000000000114,-6.629999999999999,-6.159999999999999,-15.069999999999993,-6,0,0,-1,0,-1,0.023999999999999966,0.019000000000000017,-0.010999999999999899,0.007000000000000006,-0.049000000000000044,3.5999999999999943,0.47,-13,13,0
4,4,0,0,1,1,-2.0,0.0,-1.8699999999999997,-1.91,37.05999999999999,0,1,1,-2,1,2,0.0020000000000000018,-0.0010000000000000009,0.009999999999999898,0.0050000000000000044,-0.01100000000000001,3.200000000000003,-0.040000000000000036,-1,1,1
2,2,-4,-2,1,0,2.6000000000000085,-9.5,12.32,11.440000000000001,0.9699999999999989,-2,-3,-2,-2,1,1,0.006000000000000005,-0.017000000000000015,0.014000000000000012,0.0040000000000000036,-0.0030000000000000027,-4.800000000000011,-0.8799999999999999,23,-23,1
8,6,-4,0,1,0,4.6000000000000085,1.6000000000000085,2.879999999999999,2.8099999999999996,-11.420000000000016,-4,5,-1,-7,2,0,0.02400000000000002,0.0020000000000000018,0.038000000000000034,0.025999999999999912,-0.0030000000000000027,-0.19999999999998863,-0.06999999999999999,5,-5,1
2,2,2,-2,1,1,3.0999999999999943,-1.4000000000000057,4.4399999999999995,5.04,-21.98999999999998,4,3,0,0,0,1,0.0030000000000000027,0.010000000000000009,0.007000000000000006,0.01200000000000001,-0.0020000000000000018,1.0999999999999943,0.6,12,-12,0
2,2,4,4,1,1,5.299999999999997,-4.200000000000003,9.57,9.139999999999999,16.369999999999997,0,7,-2,-1,1,1,0.030999999999999972,0.010000000000000009,0.031000000000000028,0.025000000000000022,0.05499999999999994,1.2999999999999972,-0.41000000000000003,20,-20,0
2,12,4,0,1,0,5.1000000000000085,0.0,5.09,4.71,-32.72000000000001,4,7,6,2,0,0,0.027000000000000024,0.01200000000000001,0.025999999999999912,0.02100000000000002,0.0,0.5999999999999943,-0.38,11,-11,1
4,6,6,2,1,1,-0.5,3.0999999999999943,-3.48,-3.13,13.140000000000015,4,-2,1,-2,-1,1,0.0,0.02100000000000002,0.0010000000000000009,0.013000000000000012,0.0040000000000000036,-1.1000000000000085,0.34,-4,4,0
9,6,-2,2,1,1,-6.0,1.7000000000000028,-7.83,-7.46,-10.149999999999991,-4,-11,-4,-4,-1,-1,-0.02899999999999997,-0.024999999999999967,-0.029000000000000026,-0.03299999999999992,-0.02400000000000002,-4.5,0.37,-12,12,0
2,1,-2,-4,1,0,5.400000000000006,-0.09999999999999432,5.51,5.8500000000000005,22.929999999999993,2,2,-3,-2,0,1,0.020999999999999963,0.018000000000000016,0.039000000000000035,0.039999999999999925,0.03700000000000003,-2.1000000000000085,0.34,20,-20,1
4,5,-2,6,0,1,-7.6000000000000085,3.3999999999999915,-11.1,-10.64,27.750000000000014,-8,-4,1,1,0,1,-0.02100000000000002,-0.016000000000000014,-0.02499999999999991,-0.02200000000000002,0.03300000000000003,3.0,0.45999999999999996,-25,25,0
5,1,2,-2,1,0,8.5,-8.299999999999997,16.95,17.11,-20.650000000000013,4,6,-2,4,0,0,0.016000000000000014,0.01799999999999996,-0.0010000000000000009,0.007000000000000006,-0.040000000000000036,-2.3000000000000114,0.15000000000000002,34,-34,1
5,2,-4,0,0,1,1.9000000000000057,4.1000000000000085,-2.3199999999999994,-1.6399999999999997,-10.61,-4,5,1,2,1,1,0.015000000000000013,0.0030000000000000027,0.0030000000000000027,0.0,-0.03300000000000003,2.6999999999999886,0.6799999999999999,-5,5,0
1,3,2,2,1,0,5.200000000000003,-2.799999999999997,8.209999999999999,7.859999999999999,7.059999999999988,0,8,2,1,1,1,0.0,0.0010000000000000009,0.009000000000000008,0.0040000000000000036,0.02199999999999991,2.5,-0.33999999999999997,18,-18,1
2,1,0,2,1,1,-2.299999999999997,1.0,-3.2399999999999998,-3.0300000000000002,3.660000000000011,-2,-2,2,-1,0,2,-0.012999999999999956,0.0,-0.0040000000000000036,-0.007000000000000006,-0.03200000000000003,1.0999999999999943,0.2,-6,6,1
3,5,-2,2,1,1,-7.099999999999994,-4.700000000000003,-2.35,-2.38,-25.409999999999982,-4,-12,-6,1,0,0,-0.04299999999999998,-0.04999999999999999,-0.03499999999999992,-0.04399999999999993,-0.014000000000000012,-3.8000000000000114,-0.029999999999999916,-9,9,1
9,3,0,4,0,1,-12.099999999999994,4.700000000000003,-16.22,-15.23,-5.949999999999989,-4,-11,-1,-4,1,-2,-0.025000000000000022,-0.02400000000000002,-0.05599999999999994,-0.038999999999999924,-0.01200000000000001,0.7000000000000028,0.99,-35,35,0
5,4,0,-4,1,1,4.400000000000006,-1.2999999999999972,5.66,5.42,-23.88000000000001,4,-2,-1,-3,0,-1,0.016000000000000014,0.0020000000000000018,0.0020000000000000018,0.0040000000000000036,-0.009000000000000008,-6.099999999999994,-0.24,12,-12,0
3,2,-4,6,1,1,-9.799999999999997,6.0,-15.77,-15.100000000000001,30.709999999999994,-10,-12,-5,-6,1,1,-0.03699999999999998,-0.04199999999999998,-0.04399999999999993,-0.04400000000000004,0.0040000000000000036,-2.3999999999999915,0.6699999999999999,-40,40,0
2,5,2,-4,1,0,9.899999999999991,-12.400000000000006,22.299999999999997,21.29,-0.46000000000000796,6,11,1,2,1,1,0.02999999999999997,0.027000000000000024,0.041000000000000036,0.040999999999999925,0.06499999999999995,0.9000000000000057,-1.0,47,-47,1
2,2,2,2,1,1,0.20000000000000284,0.5,-0.15000000000000036,0.1299999999999999,-6.900000000000013,0,1,-2,4,-1,0,-0.02699999999999997,-0.020000000000000018,-0.03200000000000003,-0.03599999999999992,-0.05900000000000005,1.0999999999999943,0.27,2,-2,1
3,7,-4,0,1,0,0.9000000000000057,0.30000000000001137,0.5800000000000001,0.3900000000000001,6.560000000000002,-4,0,0,-1,-1,0,0.010000000000000009,0.025000000000000022,0.010000000000000009,0.018000000000000016,-0.02400000000000002,-0.5,-0.18999999999999997,4,-4,1
2,2,0,-4,1,0,7.6000000000000085,-1.8999999999999915,9.68,9.690000000000001,-10.239999999999995,4,6,4,0,0,1,0.026000000000000023,0.021999999999999964,0.03200000000000003,0.028999999999999915,-0.0040000000000000036,-1.6000000000000085,0.010000000000000009,16,-16,1
3,3,0,4,1,1,-1.7999999999999972,1.7000000000000028,-3.63,-3.34,15.010000000000005,-4,-9,-2,-5,-1,-1,0.0,-0.0010000000000000009,0.006000000000000005,0.0050000000000000044,-0.0010000000000000009,-5.700000000000003,0.29000000000000004,2,-2,1
3,6,-4,2,1,1,-4.8999999999999915,3.200000000000003,-7.98,-7.82,7.230000000000004,-6,-3,-2,0,0,0,-0.018000000000000016,-0.034999999999999976,-0.018000000000000016,-0.03299999999999992,-0.027000000000000024,1.5,0.16,-13,13,1
5,5,0,4,1,1,0.5,-3.0999999999999943,3.48,3.13,-13.140000000000015,-4,2,-1,2,1,-1,0.0,-0.02100000000000002,-0.0010000000000000009,-0.013000000000000012,-0.0040000000000000036,1.1000000000000085,-0.34,4,-4,1
14,4,-2,-2,1,1,-3.5999999999999943,4.400000000000006,-8.14,-7.77,-32.08,0,-2,1,2,-1,-1,-0.024999999999999967,-0.014000000000000012,-0.01200000000000001,-0.015000000000000013,0.0040000000000000036,0.7999999999999972,0.36999999999999994,-22,22,1
8,8,-2,-2,1,1,-8.600000000000009,3.1999999999999886,-11.59,-11.219999999999999,32.32000000000001,0,-11,-2,2,0,0,-0.055999999999999994,-0.04799999999999999,-0.061000000000000054,-0.06099999999999994,0.03300000000000003,-1.7000000000000028,0.37,-29,29,1
8,6,4,-4,1,1,10.099999999999994,-3.700000000000003,13.399999999999999,12.68,8.529999999999987,8,5,-3,0,-1,2,0.0040000000000000036,0.020000000000000018,0.04799999999999993,0.03799999999999992,0.051000000000000045,-4.0,-0.72,31,-31,1
5,10,-6,2,0,1,-5.5,5.200000000000003,-10.65,-10.04,-30.959999999999994,-8,-3,0,0,1,0,-0.02699999999999997,-0.019000000000000017,-0.04400000000000004,-0.040999999999999925,-0.031000000000000028,1.5,0.61,-29,29,0
8,10,-2,0,1,1,0.3999999999999915,-1.2000000000000028,1.5599999999999998,1.7100000000000002,31.929999999999993,-2,0,-4,0,0,-1,0.013999999999999957,0.007000000000000006,0.0010000000000000009,0.008000000000000007,-0.0040000000000000036,-0.09999999999999432,0.15000000000000002,5,-5,1
3,7,2,0,1,0,5.5,-4.200000000000003,9.82,9.09,-3.510000000000005,2,4,1,-1,1,0,0.023999999999999966,0.007000000000000006,0.015000000000000013,0.014000000000000012,0.03200000000000003,-1.7999999999999972,-0.72,23,-23,1
7,4,0,2,1,0,0.3999999999999915,-7.799999999999997,8.0,7.7,-6.90000000000002,-2,0,-2,1,1,0,-0.009999999999999953,-0.0010000000000000009,-0.01100000000000001,-0.007000000000000006,-0.02100000000000002,0.20000000000000284,-0.30000000000000004,13,-13,1
7,7,0,-2,1,1,3.0,1.3999999999999915,1.67,1.5699999999999998,12.050000000000011,2,6,3,-3,1,2,0.022999999999999965,0.0010000000000000009,0.029999999999999916,0.018000000000000016,-0.0020000000000000018,3.700000000000003,-0.10000000000000003,13,-13,1
8,7,6,0,1,0,14.400000000000006,-4.3999999999999915,18.65,17.91,-42.13000000000001,6,17,4,-1,1,-1,0.061,0.043999999999999984,0.08199999999999996,0.06999999999999995,-0.007000000000000006,2.200000000000003,-0.74,45,-45,1
13,4,-6,0,1,1,-8.200000000000003,6.0,-14.34,-13.870000000000001,11.300000000000011,-6,-8,-1,-1,0,0,-0.03699999999999998,-0.02699999999999997,-0.031000000000000028,-0.03399999999999992,0.0040000000000000036,1.1000000000000085,0.47,-26,26,0
9,16,2,4,1,1,-2.200000000000003,-3.0,0.9599999999999995,0.8199999999999998,20.75,-2,1,-3,2,1,1,-0.027000000000000024,-0.009000000000000008,-0.02199999999999991,-0.016000000000000014,0.016000000000000014,3.5,-0.14,-2,2,1
4,9,-2,-2,1,0,-2.8999999999999915,-1.0,-1.85,-1.26,35.269999999999996,0,-7,-6,-1,-2,0,-0.021999999999999964,-0.01599999999999996,-0.025000000000000022,-0.02399999999999991,-0.013000000000000012,-3.799999999999997,0.5900000000000001,-4,4,1
4,6,-2,-2,1,0,10.0,-1.5,11.21,10.54,-15.060000000000002,0,11,3,2,0,0,0.04899999999999999,0.025000000000000022,0.04300000000000004,0.03699999999999992,0.013000000000000012,0.29999999999999716,-0.67,25,-25,1
6,7,-2,4,0,1,-1.2000000000000028,4.799999999999997,-6.07,-6.8,33.850000000000016,-6,4,6,-2,0,0,0.014999999999999958,0.014000000000000012,0.038000000000000034,0.03199999999999992,0.07100000000000006,4.200000000000003,-0.72,-13,13,0
4,3,2,-2,0,1,5.5,-8.5,14.069999999999999,13.44,-28.38000000000001,4,7,2,1,2,1,0.0030000000000000027,0.010000000000000009,0.007000000000000006,0.010000000000000009,0.04899999999999993,0.7999999999999972,-0.62,29,-29,0
8,1,2,0,1,0,3.8999999999999915,-10.100000000000009,14.0,13.35,-3.3599999999999994,2,1,-1,-2,2,1,0.02799999999999997,0.02300000000000002,0.010000000000000009,0.02100000000000002,0.02300000000000002,-2.5,-0.6499999999999999,33,-33,1
8,5,0,-2,1,1,0.9000000000000057,-2.5,3.46,3.56,-24.500000000000014,2,-2,-3,-1,0,0,0.006000000000000005,-0.0050000000000000044,-0.006000000000000005,-0.0050000000000000044,-0.03500000000000003,-3.0,0.1,5,-5,0
14,10,-2,-4,1,0,1.5999999999999943,-5.299999999999997,6.790000000000001,6.4,-1.8300000000000125,2,1,3,5,-1,-1,0.01100000000000001,0.025999999999999968,0.0010000000000000009,0.013000000000000012,0.01100000000000001,-1.2000000000000028,-0.39,13,-13,1
1,5,-2,-6,1,0,11.700000000000003,-4.799999999999997,16.54,15.73,-10.680000000000007,4,8,3,-1,0,-1,0.046999999999999986,0.033999999999999975,0.039000000000000035,0.04299999999999993,0.02200000000000002,-4.200000000000003,-0.81,33,-33,1
16,5,-4,2,1,1,-6.0,0.5,-6.52,-6.08,-24.579999999999984,-6,-6,0,4,-1,-2,-0.02999999999999997,-0.020000000000000018,-0.04499999999999993,-0.040999999999999925,-0.041000000000000036,-0.20000000000000284,0.44000000000000006,-20,20,1
5,1,-2,4,1,1,0.6000000000000085,2.6000000000000085,-2.03,-2.8499999999999996,15.910000000000004,-6,2,3,-4,-1,0,0.030999999999999972,0.03400000000000003,0.04200000000000004,0.04499999999999993,0.01200000000000001,0.7000000000000028,-0.81,-4,4,1
8,12,0,0,0,1,6.799999999999997,9.700000000000003,-2.88,-1.8499999999999999,-1.7299999999999898,0,9,5,1,-2,-1,0.032999999999999974,0.06,0.02300000000000002,0.04499999999999993,0.03500000000000003,1.0,1.03,-5,5,0
2,1,2,-2,1,1,2.1000000000000085,0.5,1.6099999999999999,1.9899999999999998,21.799999999999997,4,-2,-3,0,-2,-1,0.006000000000000005,-0.0010000000000000009,0.0030000000000000027,0.0030000000000000027,0.031000000000000028,-4.3999999999999915,0.39,0,0,0
1,8,2,4,1,0,0.09999999999999432,-1.4000000000000057,1.3600000000000003,1.2799999999999998,9.31000000000001,-2,-1,-4,-2,0,0,0.030999999999999972,0.009000000000000008,0.02200000000000002,0.02100000000000002,0.03300000000000003,-1.2000000000000028,-0.07,2,-2,1
3,7,6,-6,1,0,11.299999999999997,-7.700000000000003,18.97,17.4,-8.320000000000007,12,12,2,2,-1,-1,0.03899999999999998,0.03600000000000003,0.06299999999999994,0.05499999999999994,0.02200000000000002,0.7000000000000028,-1.5699999999999998,43,-43,1
2,2,0,0,1,1,1.8000000000000114,-2.1999999999999886,4.04,3.95,-17.940000000000012,0,-2,-3,-2,-1,0,0.016000000000000014,0.020000000000000018,0.0040000000000000036,0.013000000000000012,-0.05900000000000005,-3.5,-0.08999999999999997,9,-9,1
7,2,2,0,1,1,-1.2000000000000028,-3.5,2.28,3.29,-47.029999999999994,2,-3,-6,7,-1,-1,-0.032999999999999974,-0.015000000000000013,-0.04999999999999993,-0.040999999999999925,-0.051000000000000045,-1.3000000000000114,1.0,2,-2,1
3,2,2,-4,1,0,5.799999999999997,-5.200000000000003,11.08,11.08,-6.439999999999998,6,12,5,9,0,1,0.024999999999999967,0.025999999999999968,0.019000000000000017,0.025000000000000022,0.006000000000000005,5.8999999999999915,0.0,24,-24,1
3,12,0,0,1,0,8.599999999999994,-7.200000000000003,15.85,15.37,-6.260000000000005,0,10,3,1,2,1,0.03199999999999997,0.03199999999999997,0.03200000000000003,0.03799999999999992,0.05699999999999994,1.2000000000000028,-0.47,32,-32,1
2,10,-2,0,0,1,-2.299999999999997,5.0,-7.1,-6.14,9.920000000000016,-2,-2,0,0,-1,1,-0.008000000000000007,0.009000000000000008,-0.0020000000000000018,0.006000000000000005,0.010000000000000009,0.3999999999999915,0.96,-15,15,0
21,2,2,-2,1,1,0.4000000000000057,-4.0,4.43,4.97,12.639999999999993,4,-4,-1,1,-1,0,-0.020999999999999963,0.006000000000000005,-0.02400000000000002,-0.01100000000000001,-0.01100000000000001,-3.8999999999999915,0.53,8,-8,1
2,2,2,2,1,0,5.699999999999989,0.7000000000000028,4.78,5.54,-14.719999999999999,0,8,2,2,0,-1,0.03699999999999998,0.05499999999999999,0.017000000000000015,0.038999999999999924,0.02200000000000002,1.4000000000000057,0.76,9,-9,1
5,4,0,-2,1,1,-7.700000000000003,3.5,-11.01,-10.83,38.88000000000001,2,-11,-2,1,-1,0,-0.045999999999999985,-0.022999999999999965,-0.051000000000000045,-0.04299999999999993,0.009000000000000008,-2.200000000000003,0.18000000000000002,-25,25,1
3,8,-4,2,1,1,-6.099999999999994,3.299999999999997,-9.29,-9.55,9.460000000000008,-6,-3,3,1,0,-1,-0.010000000000000009,-0.029000000000000026,-0.02200000000000002,-0.03499999999999992,-0.041000000000000036,2.4000000000000057,-0.26,-19,19,1
8,4,0,0,1,1,3.200000000000003,-3.200000000000003,6.58,6.06,0.15000000000000568,0,2,3,-2,1,2,0.01100000000000001,0.007000000000000006,0.01100000000000001,0.007000000000000006,0.0,-0.7000000000000028,-0.52,17,-17,1
8,1,2,2,0,1,6.5,5.1000000000000085,1.3399999999999999,2.15,23.75999999999999,0,8,3,1,-1,-1,0.033999999999999975,0.04799999999999999,0.029000000000000026,0.04299999999999993,0.010000000000000009,1.5,0.8099999999999999,9,-9,0
9,3,-2,2,1,1,-7.299999999999997,6.1000000000000085,-13.44,-12.1,0.29000000000000625,-4,-4,-2,3,-1,0,-0.03199999999999997,-0.019000000000000017,-0.018000000000000016,-0.02100000000000002,-0.026000000000000023,3.299999999999997,1.3399999999999999,-34,34,1
10,2,4,-2,1,1,-5.599999999999994,-3.5,-2.02,-2.4299999999999997,12.27000000000001,6,-11,-3,-3,1,1,-0.030999999999999972,-0.043999999999999984,-0.017000000000000015,-0.029999999999999916,0.0010000000000000009,-3.700000000000003,-0.4099999999999999,-3,3,1
6,10,0,4,1,1,-3.6000000000000085,2.5999999999999943,-6.41,-6.62,3.480000000000018,-4,-4,1,-2,-1,-1,-0.009000000000000008,0.0,0.0,-0.0030000000000000027,0.02300000000000002,-0.5,-0.21000000000000002,-9,9,0
3,3,4,-2,1,1,3.5999999999999943,-3.9000000000000057,7.49,7.64,-20.220000000000006,6,3,-1,4,0,0,0.0050000000000000044,0.010999999999999954,-0.009000000000000008,-0.0020000000000000018,-0.02400000000000002,-0.20000000000000284,0.14,16,-16,0
3,6,0,2,1,1,8.600000000000009,-3.1999999999999886,11.59,11.219999999999999,-32.32000000000001,-2,11,2,-2,0,0,0.055999999999999994,0.04799999999999999,0.061000000000000054,0.06099999999999994,-0.03300000000000003,1.7000000000000028,-0.37,29,-29,1
2,5,2,2,1,1,-0.5999999999999943,5.5,-6.06,-6.01,12.820000000000014,0,0,0,-2,-1,1,0.014000000000000012,-0.007000000000000006,0.02300000000000002,0.007000000000000006,0.010000000000000009,0.5999999999999943,0.06,-14,14,1
2,6,2,4,1,1,-4.0,-1.2999999999999972,-2.67,-2.5200000000000005,35.760000000000005,-2,-8,-5,-3,0,0,-0.027000000000000024,-0.010000000000000009,-0.015999999999999903,-0.01100000000000001,0.015000000000000013,-2.200000000000003,0.15000000000000002,0,0,0
8,3,4,0,1,0,4.0,-0.4000000000000057,4.109999999999999,3.129999999999999,17.989999999999995,4,2,0,1,-1,1,-0.006000000000000005,-0.009000000000000008,0.025999999999999912,0.0030000000000000027,0.010000000000000009,-1.5999999999999943,-0.98,12,-12,1
7,6,-2,-6,1,0,9.700000000000003,-4.799999999999997,14.67,13.82,26.37999999999998,4,9,4,-3,1,1,0.04899999999999999,0.032999999999999974,0.04899999999999993,0.04799999999999993,0.01100000000000001,-1.0,-0.8500000000000001,32,-32,1
6,7,-2,0,1,1,-1.2999999999999972,-3.0999999999999943,1.76,0.85,-7.360000000000028,-2,-3,1,0,0,-1,-0.013999999999999957,0.0030000000000000027,-0.014000000000000012,-0.007000000000000006,0.02100000000000002,-3.0,-0.91,-2,2,1
11,11,-4,2,0,1,-3.1999999999999886,7.900000000000006,-10.89,-11.129999999999999,29.909999999999982,-6,-3,-2,-5,0,0,-0.02799999999999997,-0.03199999999999997,-0.013000000000000012,-0.026000000000000023,-0.017000000000000015,-0.09999999999999432,-0.24,-26,26,0
4,8,6,-2,1,0,11.200000000000003,-2.5999999999999943,13.829999999999998,13.21,-16.35000000000001,8,11,-1,0,0,0,0.032999999999999974,0.03500000000000003,0.05799999999999994,0.05399999999999994,0.028000000000000025,0.09999999999999432,-0.62,34,-34,1
6,7,0,-2,1,1,8.200000000000003,0.4000000000000057,7.59,7.53,-18.28,2,11,2,4,0,0,0.04099999999999998,0.013000000000000012,0.040000000000000036,0.029999999999999916,0.019000000000000017,1.7999999999999972,-0.05,14,-14,0
4,4,0,4,0,1,-2.1000000000000085,7.0,-8.99,-8.4,26.61,-4,0,1,4,-2,-1,-0.015000000000000013,0.02100000000000002,-0.03400000000000003,-0.013000000000000012,0.008000000000000007,1.5,0.59,-22,22,0
7,1,-4,-2,1,0,4.5,-1.7000000000000028,6.1899999999999995,6.130000000000001,-13.100000000000009,-2,5,-3,0,0,1,0.01799999999999996,0.014000000000000012,0.027000000000000024,0.026999999999999913,0.026000000000000023,0.09999999999999432,-0.06000000000000001,14,-14,1
1,5,0,-6,1,1,6.099999999999994,-5.6000000000000085,11.66,10.27,32.609999999999985,6,7,3,-2,0,1,0.035999999999999976,0.02100000000000002,0.04999999999999993,0.041999999999999926,0.03500000000000003,0.8000000000000114,-1.3900000000000001,29,-29,1
16,1,-2,-2,0,1,-0.20000000000000284,-0.29999999999999716,0.07000000000000006,-0.6699999999999999,-57.39,0,4,5,1,2,0,-0.007000000000000006,-0.006000000000000005,0.0,-0.0040000000000000036,0.0050000000000000044,3.3999999999999915,-0.74,1,-1,0
1,1,4,2,1,0,5.5,0.7999999999999972,4.449999999999999,3.4399999999999995,24.079999999999984,2,3,1,1,-2,1,-0.019999999999999962,-0.0050000000000000044,0.020999999999999908,0.0020000000000000018,0.0020000000000000018,-1.7999999999999972,-1.01,11,-11,1
5,2,4,0,1,1,6.0,-1.7000000000000028,7.83,7.46,10.149999999999991,4,11,4,4,1,1,0.02899999999999997,0.024999999999999967,0.029000000000000026,0.03299999999999992,0.02400000000000002,4.5,-0.37,12,-12,1
15,2,4,0,0,1,1.4000000000000057,1.7000000000000028,-0.20999999999999952,0.38000000000000034,-0.3500000000000085,4,5,3,3,0,1,0.020000000000000018,0.007000000000000006,0.019999999999999907,0.015000000000000013,-0.030000000000000027,3.0999999999999943,0.59,-1,1,0
5,1,0,-2,1,1,6.5,-4.099999999999994,10.41,10.51,-27.440000000000005,2,9,4,5,1,1,0.014000000000000012,0.020000000000000018,0.013000000000000012,0.015999999999999903,-0.02300000000000002,2.299999999999997,0.09,22,-22,0
1,19,0,2,0,1,-3.5999999999999943,8.700000000000003,-12.389999999999999,-12.12,-7.209999999999994,-2,-5,0,0,-2,-2,-0.0040000000000000036,-0.017000000000000015,-0.0040000000000000036,-0.01100000000000001,-0.0129999999999999,-1.7999999999999972,0.27,-28,28,0
2,10,-2,0,1,1,-6.200000000000003,3.6999999999999886,-9.67,-9.209999999999999,13.250000000000028,-2,-6,-2,2,-1,1,-0.03500000000000003,-0.02799999999999997,-0.039000000000000035,-0.038999999999999924,-0.008000000000000007,1.3999999999999915,0.46,-18,18,0
3,7,6,-4,1,1,7.1000000000000085,-3.5,10.669999999999998,10.22,21.14999999999999,10,4,-2,0,-2,-1,0.019000000000000017,0.025000000000000022,0.028999999999999915,0.028000000000000025,0.0010000000000000009,-2.799999999999997,-0.44999999999999996,24,-24,0
2,2,0,0,1,1,4.799999999999997,-0.4000000000000057,5.21,4.35,26.809999999999988,0,6,5,-3,1,1,0.03799999999999998,0.025999999999999968,0.040999999999999925,0.038999999999999924,0.027000000000000024,1.1000000000000085,-0.8600000000000001,14,-14,1
4,7,4,-2,1,1,-4.699999999999989,-6.0,1.44,1.1300000000000001,-12.230000000000004,6,-13,-6,-4,1,1,-0.024999999999999967,-0.04899999999999999,-0.02300000000000002,-0.03499999999999992,-0.03400000000000003,-6.700000000000003,-0.30999999999999994,2,-2,1
3,9,-4,2,0,1,-3.3999999999999915,7.400000000000006,-10.74,-11.26,36.809999999999995,-6,-4,0,-9,1,0,-0.0010000000000000009,-0.011999999999999955,0.019000000000000017,0.009999999999999898,0.04200000000000004,-1.1999999999999886,-0.51,-28,28,0
10,2,-6,2,0,1,-8.299999999999997,8.799999999999997,-17.1,-16.98,13.75,-8,-5,0,0,-1,0,-0.04299999999999998,-0.03799999999999998,-0.031000000000000028,-0.04299999999999993,-0.019000000000000017,3.4000000000000057,0.12,-32,32,0
11,2,0,2,1,1,-3.700000000000003,1.7000000000000028,-5.3,-4.33,32.370000000000005,-2,-2,-3,1,0,1,-0.007000000000000006,-0.0050000000000000044,-0.006000000000000005,-0.006000000000000005,-0.030000000000000027,2.5,0.97,-12,12,1
2,4,4,-2,1,0,2.700000000000003,-0.09999999999999432,2.9499999999999997,3.06,21.019999999999996,6,6,2,3,1,1,0.0030000000000000027,0.0050000000000000044,0.006000000000000005,0.008000000000000007,0.01200000000000001,3.5,0.11000000000000001,4,-4,1
10,16,-2,-2,1,1,-0.10000000000000853,-4.700000000000003,4.52,4.57,6.239999999999995,0,-2,-1,-1,0,1,-0.009999999999999953,0.020000000000000018,-0.010000000000000009,0.006000000000000005,-0.017000000000000015,-0.9000000000000057,0.039999999999999994,9,-9,0
11,2,-6,-2,0,1,-0.09999999999999432,5.1000000000000085,-5.14,-4.1899999999999995,-8.030000000000001,-4,-1,-3,-2,1,1,-0.006000000000000005,-0.0010000000000000009,-0.0050000000000000044,-0.0010000000000000009,0.006000000000000005,-0.6000000000000085,0.95,-9,9,0
4,11,2,2,1,1,-1.5,2.5,-3.9799999999999995,-3.9000000000000004,-34.969999999999985,0,1,3,1,0,1,-0.013999999999999957,-0.009000000000000008,-0.01100000000000001,-0.018000000000000016,-0.01100000000000001,1.7000000000000028,0.07999999999999999,-16,16,0
7,2,-4,0,1,1,7.700000000000003,3.5,4.11,4.4,-5.139999999999986,-4,9,3,2,-1,1,0.04099999999999998,0.03400000000000003,0.041000000000000036,0.04299999999999993,0.02300000000000002,0.6999999999999886,0.29000000000000004,10,-10,0
4,4,0,2,0,1,-8.700000000000003,4.400000000000006,-13.23,-12.48,0.6400000000000148,-2,-9,-5,0,-1,-1,-0.05199999999999999,-0.026000000000000023,-0.03799999999999992,-0.03600000000000003,0.0040000000000000036,0.20000000000000284,0.75,-33,33,0
2,2,-2,2,1,1,-5.299999999999997,4.200000000000003,-9.57,-9.139999999999999,-16.369999999999997,-4,-7,2,1,-1,-1,-0.030999999999999972,-0.010000000000000009,-0.031000000000000028,-0.025000000000000022,-0.05499999999999994,-1.2999999999999972,0.41000000000000003,-20,20,0
3,3,-2,-2,0,1,-7.299999999999997,0.8999999999999915,-7.9799999999999995,-7.6899999999999995,63.28,0,-13,-6,1,-3,0,-0.04199999999999998,-0.01899999999999996,-0.05300000000000005,-0.041999999999999926,0.008000000000000007,-5.0,0.29000000000000004,-21,21,0
5,10,-2,-4,1,1,3.0999999999999943,-5.1000000000000085,8.13,8.02,-27.459999999999994,2,6,3,6,-1,0,0.021999999999999964,0.020999999999999963,0.013000000000000012,0.017000000000000015,-0.006000000000000005,2.3999999999999915,-0.11000000000000001,20,-20,0
7,6,2,-6,1,0,9.100000000000009,-5.699999999999989,14.92,14.260000000000002,-4.740000000000009,8,8,1,0,-1,0,0.046999999999999986,0.05199999999999999,0.041000000000000036,0.051999999999999935,-0.028000000000000025,-1.6000000000000085,-0.6599999999999999,30,-30,1
3,7,-6,-2,1,1,1.2000000000000028,7.599999999999994,-6.3,-6.109999999999999,22.30000000000002,-4,0,-1,-3,-2,0,0.02699999999999997,0.014000000000000012,0.028000000000000025,0.027000000000000024,0.04600000000000004,-1.6000000000000085,0.2,-12,12,1
3,5,-2,2,1,1,-3.5999999999999943,4.400000000000006,-8.14,-7.77,-32.08,-4,-2,1,2,-1,-1,-0.024999999999999967,-0.014000000000000012,-0.01200000000000001,-0.015000000000000013,0.0040000000000000036,0.7999999999999972,0.36999999999999994,-22,22,0
18,6,2,4,0,1,-0.9000000000000057,6.200000000000003,-6.99,-6.25,3.4099999999999966,-2,0,2,-1,-1,-2,-0.008000000000000007,0.025999999999999968,-0.018000000000000016,0.0020000000000000018,0.01200000000000001,0.30000000000001137,0.74,-15,15,0
4,11,4,2,1,1,1.2000000000000028,-1.2999999999999972,2.6199999999999997,3.1100000000000003,-16.659999999999997,2,5,-1,7,0,0,-0.009000000000000008,-0.0010000000000000009,-0.0119999999999999,-0.006000000000000005,-0.0030000000000000027,3.3999999999999915,0.49000000000000005,-2,2,1
4,18,4,6,1,1,1.1000000000000085,1.1000000000000085,0.4299999999999997,0.5300000000000011,-24.879999999999995,-2,6,2,0,1,-2,0.02899999999999997,0.015000000000000013,0.010000000000000009,0.016000000000000014,-0.02300000000000002,4.099999999999994,0.09999999999999998,3,-3,1
13,6,2,-6,1,0,8.099999999999994,-5.6000000000000085,13.53,12.18,-4.450000000000003,8,6,2,0,-1,-1,0.033999999999999975,0.02200000000000002,0.040000000000000036,0.03699999999999992,0.04600000000000004,-2.3999999999999915,-1.35,30,-30,1
10,4,0,2,1,1,-3.0,1.8999999999999915,-4.85,-4.510000000000001,-12.529999999999973,-2,0,3,1,0,0,-0.007000000000000006,-0.019000000000000017,-0.015000000000000013,-0.02299999999999991,-0.04300000000000004,3.5,0.34,-7,7,1
8,4,2,4,1,1,-5.0,3.299999999999997,-8.36,-7.7299999999999995,-13.96,-2,-7,-4,3,-2,-1,-0.02699999999999997,-0.02100000000000002,-0.041000000000000036,-0.039999999999999925,-0.08099999999999996,-1.4000000000000057,0.61,-16,16,1
1,4,-4,2,1,1,-4.700000000000003,5.700000000000003,-10.56,-9.959999999999999,-35.11999999999999,-6,-1,0,3,-1,-1,-0.024999999999999967,-0.016000000000000014,-0.02200000000000002,-0.025000000000000022,-0.01100000000000001,2.4000000000000057,0.6,-33,33,0
14,1,0,4,1,1,-3.0999999999999943,-1.2999999999999972,-1.78,-1.93,-22.120000000000005,-4,-3,-1,0,0,0,-0.02899999999999997,-0.021999999999999964,-0.025000000000000022,-0.027999999999999914,-0.008000000000000007,-0.4000000000000057,-0.15000000000000002,-3,3,0
6,15,0,2,1,1,2.299999999999997,-1.0,3.2399999999999998,3.0300000000000002,-3.660000000000011,-2,2,-2,1,0,-2,0.012999999999999956,0.0,0.0040000000000000036,0.007000000000000006,0.03200000000000003,-1.0999999999999943,-0.2,6,-6,0
11,4,4,2,1,1,-4.800000000000011,-5.700000000000003,0.77,0.8699999999999997,-2.7199999999999847,2,-8,-6,-2,1,0,-0.02400000000000002,-0.0030000000000000027,-0.027999999999999914,-0.015000000000000013,0.027000000000000024,-2.299999999999997,0.09999999999999999,0,0,1
7,1,0,-6,1,0,4.199999999999989,-4.200000000000003,8.3,7.18,-29.47,6,8,4,2,1,0,0.019999999999999962,0.01100000000000001,0.03400000000000003,0.026999999999999913,0.02100000000000002,3.5,-1.12,19,-19,1
7,1,4,2,1,1,7.099999999999994,-1.8000000000000114,8.549999999999999,8.17,-3.999999999999986,2,5,0,1,-1,2,-0.0030000000000000027,0.0010000000000000009,0.03299999999999992,0.015000000000000013,0.008000000000000007,-0.5,-0.37999999999999995,24,-24,1
9,5,-2,0,1,1,5.599999999999994,-0.20000000000000284,5.550000000000001,5.12,8.820000000000007,-2,13,4,5,0,1,0.032999999999999974,0.02300000000000002,0.041000000000000036,0.03299999999999992,0.02200000000000002,6.3999999999999915,-0.43000000000000005,13,-13,1
5,1,-4,2,1,1,0.6999999999999886,-3.200000000000003,3.7800000000000002,3.7,-32.39,-6,1,0,1,0,0,-0.010999999999999954,0.01100000000000001,-0.017000000000000015,-0.0050000000000000044,0.0040000000000000036,-0.29999999999999716,-0.08000000000000002,-1,1,1
2,7,4,-4,1,1,5.599999999999994,-2.0,7.209999999999999,6.549999999999999,21.629999999999995,8,0,0,0,-1,1,-0.013999999999999957,0.006000000000000005,0.020999999999999908,0.01100000000000001,0.025000000000000022,-4.099999999999994,-0.6599999999999999,17,-17,1
3,3,0,0,1,1,-8.0,1.5,-9.34,-8.63,-21.999999999999986,0,-12,-4,0,-1,-2,-0.05099999999999999,-0.02400000000000002,-0.052999999999999936,-0.041999999999999926,-0.0020000000000000018,-3.5,0.7100000000000001,-24,24,1
10,2,0,0,1,1,-2.4000000000000057,-1.7999999999999972,-0.6599999999999999,-1.3399999999999999,-10.40000000000002,0,-2,0,1,0,-1,-0.013999999999999957,0.0010000000000000009,-0.02400000000000002,-0.017000000000000015,0.006000000000000005,-1.3999999999999915,-0.68,-13,13,1
7,3,-4,4,1,1,2.5,8.600000000000009,-6.11,-5.59,15.189999999999984,-8,5,0,-3,0,-1,0.009000000000000008,0.02300000000000002,0.0040000000000000036,0.0129999999999999,0.0050000000000000044,1.3000000000000114,0.52,-17,17,0
4,4,4,2,1,1,1.3000000000000114,-2.299999999999997,3.61,3.5300000000000002,30.959999999999994,2,-2,-4,-1,-3,0,0.014000000000000012,0.029000000000000026,0.008000000000000007,0.019000000000000017,-0.025000000000000022,-3.299999999999997,-0.07999999999999996,8,-8,0
3,10,4,-2,0,1,-1.5,-1.2000000000000028,-0.33999999999999986,-0.3100000000000005,-6.089999999999989,6,-1,-1,0,1,0,0.013999999999999957,-0.0040000000000000036,0.0050000000000000044,0.0010000000000000009,0.008000000000000007,0.20000000000000284,0.03,1,-1,0
4,4,4,0,1,0,1.7999999999999972,-3.799999999999997,5.649999999999999,4.84,-3.519999999999996,4,1,-3,-1,0,-1,-0.015000000000000013,0.007000000000000006,0.0030000000000000027,0.0030000000000000027,0.006000000000000005,0.0,-0.8099999999999999,14,-14,1
8,4,-6,4,0,1,-8.0,3.0999999999999943,-11.24,-11.4,-21.689999999999998,-10,-6,0,0,0,0,-0.03999999999999998,-0.02899999999999997,-0.03300000000000003,-0.03699999999999992,0.008000000000000007,1.7000000000000028,-0.16000000000000003,-21,21,0
4,12,2,-4,1,1,11.200000000000003,-2.299999999999997,13.209999999999999,12.69,-38.260000000000005,6,11,4,-3,1,-1,0.055999999999999994,0.02999999999999997,0.05900000000000005,0.051999999999999935,0.017000000000000015,-0.8999999999999915,-0.52,32,-32,1
4,4,2,2,0,1,-9.799999999999997,7.299999999999997,-17.16,-17.1,8.490000000000009,0,-10,2,0,-2,-2,-0.023999999999999966,-0.026000000000000023,-0.03600000000000003,-0.039999999999999925,-0.07099999999999995,-0.29999999999999716,0.05,-38,38,0
4,8,6,-2,1,1,1.0,-3.200000000000003,4.369999999999999,4.21,23.61999999999999,8,6,1,3,1,2,0.0010000000000000009,0.010000000000000009,0.0010000000000000009,0.006000000000000005,-0.020000000000000018,5.099999999999994,-0.16999999999999998,8,-8,1
8,18,-6,-4,1,1,-5.799999999999997,0.6000000000000085,-6.43,-6.04,-5.470000000000013,-2,-4,-2,0,2,0,-0.025999999999999968,-0.031000000000000028,-0.038000000000000034,-0.04299999999999993,-0.05600000000000005,2.0,0.38999999999999996,-15,15,1
8,8,2,-2,0,1,0.30000000000001137,1.6000000000000085,-1.1999999999999997,-0.6200000000000001,-23.439999999999998,4,-4,0,-2,0,1,-0.004999999999999949,-0.010000000000000009,-0.0050000000000000044,-0.010000000000000009,-0.03500000000000003,-3.5,0.5800000000000001,-5,5,0
8,8,-4,2,1,1,-0.29999999999999716,0.9000000000000057,-1.21,-1.4099999999999997,-2.4099999999999966,-6,0,6,-2,1,0,-0.0040000000000000036,0.01100000000000001,0.010000000000000009,0.014999999999999902,0.026000000000000023,0.10000000000000853,-0.2,-4,4,1
2,2,-4,6,1,1,2.5,8.600000000000009,-6.11,-5.59,15.189999999999984,-10,5,0,-3,0,-1,0.009000000000000008,0.02300000000000002,0.0040000000000000036,0.0129999999999999,0.0050000000000000044,1.3000000000000114,0.52,-17,17,1
4,2,2,-2,1,1,-1.3000000000000114,1.0,-2.3499999999999996,-2.86,-60.42999999999999,4,5,4,2,2,0,-0.007000000000000006,-0.008000000000000007,-0.010000000000000009,-0.014000000000000012,-0.010000000000000009,5.0,-0.51,-10,10,1
2,20,4,2,1,0,4.699999999999989,-2.3000000000000114,6.629999999999999,6.159999999999999,15.069999999999993,2,0,0,1,0,1,-0.023999999999999966,-0.019000000000000017,0.010999999999999899,-0.007000000000000006,0.049000000000000044,-3.5999999999999943,-0.47,13,-13,1
4,2,0,0,1,1,-2.4000000000000057,1.2999999999999972,-3.79,-3.51,-13.179999999999978,0,1,0,5,-1,-1,-0.018000000000000016,-0.0010000000000000009,-0.0119999999999999,-0.009000000000000008,0.020000000000000018,2.8999999999999915,0.28,-11,11,0
1,1,0,-4,1,1,-2.299999999999997,1.0,-3.2399999999999998,-3.0300000000000002,3.660000000000011,4,-2,2,-1,0,2,-0.012999999999999956,0.0,-0.0040000000000000036,-0.007000000000000006,-0.03200000000000003,1.0999999999999943,0.2,-6,6,0
1,2,-2,0,1,1,-1.5999999999999943,0.20000000000000284,-1.7000000000000002,-1.5900000000000003,-15.399999999999999,-2,0,3,2,1,0,-0.017000000000000015,-0.013000000000000012,-0.017000000000000015,-0.020000000000000018,-0.025000000000000022,1.4000000000000057,0.1,-1,1,0
5,15,-2,-4,1,1,0.5,-5.700000000000003,6.359999999999999,5.84,9.959999999999994,2,-1,-2,-2,1,1,-0.0040000000000000036,-0.007999999999999952,-0.013000000000000012,-0.0129999999999999,-0.01200000000000001,-1.2000000000000028,-0.52,19,-19,0
7,24,-4,4,0,1,-14.400000000000006,4.3999999999999915,-18.65,-17.91,42.13000000000001,-8,-17,-4,1,-1,1,-0.061,-0.043999999999999984,-0.08199999999999996,-0.06999999999999995,0.007000000000000006,-2.200000000000003,0.74,-45,45,0
2,2,-6,-2,1,0,-13.100000000000009,3.0999999999999943,-16.33,-16.11,11.030000000000015,-4,-13,-6,-2,0,0,-0.067,-0.04099999999999998,-0.05899999999999994,-0.05799999999999994,0.008000000000000007,1.1000000000000085,0.21999999999999997,-32,32,1
2,2,-4,2,0,1,-9.899999999999991,12.400000000000006,-22.299999999999997,-21.29,0.46000000000000796,-6,-11,-1,-2,-1,-1,-0.02999999999999997,-0.027000000000000024,-0.041000000000000036,-0.040999999999999925,-0.06499999999999995,-0.9000000000000057,1.0,-47,47,0
2,3,2,-4,1,1,3.5,1.2000000000000028,2.1999999999999997,1.8599999999999999,0.6200000000000045,6,0,2,-2,0,-1,0.010000000000000009,0.007000000000000006,0.008000000000000007,0.009000000000000008,0.026000000000000023,-3.0999999999999943,-0.33999999999999997,7,-7,0
2,2,0,4,0,1,-4.299999999999997,-1.2000000000000028,-3.09,-3.66,-19.89,-4,-3,4,1,0,-1,-0.020999999999999963,-0.016000000000000014,-0.029000000000000026,-0.029999999999999916,-0.02200000000000002,0.5,-0.5700000000000001,-9,9,0
1,14,4,6,1,1,2.8999999999999915,-1.9000000000000057,4.26,3.4899999999999993,0.6099999999999994,-2,-6,-2,-3,-2,0,-0.01699999999999996,0.0010000000000000009,0.014999999999999902,0.0030000000000000027,0.013000000000000012,-7.599999999999994,-0.77,13,-13,0
3,2,2,-4,1,1,-2.700000000000003,-6.3999999999999915,3.56,2.6599999999999997,15.08999999999996,6,-3,-2,1,1,-1,-0.012999999999999956,-0.01100000000000001,-0.018000000000000016,-0.019000000000000017,-0.019000000000000017,-0.8999999999999915,-0.9,1,-1,1
2,8,-2,-2,1,1,2.1999999999999886,-2.6000000000000085,4.67,4.46,-2.9599999999999795,0,8,6,7,-1,0,0.01599999999999996,0.025999999999999968,0.019000000000000017,0.02200000000000002,0.029000000000000026,5.3999999999999915,-0.21000000000000002,15,-15,0
4,2,2,2,1,1,-7.400000000000006,2.3999999999999915,-9.59,-9.07,9.120000000000005,0,-11,-1,-3,1,-1,-0.04899999999999999,-0.04300000000000004,-0.04500000000000004,-0.04599999999999993,0.03700000000000003,-2.8999999999999915,0.52,-22,22,0
11,3,2,-6,1,1,9.200000000000003,-2.299999999999997,11.34,10.78,-1.200000000000017,8,12,5,-5,2,1,0.057999999999999996,0.02899999999999997,0.06899999999999995,0.05699999999999994,0.006000000000000005,2.3000000000000114,-0.56,31,-31,0
2,1,4,-2,0,1,-5.300000000000011,-0.29999999999999716,-5.02,-5.38,-24.669999999999987,6,-3,-1,-1,2,0,-0.03400000000000003,-0.018000000000000016,-0.025999999999999912,-0.025000000000000022,0.0050000000000000044,2.799999999999997,-0.36000000000000004,-10,10,0
1,1,2,4,1,1,-8.200000000000003,0.7000000000000028,-8.979999999999999,-8.700000000000001,28.87999999999998,-2,-11,-2,-1,0,0,-0.025999999999999968,-0.016000000000000014,-0.04299999999999993,-0.031000000000000028,0.015000000000000013,-3.5999999999999943,0.27999999999999997,-27,27,1
11,1,4,-4,1,0,-6.799999999999997,-9.700000000000003,2.88,1.8499999999999999,1.7299999999999898,8,-9,-5,-1,2,1,-0.032999999999999974,-0.06,-0.02300000000000002,-0.04499999999999993,-0.03500000000000003,-1.0,-1.03,5,-5,1
1,1,-4,6,0,1,-10.900000000000006,6.099999999999994,-17.29,-16.93,-9.719999999999985,-10,-14,-3,-4,-1,-1,-0.03999999999999998,-0.03199999999999997,-0.03700000000000003,-0.041999999999999926,-0.008000000000000007,-2.3999999999999915,0.36,-30,30,0
2,6,0,-4,1,1,4.0,-2.700000000000003,6.67,6.14,-4.009999999999991,4,4,3,1,-1,1,0.013000000000000012,0.010000000000000009,0.03300000000000003,0.02299999999999991,0.020000000000000018,0.20000000000000284,-0.53,13,-13,1
2,2,-4,0,1,1,-1.5999999999999943,0.20000000000000284,-1.7000000000000002,-1.5900000000000003,-15.399999999999999,-4,0,3,2,1,0,-0.017000000000000015,-0.013000000000000012,-0.017000000000000015,-0.020000000000000018,-0.025000000000000022,1.4000000000000057,0.1,-1,1,1
4,3,2,0,1,1,-0.20000000000000284,-0.5,0.15000000000000036,-0.1299999999999999,6.900000000000013,2,-1,2,-4,1,0,0.02699999999999997,0.020000000000000018,0.03200000000000003,0.03599999999999992,0.05900000000000005,-1.0999999999999943,-0.27,-2,2,0
7,2,-2,-2,1,0,5.5,-4.200000000000003,9.82,9.09,-3.510000000000005,0,4,1,-1,1,0,0.023999999999999966,0.007000000000000006,0.015000000000000013,0.014000000000000012,0.03200000000000003,-1.7999999999999972,-0.72,23,-23,1
15,11,-2,-4,1,1,4.200000000000003,0.0,4.2,4.12,25.159999999999997,2,2,2,-1,0,0,0.02899999999999997,0.023999999999999966,0.03500000000000003,0.03799999999999992,0.02300000000000002,-1.2000000000000028,-0.07999999999999999,14,-14,1
2,12,-2,0,0,1,-8.0,0.5,-8.39,-7.99,12.480000000000004,-2,-5,1,2,0,0,-0.02799999999999997,-0.02100000000000002,-0.03500000000000003,-0.03599999999999992,-0.052000000000000046,3.0,0.4,-21,21,0
19,11,-2,-2,1,1,3.799999999999997,-7.300000000000011,11.24,10.24,-0.9100000000000108,0,4,0,-1,1,1,0.021999999999999964,0.01200000000000001,0.010000000000000009,0.01200000000000001,0.0,-0.20000000000000284,-1.0,27,-27,0
11,12,4,4,0,1,-10.899999999999991,2.0999999999999943,-12.989999999999998,-13.399999999999999,7.660000000000011,0,-16,-4,-3,-1,0,-0.03699999999999998,-0.055999999999999994,-0.026000000000000023,-0.04299999999999993,-0.04399999999999993,-3.9000000000000057,-0.41999999999999993,-27,27,0
11,11,-4,-4,1,0,-0.5,2.5,-3.33,-3.040000000000001,-27.58,0,3,1,-2,1,0,0.009000000000000008,-0.0040000000000000036,0.020000000000000018,0.009000000000000008,-0.0050000000000000044,3.3000000000000114,0.29,-1,1,1
12,14,2,-2,1,1,6.5,-4.5,10.67,10.11,-2.8700000000000188,4,-2,-3,-1,-1,1,-0.007999999999999952,0.0010000000000000009,0.014999999999999902,0.006000000000000005,-0.010000000000000009,-7.099999999999994,-0.5599999999999999,22,-22,0
10,17,-2,0,1,1,2.0,-1.0,2.8200000000000003,2.55,-2.5799999999999983,-2,6,4,4,0,0,0.02100000000000002,0.0040000000000000036,0.008000000000000007,0.0010000000000000009,-0.039000000000000035,3.299999999999997,-0.27,4,-4,0
18,11,2,-4,1,0,4.8999999999999915,-9.100000000000009,13.94,13.559999999999999,-14.420000000000009,6,4,-3,5,-1,0,0.0030000000000000027,0.006000000000000005,0.0,0.0010000000000000009,-0.016000000000000014,-0.5,-0.38999999999999996,31,-31,1
14,19,6,-2,1,1,2.700000000000003,1.2999999999999972,1.5499999999999998,1.23,32.779999999999994,8,8,-1,2,0,1,0.02799999999999997,0.0030000000000000027,0.028000000000000025,0.020000000000000018,0.02200000000000002,4.599999999999994,-0.31,0,0,1
17,10,0,2,1,1,-1.9000000000000057,-2.799999999999997,0.9000000000000004,1.5600000000000005,3.019999999999996,-2,-2,-2,1,0,1,-0.01799999999999996,0.008000000000000007,-0.013000000000000012,-0.0010000000000000009,-0.01100000000000001,0.5999999999999943,0.66,-2,2,0
22,22,6,0,1,1,-0.29999999999999716,5.700000000000003,-5.86,-5.58,35.44,6,1,0,0,-1,0,-0.0030000000000000027,-0.009000000000000008,0.0020000000000000018,-0.006000000000000005,-0.027000000000000024,1.7000000000000028,0.28,-11,11,0
19,13,-4,0,0,1,-0.29999999999999716,5.0,-5.23,-4.2299999999999995,-27.139999999999972,-4,-3,-1,2,-2,-1,-0.010000000000000009,0.010000000000000009,-0.0119999999999999,0.0010000000000000009,0.02100000000000002,-2.8000000000000114,1.0,-14,14,0
11,15,0,4,1,0,-0.19999999999998863,1.5,-1.63,-1.0400000000000003,25.460000000000008,-4,-4,-1,-1,-2,1,-0.006999999999999951,-0.0010000000000000009,-0.0010000000000000009,-0.0040000000000000036,-0.0010000000000000009,-3.299999999999997,0.5900000000000001,-6,6,1
13,11,-4,-2,1,1,-8.200000000000003,-1.2999999999999972,-6.87,-6.640000000000001,10.600000000000009,-2,-10,-7,-2,0,0,-0.055999999999999994,-0.033999999999999975,-0.050999999999999934,-0.04899999999999993,-0.008000000000000007,-1.0,0.22999999999999998,-14,14,1
11,13,0,0,0,1,0.7999999999999972,1.5,-0.74,-0.87,-38.629999999999995,0,3,1,2,0,-1,-0.0010000000000000009,-0.009000000000000008,-0.007000000000000006,-0.01100000000000001,0.02100000000000002,0.6000000000000085,-0.12000000000000001,-10,10,0
14,1,0,-4,1,0,4.6000000000000085,1.6000000000000085,2.879999999999999,2.8099999999999996,-11.420000000000016,4,5,-1,-7,2,0,0.02400000000000002,0.0020000000000000018,0.038000000000000034,0.025999999999999912,-0.0030000000000000027,-0.19999999999998863,-0.06999999999999999,5,-5,1
15,12,2,2,1,0,5.799999999999997,-1.2000000000000028,7.059999999999999,6.69,-9.810000000000002,0,6,2,1,1,-1,0.0050000000000000044,-0.0040000000000000036,0.020999999999999908,0.009000000000000008,0.026000000000000023,0.5,-0.37,16,-16,1
12,1,2,4,0,1,-6.799999999999997,5.400000000000006,-12.309999999999999,-12.59,21.019999999999982,-2,-10,-1,-1,-2,-2,-0.01699999999999996,-0.007000000000000006,-0.02100000000000002,-0.017000000000000015,-0.027999999999999914,-3.799999999999997,-0.29000000000000004,-31,31,0
2,2,0,0,0,1,0.7999999999999972,1.5,-0.74,-0.87,-38.629999999999995,0,3,1,2,0,-1,-0.0010000000000000009,-0.009000000000000008,-0.007000000000000006,-0.01100000000000001,0.02100000000000002,0.6000000000000085,-0.12000000000000001,-10,10,0
2,19,2,0,1,1,-4.099999999999994,-3.3000000000000114,-0.68,-0.8099999999999999,-13.359999999999971,2,-6,-3,-2,1,2,-0.020000000000000018,-0.04899999999999999,-0.0050000000000000044,-0.025999999999999912,-0.016000000000000014,-0.10000000000000853,-0.12999999999999995,4,-4,1
13,13,2,6,1,1,-3.1000000000000085,2.700000000000003,-5.9799999999999995,-6.2,-45.41999999999999,-4,-4,2,-3,1,-1,-0.007000000000000006,-0.009000000000000008,-0.0040000000000000036,-0.009000000000000008,-0.01100000000000001,-0.7000000000000028,-0.22000000000000003,-8,8,0
13,2,0,-2,0,1,-2.700000000000003,-4.6000000000000085,2.2299999999999995,1.5599999999999996,14.769999999999996,2,-7,-1,-5,1,0,-0.017000000000000015,-0.006000000000000005,-0.025000000000000022,-0.015999999999999903,0.013000000000000012,-3.5999999999999943,-0.6699999999999999,9,-9,0
1,13,2,2,1,1,9.799999999999997,-6.0,15.77,15.100000000000001,-30.709999999999994,0,12,5,6,-1,-1,0.03699999999999998,0.04199999999999998,0.04399999999999993,0.04400000000000004,-0.0040000000000000036,2.3999999999999915,-0.6699999999999999,40,-40,1
13,20,0,0,1,1,-6.5,4.5,-10.67,-10.11,2.8700000000000188,0,2,3,1,1,-1,0.007999999999999952,-0.0010000000000000009,-0.014999999999999902,-0.006000000000000005,0.010000000000000009,7.099999999999994,0.5599999999999999,-22,22,0
17,21,0,-2,1,0,9.100000000000009,-5.699999999999989,14.92,14.260000000000002,-4.740000000000009,2,8,1,0,-1,0,0.046999999999999986,0.05199999999999999,0.041000000000000036,0.051999999999999935,-0.028000000000000025,-1.6000000000000085,-0.6599999999999999,30,-30,1
2,2,0,-2,1,1,1.5999999999999943,-0.20000000000000284,1.7000000000000002,1.5900000000000003,15.399999999999999,2,0,-3,-2,-1,0,0.017000000000000015,0.013000000000000012,0.017000000000000015,0.020000000000000018,0.025000000000000022,-1.4000000000000057,-0.1,1,-1,0
14,2,-4,2,0,1,-8.099999999999994,5.6000000000000085,-13.53,-12.18,4.450000000000003,-6,-6,-2,0,1,1,-0.033999999999999975,-0.02200000000000002,-0.040000000000000036,-0.03699999999999992,-0.04600000000000004,2.3999999999999915,1.35,-30,30,0
2,2,4,0,1,1,-0.29999999999999716,5.700000000000003,-5.86,-5.58,35.44,4,1,0,0,-1,0,-0.0030000000000000027,-0.009000000000000008,0.0020000000000000018,-0.006000000000000005,-0.027000000000000024,1.7000000000000028,0.28,-11,11,1
2,13,0,-4,1,1,2.700000000000003,2.5,0.2200000000000002,0.21999999999999975,-9.809999999999988,4,3,5,0,0,1,0.015000000000000013,0.014999999999999958,0.02400000000000002,0.019999999999999907,0.01200000000000001,0.5,0.0,-2,2,1
2,14,-4,-2,1,1,1.2000000000000028,6.200000000000003,-4.9,-4.279999999999999,10.54000000000002,-2,-2,2,-2,-1,0,0.0020000000000000018,0.016000000000000014,0.006000000000000005,0.015000000000000013,0.03600000000000003,-2.700000000000003,0.62,-8,8,0
3,14,-2,2,0,1,-4.799999999999997,4.0,-8.8,-9.370000000000001,22.45000000000001,-4,-3,6,-3,0,-1,0.0030000000000000027,-0.0050000000000000044,0.0050000000000000044,0.0,0.010000000000000009,1.1000000000000085,-0.56,-22,22,0
1,3,-2,0,0,1,0.20000000000000284,1.9000000000000057,-1.75,-1.1,-40.27999999999999,-2,-1,-2,4,-1,-2,-0.010000000000000009,-0.01100000000000001,-0.0129999999999999,-0.01200000000000001,0.017000000000000015,-1.7000000000000028,0.66,-10,10,0
1,3,-4,-2,0,1,-9.5,3.9000000000000057,-13.32,-12.56,4.800000000000011,-2,-11,-5,-3,1,0,-0.05399999999999999,-0.029000000000000026,-0.05999999999999994,-0.051999999999999935,-0.016000000000000014,-0.7000000000000028,0.76,-29,29,0
16,1,-4,4,1,1,-8.0,5.799999999999997,-13.62,-14.07,48.23000000000001,-8,-9,1,-2,-1,0,-0.025000000000000022,-0.013999999999999957,-0.019000000000000017,-0.016000000000000014,0.04500000000000004,-1.0,-0.44,-33,33,0
2,2,4,0,1,0,10.5,-8.200000000000003,18.88,17.32,-4.160000000000011,4,10,2,-1,1,0,0.03699999999999998,0.03300000000000003,0.040999999999999925,0.039000000000000035,0.0020000000000000018,-0.20000000000000284,-1.56,47,-47,1
2,2,2,2,1,1,-11.199999999999989,-1.5,-9.229999999999999,-8.979999999999999,-9.359999999999985,0,-11,-3,-3,2,0,-0.017000000000000015,-0.04999999999999999,-0.03799999999999992,-0.040999999999999925,-0.02400000000000002,0.3999999999999915,0.25,-20,20,1
3,22,2,2,1,1,-2.5,1.0,-3.4700000000000006,-3.84,26.399999999999977,0,-4,-6,-5,1,-1,-0.01100000000000001,-0.01599999999999996,-0.014000000000000012,-0.01200000000000001,0.006000000000000005,-1.8999999999999915,-0.37,-10,10,1
2,15,0,0,1,1,-2.0,4.200000000000003,-6.13,-6.5600000000000005,-28.039999999999992,0,4,4,1,2,0,0.003999999999999948,-0.019000000000000017,0.007000000000000006,-0.009000000000000008,-0.014000000000000012,5.299999999999997,-0.43000000000000005,-9,9,1
3,4,0,-2,1,1,5.0,-2.8999999999999915,7.67,7.0600000000000005,9.949999999999974,2,6,1,3,0,0,0.028000000000000025,0.02300000000000002,0.02300000000000002,0.02399999999999991,0.0040000000000000036,-0.20000000000000284,-0.61,11,-11,1
16,26,4,-4,1,0,8.0,-0.5,8.39,7.99,-12.480000000000004,8,5,-1,-2,0,0,0.02799999999999997,0.02100000000000002,0.03500000000000003,0.03599999999999992,0.052000000000000046,-3.0,-0.4,21,-21,1
2,3,0,0,1,1,-1.8000000000000114,2.1999999999999886,-4.04,-3.95,17.940000000000012,0,2,3,2,1,0,-0.016000000000000014,-0.020000000000000018,-0.0040000000000000036,-0.013000000000000012,0.05900000000000005,3.5,0.08999999999999997,-9,9,0
4,2,6,0,0,1,2.6000000000000085,2.700000000000003,0.1899999999999995,-0.04999999999999982,23.469999999999985,6,9,3,4,0,1,-0.0030000000000000027,-0.006000000000000005,0.006000000000000005,-0.0010000000000000009,-0.01100000000000001,5.799999999999997,-0.24,-2,2,0
33,2,4,-2,1,0,13.5,-11.599999999999994,25.31,24.84,-6.690000000000012,6,13,2,1,2,1,0.04299999999999998,0.03899999999999998,0.040000000000000036,0.04699999999999993,0.040999999999999925,-0.9000000000000057,-0.45999999999999996,50,-50,1
2,2,4,-4,1,1,3.0999999999999943,1.2999999999999972,1.78,1.93,22.120000000000005,8,3,1,0,0,0,0.02899999999999997,0.021999999999999964,0.025000000000000022,0.027999999999999914,0.008000000000000007,0.4000000000000057,0.15000000000000002,3,-3,1
28,15,-2,-4,1,1,3.700000000000003,-3.299999999999997,6.890000000000001,6.52,-10.270000000000024,2,7,3,3,1,0,0.028000000000000025,-0.0020000000000000018,0.02199999999999991,0.009000000000000008,-0.040000000000000036,2.700000000000003,-0.37,14,-14,1
15,1,0,0,0,1,-1.5,-2.5999999999999943,1.0699999999999998,1.8800000000000001,-49.43999999999999,0,-3,0,5,0,-1,-0.03699999999999998,-0.0040000000000000036,-0.039999999999999925,-0.026000000000000023,-0.025000000000000022,-1.2000000000000028,0.8,-2,2,0
15,2,0,-2,0,1,0.9000000000000057,1.6000000000000085,-0.6799999999999999,-0.28,36.03,2,-3,0,-2,0,0,0.0030000000000000027,0.0040000000000000036,0.01200000000000001,0.013000000000000012,0.01100000000000001,-2.200000000000003,0.4,6,-6,0
2,2,4,0,1,1,4.099999999999994,-2.9000000000000057,6.859999999999999,6.04,-0.44000000000001194,4,2,-1,-1,0,-2,0.020999999999999963,0.01200000000000001,0.007000000000000006,0.014000000000000012,0.026000000000000023,-2.5999999999999943,-0.8200000000000001,17,-17,1
2,2,4,-2,1,1,-1.7999999999999972,4.5,-6.2,-5.890000000000001,29.35000000000001,6,0,-1,0,0,0,0.010999999999999954,-0.013000000000000012,0.007000000000000006,-0.0050000000000000044,-0.019000000000000017,1.9000000000000057,0.31000000000000005,-10,10,0
6,4,0,2,1,1,8.699999999999989,-7.1000000000000085,15.34,14.57,-5.829999999999998,-2,6,3,6,-2,1,0.008000000000000007,0.02699999999999997,0.03399999999999992,0.028000000000000025,0.019000000000000017,-1.7000000000000028,-0.77,37,-37,0
2,4,0,0,1,1,-0.9000000000000057,-3.0,2.08,2.1100000000000003,-47.79,0,1,3,3,1,0,-0.02799999999999997,-0.0020000000000000018,-0.03400000000000003,-0.025000000000000022,-0.02100000000000002,1.1000000000000085,0.01999999999999999,-2,2,0
4,3,-6,0,1,1,-3.700000000000003,3.299999999999997,-6.890000000000001,-6.52,10.270000000000024,-6,-7,-3,-3,-1,0,-0.028000000000000025,0.0020000000000000018,-0.02199999999999991,-0.009000000000000008,0.040000000000000036,-2.700000000000003,0.37,-14,14,1
18,6,2,4,0,1,-3.799999999999997,6.799999999999997,-10.639999999999999,-11.02,33.06999999999999,-2,-4,2,-4,-1,0,0.006000000000000005,-0.006000000000000005,0.008999999999999897,0.0010000000000000009,-0.029999999999999916,-0.09999999999999432,-0.39,-18,18,0
3,5,2,2,1,1,-4.099999999999994,-3.3000000000000114,-0.68,-0.8099999999999999,-13.359999999999971,0,-6,-3,-2,1,2,-0.020000000000000018,-0.04899999999999999,-0.0050000000000000044,-0.025999999999999912,-0.016000000000000014,-0.10000000000000853,-0.12999999999999995,4,-4,0
7,6,-2,-4,1,0,-0.5,2.5,-3.33,-3.040000000000001,-27.58,2,3,1,-2,1,0,0.009000000000000008,-0.0040000000000000036,0.020000000000000018,0.009000000000000008,-0.0050000000000000044,3.3000000000000114,0.29,-1,1,1
3,7,0,-2,1,1,0.5,0.10000000000000853,0.43000000000000016,0.42000000000000015,-48.900000000000006,2,0,1,-1,2,0,0.0020000000000000018,-0.009000000000000008,-0.0040000000000000036,-0.006000000000000005,-0.03400000000000003,-0.20000000000000284,-0.010000000000000009,1,-1,1
3,3,4,-6,1,0,7.200000000000003,-1.7999999999999972,9.14,9.190000000000001,7.9199999999999875,10,11,-1,3,1,2,0.020999999999999963,0.019000000000000017,0.03300000000000003,0.03499999999999992,0.038000000000000034,3.5999999999999943,0.05,18,-18,1
5,3,0,-2,1,1,7.400000000000006,-2.3999999999999915,9.59,9.07,-9.120000000000005,2,11,1,3,-1,1,0.04899999999999999,0.04300000000000004,0.04500000000000004,0.04599999999999993,-0.03700000000000003,2.8999999999999915,-0.52,22,-22,0
4,3,-4,4,0,1,-4.8999999999999915,9.100000000000009,-13.94,-13.559999999999999,14.420000000000009,-8,-4,3,-5,1,0,-0.0030000000000000027,-0.006000000000000005,0.0,-0.0010000000000000009,0.016000000000000014,0.5,0.38999999999999996,-31,31,0
7,3,-4,0,1,1,0.5,-5.700000000000003,6.359999999999999,5.84,9.959999999999994,-4,-1,-2,-2,1,1,-0.0040000000000000036,-0.007999999999999952,-0.013000000000000012,-0.0129999999999999,-0.01200000000000001,-1.2000000000000028,-0.52,19,-19,1
4,3,-2,0,1,1,1.7000000000000028,3.1000000000000085,-1.42,-1.15,-2.5999999999999943,-2,0,1,0,0,-1,0.0020000000000000018,-0.0050000000000000044,0.0050000000000000044,0.0020000000000000018,0.03200000000000003,-1.5999999999999943,0.28,-4,4,0
1,6,0,4,1,1,-9.099999999999994,-4.700000000000003,-4.22,-4.29,11.650000000000006,-4,-11,-5,-1,1,2,-0.04099999999999998,-0.05099999999999999,-0.025000000000000022,-0.038999999999999924,-0.025000000000000022,-0.6000000000000085,-0.06999999999999995,-10,10,0
2,4,-2,2,1,1,4.099999999999994,-3.200000000000003,6.879999999999999,6.6,-16.049999999999997,-4,-1,-3,4,-2,0,-0.025999999999999968,0.0,0.0030000000000000027,-0.0030000000000000027,0.010000000000000009,-4.200000000000003,-0.2799999999999999,11,-11,1
6,2,0,0,0,1,-5.900000000000006,-1.4000000000000057,-4.3500000000000005,-4.5,14.61999999999999,0,-9,-4,-3,0,-2,-0.028000000000000025,-0.013000000000000012,-0.03600000000000003,-0.02299999999999991,0.013000000000000012,-2.8999999999999915,-0.15,-8,8,0
8,2,4,-2,1,1,-1.2999999999999972,-0.7000000000000028,-0.4900000000000002,-0.1800000000000006,-12.990000000000002,6,0,-3,4,0,0,-0.013000000000000012,-0.02400000000000002,-0.027000000000000024,-0.03499999999999992,-0.051000000000000045,1.2999999999999972,0.30000000000000004,3,-3,0
1,6,-6,4,0,1,-7.299999999999997,6.900000000000006,-14.28,-13.379999999999999,-15.949999999999989,-10,-12,-2,-5,0,-1,-0.02699999999999997,-0.020000000000000018,-0.038000000000000034,-0.03599999999999992,-0.03200000000000003,-4.200000000000003,0.8999999999999999,-27,27,0
4,19,0,4,0,1,-1.7999999999999972,3.799999999999997,-5.649999999999999,-4.84,3.519999999999996,-4,-1,3,1,0,1,0.015000000000000013,-0.007000000000000006,-0.0030000000000000027,-0.0030000000000000027,-0.006000000000000005,0.0,0.8099999999999999,-14,14,0
2,20,-4,2,1,1,1.4000000000000057,3.299999999999997,-1.8,-1.8099999999999998,-22.44999999999999,-6,0,3,-1,-1,0,-0.0010000000000000009,0.014000000000000012,0.0040000000000000036,0.01200000000000001,0.040000000000000036,-2.1000000000000085,-0.010000000000000009,-3,3,0
19,6,0,-2,1,0,0.09999999999999432,-1.4000000000000057,1.3600000000000003,1.2799999999999998,9.31000000000001,2,-1,-4,-2,0,0,0.030999999999999972,0.009000000000000008,0.02200000000000002,0.02100000000000002,0.03300000000000003,-1.2000000000000028,-0.07,2,-2,1
2,2,0,2,1,1,1.0999999999999943,2.799999999999997,-1.69,-1.52,-50.02999999999997,-2,7,4,1,2,1,0.006999999999999951,-0.009000000000000008,0.014000000000000012,0.0030000000000000027,-0.016000000000000014,6.3999999999999915,0.16999999999999998,3,-3,1
5,2,-4,6,0,1,-13.0,9.099999999999994,-21.979999999999997,-21.799999999999997,34.27000000000001,-10,-16,-3,1,-3,-1,-0.05199999999999999,-0.034999999999999976,-0.06000000000000005,-0.05599999999999994,-0.03599999999999992,-2.4000000000000057,0.17,-49,49,0
2,1,0,6,0,1,-11.700000000000003,4.799999999999997,-16.54,-15.73,10.680000000000007,-6,-8,-3,1,0,1,-0.046999999999999986,-0.033999999999999975,-0.039000000000000035,-0.04299999999999993,-0.02200000000000002,4.200000000000003,0.81,-33,33,0
5,5,-4,0,1,1,-1.8000000000000114,2.1999999999999886,-4.04,-3.95,17.940000000000012,-4,2,3,2,1,0,-0.016000000000000014,-0.020000000000000018,-0.0040000000000000036,-0.013000000000000012,0.05900000000000005,3.5,0.08999999999999997,-9,9,1
3,5,-2,-4,1,1,-1.2000000000000028,-7.599999999999994,6.3,6.109999999999999,-22.30000000000002,2,0,1,3,2,0,-0.02699999999999997,-0.014000000000000012,-0.028000000000000025,-0.027000000000000024,-0.04600000000000004,1.6000000000000085,-0.2,12,-12,1
1,2,0,2,1,0,4.900000000000006,2.9000000000000057,1.9900000000000002,2.24,0.269999999999996,-2,5,5,1,0,0,0.030000000000000027,0.014000000000000012,0.027999999999999914,0.02400000000000002,-0.0040000000000000036,0.0,0.25,6,-6,1
27,3,0,4,0,1,-0.7000000000000028,2.200000000000003,-3.1099999999999994,-2.2199999999999998,-26.549999999999983,-4,2,3,7,-2,-1,0.0,0.008999999999999952,0.0030000000000000027,0.0050000000000000044,-0.006000000000000005,2.5999999999999943,0.8899999999999999,-7,7,0
2,1,-2,2,1,1,-3.0999999999999943,-1.2999999999999972,-1.78,-1.93,-22.120000000000005,-4,-3,-1,0,0,0,-0.02899999999999997,-0.021999999999999964,-0.025000000000000022,-0.027999999999999914,-0.008000000000000007,-0.4000000000000057,-0.15000000000000002,-3,3,1
5,22,2,-2,1,0,-0.7999999999999972,-1.5,0.74,0.87,38.629999999999995,4,-3,-1,-2,0,1,0.0010000000000000009,0.009000000000000008,0.007000000000000006,0.01100000000000001,-0.02100000000000002,-0.6000000000000085,0.12000000000000001,10,-10,1
2,3,0,-2,1,0,0.9000000000000057,-6.200000000000003,6.99,6.25,-3.4099999999999966,2,0,-2,1,1,2,0.008000000000000007,-0.025999999999999968,0.018000000000000016,-0.0020000000000000018,-0.01200000000000001,-0.30000000000001137,-0.74,15,-15,1
2,2,-2,0,1,1,4.099999999999994,-3.200000000000003,6.879999999999999,6.6,-16.049999999999997,-2,-1,-3,4,-2,0,-0.025999999999999968,0.0,0.0030000000000000027,-0.0030000000000000027,0.010000000000000009,-4.200000000000003,-0.2799999999999999,11,-11,0
7,10,-6,0,1,1,-4.099999999999994,-0.9000000000000057,-3.16,-2.99,37.5,-6,-7,-1,0,-2,-1,-0.013999999999999957,-0.010000000000000009,-0.029000000000000026,-0.025999999999999912,-0.027000000000000024,-2.8999999999999915,0.17000000000000004,-10,10,0
2,1,4,0,1,1,1.7999999999999972,-2.1000000000000085,3.9499999999999997,4.859999999999999,-34.97999999999998,4,3,-3,4,0,1,-0.010000000000000009,-0.014000000000000012,-0.020000000000000018,-0.02299999999999991,-0.05300000000000005,2.3999999999999915,0.9,15,-15,0
6,2,6,4,1,0,2.5999999999999943,-5.5,8.02,7.909999999999999,-16.409999999999997,2,-1,-1,-3,1,0,0.0030000000000000027,0.007000000000000006,0.0030000000000000027,0.0050000000000000044,0.03299999999999992,-3.299999999999997,-0.1,20,-20,1
8,2,-2,2,1,1,2.1999999999999886,-5.700000000000003,7.76,7.6000000000000005,2.579999999999984,-4,0,-3,0,0,-1,0.0030000000000000027,0.020000000000000018,-0.006000000000000005,0.013000000000000012,0.015000000000000013,-2.0,-0.16,15,-15,1
2,4,-4,-2,1,1,-6.799999999999997,1.0,-7.549999999999999,-7.27,14.379999999999995,-2,-13,-5,0,-1,0,-0.03999999999999998,-0.02799999999999997,-0.05700000000000005,-0.04799999999999993,-0.026000000000000023,-5.200000000000003,0.28,-20,20,0
2,2,-2,6,0,1,-11.700000000000003,4.799999999999997,-16.54,-15.73,10.680000000000007,-8,-8,-3,1,0,1,-0.046999999999999986,-0.033999999999999975,-0.039000000000000035,-0.04299999999999993,-0.02200000000000002,4.200000000000003,0.81,-33,33,0
3,7,-6,0,1,1,-4.699999999999989,9.600000000000009,-14.09,-13.43,7.519999999999996,-6,-3,1,-1,0,0,-0.02999999999999997,-0.026000000000000023,-0.03200000000000003,-0.03699999999999992,-0.04300000000000004,1.5999999999999943,0.6599999999999999,-29,29,0
2,5,-2,0,0,1,-8.700000000000003,4.400000000000006,-13.23,-12.48,0.6400000000000148,-2,-9,-5,0,-1,-1,-0.05199999999999999,-0.026000000000000023,-0.03799999999999992,-0.03600000000000003,0.0040000000000000036,0.20000000000000284,0.75,-33,33,0
2,3,-2,4,0,1,-6.700000000000003,-0.5,-6.239999999999999,-5.25,-8.509999999999998,-6,-8,1,1,1,1,-0.03999999999999998,-0.019000000000000017,-0.052999999999999936,-0.039000000000000035,-0.01200000000000001,-1.0999999999999943,0.98,-16,16,0
2,2,0,4,1,1,-0.20000000000000284,-3.5,3.2500000000000004,3.62,-16.58999999999999,-4,1,1,5,-1,0,-0.0040000000000000036,0.0010000000000000009,-0.010000000000000009,-0.007999999999999896,-0.018000000000000016,1.3999999999999915,0.37,12,-12,0
4,2,-4,0,1,0,1.9000000000000057,0.20000000000000284,1.68,1.3199999999999998,-35.59,-4,2,2,1,0,-1,-0.0010000000000000009,-0.007000000000000006,0.0030000000000000027,-0.0010000000000000009,0.03600000000000003,-1.0,-0.35000000000000003,1,-1,1
2,5,-2,-6,1,1,10.099999999999994,-3.700000000000003,13.399999999999999,12.68,8.529999999999987,4,5,-3,0,-1,2,0.0040000000000000036,0.020000000000000018,0.04799999999999993,0.03799999999999992,0.051000000000000045,-4.0,-0.72,31,-31,1
5,3,2,0,1,1,0.5999999999999943,0.8999999999999915,-0.25,-0.44000000000000017,31.11999999999999,2,1,3,-3,2,1,0.0020000000000000018,-0.019000000000000017,0.007999999999999896,-0.0040000000000000036,0.039000000000000035,0.6000000000000085,-0.19000000000000006,2,-2,0
10,1,0,2,1,1,-0.6999999999999886,6.900000000000006,-7.42,-7.29,3.510000000000005,-2,1,4,0,-1,1,-0.01699999999999996,-0.016000000000000014,0.0010000000000000009,-0.014000000000000012,-0.02300000000000002,1.7999999999999972,0.13,-16,16,1
2,4,6,0,1,1,3.700000000000003,-4.0,7.869999999999999,7.549999999999999,0.9699999999999989,6,7,1,1,2,1,0.013999999999999957,-0.0030000000000000027,0.014000000000000012,0.0050000000000000044,0.029999999999999916,2.700000000000003,-0.31,19,-19,1
4,2,-4,2,0,1,-1.5,6.299999999999997,-7.85,-7.34,-10.479999999999976,-6,-8,0,-5,-2,-1,-0.0010000000000000009,0.01100000000000001,0.0,0.007000000000000006,0.02400000000000002,-6.200000000000003,0.51,-12,12,0
3,1,4,4,0,1,-5.799999999999997,2.5,-8.319999999999999,-7.36,39.28,0,-9,-2,-2,0,1,-0.01200000000000001,-0.017000000000000015,-0.018999999999999906,-0.014000000000000012,0.009000000000000008,-2.200000000000003,0.96,-14,14,0
13,26,2,0,1,1,5.599999999999994,3.5,2.02,2.4299999999999997,-12.27000000000001,2,11,3,3,-1,-1,0.030999999999999972,0.043999999999999984,0.017000000000000015,0.029999999999999916,-0.0010000000000000009,3.700000000000003,0.4099999999999999,3,-3,1
2,2,-2,0,1,1,-7.299999999999997,3.5,-10.879999999999999,-10.31,-13.200000000000003,-2,-10,-4,-2,0,0,-0.030999999999999972,-0.03199999999999997,-0.03700000000000003,-0.038999999999999924,-0.031000000000000028,-1.8999999999999915,0.5700000000000001,-21,21,1
9,13,0,-6,1,0,3.0999999999999943,-7.0,9.99,8.7,20.559999999999974,6,1,0,1,-1,-1,0.013000000000000012,0.020000000000000018,0.020000000000000018,0.02399999999999991,0.03700000000000003,-2.8999999999999915,-1.29,16,-16,1
7,6,6,-2,1,1,7.299999999999997,-6.1000000000000085,13.44,12.1,-0.29000000000000625,8,4,2,-3,1,0,0.03199999999999997,0.019000000000000017,0.018000000000000016,0.02100000000000002,0.026000000000000023,-3.299999999999997,-1.3399999999999999,34,-34,1
3,3,-6,-2,1,1,2.0,-1.0,2.8200000000000003,2.55,-2.5799999999999983,-4,6,4,4,0,0,0.02100000000000002,0.0040000000000000036,0.008000000000000007,0.0010000000000000009,-0.039000000000000035,3.299999999999997,-0.27,4,-4,1
3,2,2,0,1,1,0.5,-5.200000000000003,5.71,5.71,-42.34000000000001,2,0,-2,4,0,0,-0.023999999999999966,-0.01100000000000001,-0.03400000000000003,-0.029999999999999916,-0.03200000000000003,-0.6000000000000085,-0.010000000000000009,13,-13,1
4,3,2,2,1,0,5.300000000000011,0.29999999999999716,5.02,5.38,24.669999999999987,0,3,1,1,-2,0,0.03400000000000003,0.018000000000000016,0.025999999999999912,0.025000000000000022,-0.0050000000000000044,-2.799999999999997,0.36000000000000004,10,-10,1
2,2,-4,4,1,1,4.799999999999997,-2.0,6.710000000000001,6.87,-30.059999999999988,-8,6,4,6,-1,-1,0.023999999999999966,0.01599999999999996,0.018000000000000016,0.019000000000000017,0.026000000000000023,0.7999999999999972,0.16999999999999998,16,-16,1
1,4,2,0,1,1,-3.0,-1.3999999999999915,-1.67,-1.5699999999999998,-12.050000000000011,2,-6,-3,3,-1,-2,-0.022999999999999965,-0.0010000000000000009,-0.029999999999999916,-0.018000000000000016,0.0020000000000000018,-3.700000000000003,0.10000000000000003,-13,13,0
4,10,0,0,0,1,-4.0,0.4000000000000057,-4.109999999999999,-3.129999999999999,-17.989999999999995,0,-2,0,-1,1,-1,0.006000000000000005,0.009000000000000008,-0.025999999999999912,-0.0030000000000000027,-0.010000000000000009,1.5999999999999943,0.98,-12,12,0
7,1,0,-4,1,1,7.400000000000006,-2.3999999999999915,9.59,9.07,-9.120000000000005,4,11,1,3,-1,1,0.04899999999999999,0.04300000000000004,0.04500000000000004,0.04599999999999993,-0.03700000000000003,2.8999999999999915,-0.52,22,-22,0
2,2,6,2,1,0,5.200000000000003,-2.799999999999997,8.209999999999999,7.859999999999999,7.059999999999988,4,8,2,1,1,1,0.0,0.0010000000000000009,0.009000000000000008,0.0040000000000000036,0.02199999999999991,2.5,-0.33999999999999997,18,-18,1
3,1,-2,2,1,1,3.0999999999999943,-6.5,9.530000000000001,9.85,-39.21999999999999,-4,4,6,7,0,0,-0.0030000000000000027,0.022999999999999965,-0.009000000000000008,0.0050000000000000044,-0.016000000000000014,1.2999999999999972,0.31,24,-24,1
2,10,2,0,1,1,4.200000000000003,0.0,4.2,4.12,25.159999999999997,2,2,2,-1,0,0,0.02899999999999997,0.023999999999999966,0.03500000000000003,0.03799999999999992,0.02300000000000002,-1.2000000000000028,-0.07999999999999999,14,-14,1
2,8,2,-6,1,1,7.700000000000003,-3.5,11.01,10.83,-38.88000000000001,8,11,2,-1,1,0,0.045999999999999985,0.022999999999999965,0.051000000000000045,0.04299999999999993,-0.009000000000000008,2.200000000000003,-0.18000000000000002,25,-25,1
2,2,-4,0,1,1,1.0999999999999943,5.200000000000003,-4.17,-3.7,0.8299999999999983,-4,6,6,3,-1,-2,0.013000000000000012,0.02999999999999997,-0.010000000000000009,0.0030000000000000027,-0.027000000000000024,3.6000000000000085,0.47,-11,11,0
2,1,2,0,1,1,-5.299999999999997,-0.29999999999999716,-4.6,-3.3099999999999996,-30.979999999999997,2,-2,-3,3,1,-1,-0.007000000000000006,-0.015000000000000013,-0.052999999999999936,-0.03799999999999992,-0.061000000000000054,2.8999999999999915,1.28,-9,9,0
4,11,-6,-2,1,0,3.6000000000000085,0.8000000000000114,3.01,3.5500000000000007,-6.230000000000004,-4,2,1,-1,1,0,0.013000000000000012,0.011999999999999955,-0.0010000000000000009,0.006000000000000005,-0.02400000000000002,-1.8000000000000114,0.54,3,-3,1
1,4,6,6,1,0,1.7999999999999972,-6.799999999999997,8.77,9.11,3.989999999999995,0,5,-1,2,2,2,-0.0040000000000000036,0.0050000000000000044,0.0010000000000000009,0.0040000000000000036,0.018999999999999906,3.299999999999997,0.35,17,-17,1
9,3,-2,6,0,1,-6.900000000000006,3.799999999999997,-10.739999999999998,-9.55,36.24000000000001,-8,-8,-3,-1,0,1,-0.01200000000000001,-0.019000000000000017,-0.028999999999999915,-0.02400000000000002,-0.006000000000000005,-0.5999999999999943,1.19,-25,25,0
2,5,2,0,1,1,5.5,-1.2000000000000028,6.65,6.42,-0.7900000000000205,2,7,2,2,0,-1,0.04099999999999998,0.019000000000000017,0.026999999999999913,0.029000000000000026,-0.0040000000000000036,0.5,-0.22999999999999998,16,-16,0
2,3,-2,2,1,1,-1.0,3.200000000000003,-4.369999999999999,-4.21,-23.61999999999999,-4,-6,-1,-3,-1,-2,-0.0010000000000000009,-0.010000000000000009,-0.0010000000000000009,-0.006000000000000005,0.020000000000000018,-5.099999999999994,0.16999999999999998,-8,8,1
1,2,2,2,1,1,1.3000000000000114,-1.0,2.3499999999999996,2.86,60.42999999999999,0,-5,-4,-2,-2,0,0.007000000000000006,0.008000000000000007,0.010000000000000009,0.014000000000000012,0.010000000000000009,-5.0,0.51,10,-10,1
8,2,-2,2,1,1,-3.4000000000000057,-2.4000000000000057,-0.8799999999999999,-0.6600000000000001,-11.779999999999987,-4,-5,2,2,-1,-1,-0.017000000000000015,0.002999999999999947,-0.02200000000000002,-0.010999999999999899,0.007000000000000006,-1.0,0.22,2,-2,0
1,4,4,0,1,1,-1.5999999999999943,1.5999999999999943,-3.1,-3.4200000000000004,-3.6400000000000006,4,2,0,1,0,0,0.007999999999999952,-0.015000000000000013,0.0050000000000000044,-0.008000000000000007,-0.015000000000000013,2.5,-0.32,-5,5,1
4,7,0,-4,1,0,0.29999999999999716,-5.0,5.23,4.2299999999999995,27.139999999999972,4,3,1,-2,2,1,0.010000000000000009,-0.010000000000000009,0.0119999999999999,-0.0010000000000000009,-0.02100000000000002,2.8000000000000114,-1.0,14,-14,1
2,3,2,-4,1,1,2.299999999999997,-7.5,9.9,8.62,24.71999999999997,6,-1,0,-2,1,0,0.01100000000000001,0.017000000000000015,-0.0020000000000000018,0.008000000000000007,0.017000000000000015,-3.799999999999997,-1.28,20,-20,0
7,1,-2,4,1,1,-4.400000000000006,1.2999999999999972,-5.66,-5.42,23.88000000000001,-6,2,1,3,0,1,-0.016000000000000014,-0.0020000000000000018,-0.0020000000000000018,-0.0040000000000000036,0.009000000000000008,6.099999999999994,0.24,-12,12,1
2,2,0,-2,0,1,4.200000000000003,-1.2999999999999972,5.46,4.79,-4.310000000000002,2,5,2,0,-1,0,0.035999999999999976,0.044999999999999984,0.03300000000000003,0.04299999999999993,-0.01200000000000001,0.5,-0.6699999999999999,12,-12,0
4,5,0,0,1,1,-5.5,1.2000000000000028,-6.65,-6.42,0.7900000000000205,0,-7,-2,-2,0,1,-0.04099999999999998,-0.019000000000000017,-0.026999999999999913,-0.029000000000000026,0.0040000000000000036,-0.5,0.22999999999999998,-16,16,0
2,1,-2,0,1,1,-2.700000000000003,-1.2999999999999972,-1.5499999999999998,-1.23,-32.779999999999994,-2,-8,1,-2,0,-1,-0.02799999999999997,-0.0030000000000000027,-0.028000000000000025,-0.020000000000000018,-0.02200000000000002,-4.599999999999994,0.31,0,0,1
8,1,0,2,1,0,0.5,-5.400000000000006,5.79,6.25,21.950000000000003,-2,-5,-5,-1,-1,0,0.010000000000000009,0.015000000000000013,-0.0020000000000000018,0.010000000000000009,0.02200000000000002,-5.099999999999994,0.46,10,-10,1
2,2,6,2,1,0,-0.29999999999999716,-3.5999999999999943,3.76,4.42,-17.019999999999996,4,5,1,0,3,0,0.019999999999999962,0.006000000000000005,-0.0119999999999999,0.0020000000000000018,0.019999999999999907,4.299999999999997,0.6699999999999999,7,-7,1
13,2,6,-6,1,0,14.400000000000006,-4.3999999999999915,18.65,17.91,-42.13000000000001,12,17,4,-1,1,-1,0.061,0.043999999999999984,0.08199999999999996,0.06999999999999995,-0.007000000000000006,2.200000000000003,-0.74,45,-45,1
4,4,-2,-4,0,1,-3.6000000000000085,-0.8000000000000114,-3.01,-3.5500000000000007,6.230000000000004,2,-2,-1,1,-1,0,-0.013000000000000012,-0.011999999999999955,0.0010000000000000009,-0.006000000000000005,0.02400000000000002,1.8000000000000114,-0.54,-3,3,0
7,1,0,-4,0,1,-1.7999999999999972,-10.800000000000011,9.22,7.81,11.36,4,-7,-3,-4,2,2,-0.009000000000000008,-0.03199999999999997,-0.007000000000000006,-0.017999999999999905,0.0010000000000000009,-3.9000000000000057,-1.41,24,-24,0
2,11,0,2,1,1,-0.6000000000000085,-3.9000000000000057,3.29,3.5199999999999996,-45.38,-2,1,-3,5,0,0,-0.023999999999999966,-0.013000000000000012,-0.04400000000000004,-0.039999999999999925,-0.04700000000000004,1.0,0.22,2,-2,1
1,8,0,0,1,1,-1.7000000000000028,-4.5,2.82,2.98,-9.160000000000004,0,-2,2,1,1,1,-0.02699999999999997,0.007000000000000006,-0.027000000000000024,-0.014000000000000012,-0.04200000000000004,0.5,0.14,8,-8,0
2,2,4,0,1,0,3.299999999999997,-1.6000000000000085,4.88,4.4,-10.870000000000005,4,5,2,1,0,0,0.025999999999999968,0.019999999999999962,0.02300000000000002,0.02499999999999991,0.01200000000000001,1.0,-0.48,8,-8,1
14,2,2,-4,0,1,-4.299999999999997,-1.0999999999999943,-3.2300000000000004,-3.74,16.919999999999973,6,-4,-5,-4,2,0,-0.023999999999999966,-0.03699999999999998,-0.019000000000000017,-0.03200000000000003,-0.030000000000000027,0.30000000000001137,-0.51,-12,12,0
2,4,-2,0,1,1,-8.0,1.5,-9.34,-8.63,-21.999999999999986,-2,-12,-4,0,-1,-2,-0.05099999999999999,-0.02400000000000002,-0.052999999999999936,-0.041999999999999926,-0.0020000000000000018,-3.5,0.7100000000000001,-24,24,0
5,3,2,-2,1,1,9.099999999999994,4.700000000000003,4.22,4.29,-11.650000000000006,4,11,5,1,-1,-2,0.04099999999999998,0.05099999999999999,0.025000000000000022,0.038999999999999924,0.025000000000000022,0.6000000000000085,0.06999999999999995,10,-10,0
3,6,-4,-2,0,1,-5.400000000000006,1.3999999999999915,-6.77,-6.5200000000000005,6.540000000000006,-2,-5,3,1,1,-1,-0.02799999999999997,-0.039000000000000035,-0.03700000000000003,-0.04499999999999993,-0.0020000000000000018,0.4000000000000057,0.25,-18,18,0
2,3,0,0,1,0,-0.30000000000001137,-1.6000000000000085,1.1999999999999997,0.6200000000000001,23.439999999999998,0,4,0,2,0,-1,0.004999999999999949,0.010000000000000009,0.0050000000000000044,0.010000000000000009,0.03500000000000003,3.5,-0.5800000000000001,5,-5,1
11,5,0,-4,1,0,2.9000000000000057,-3.0,6.05,5.53,-11.970000000000013,4,8,3,4,1,1,0.0,0.0030000000000000027,0.0040000000000000036,0.0050000000000000044,0.016000000000000014,4.099999999999994,-0.52,9,-9,1
4,4,0,2,1,0,1.5,1.2000000000000028,0.33999999999999986,0.3100000000000005,6.089999999999989,-2,1,1,0,-1,0,-0.013999999999999957,0.0040000000000000036,-0.0050000000000000044,-0.0010000000000000009,-0.008000000000000007,-0.20000000000000284,-0.03,-1,1,1
3,8,2,0,1,0,3.200000000000003,3.299999999999997,-0.08000000000000007,0.47,-28.229999999999976,2,5,1,1,0,0,0.012999999999999956,-0.010000000000000009,0.017000000000000015,0.006000000000000005,0.015000000000000013,2.0,0.56,3,-3,1
8,1,-6,-2,1,1,-8.900000000000006,-2.700000000000003,-6.109999999999999,-6.55,28.33999999999999,-4,-9,-4,3,0,0,-0.04799999999999999,-0.03899999999999998,-0.05700000000000005,-0.05799999999999994,-0.027000000000000024,0.5,-0.44,-17,17,1
2,12,-2,0,0,1,-8.5,8.299999999999997,-16.95,-17.11,20.650000000000013,-2,-6,2,-4,0,0,-0.016000000000000014,-0.01799999999999996,0.0010000000000000009,-0.007000000000000006,0.040000000000000036,2.3000000000000114,-0.15000000000000002,-34,34,0
4,2,-4,2,1,1,-1.1000000000000085,1.2999999999999972,-2.42,-2.19,-3.039999999999992,-6,1,-1,1,0,0,0.0,-0.0020000000000000018,-0.010000000000000009,-0.010000000000000009,-0.015000000000000013,1.6000000000000085,0.23,-11,11,1
4,3,-2,0,1,1,-6.199999999999989,8.400000000000006,-14.43,-13.74,1.4300000000000068,-2,-4,0,-1,1,0,-0.016000000000000014,-0.030000000000000027,-0.027000000000000024,-0.03599999999999992,-0.03500000000000003,1.7999999999999972,0.69,-28,28,0
8,3,-2,0,0,1,-3.3999999999999915,4.700000000000003,-8.21,-7.1,25.310000000000002,-2,-6,-4,1,-3,-1,-0.01799999999999996,-0.008000000000000007,-0.01200000000000001,-0.01100000000000001,-0.0010000000000000009,-2.5999999999999943,1.1099999999999999,-23,23,0
4,2,2,2,0,1,-0.6999999999999886,4.900000000000006,-5.219999999999999,-4.309999999999999,-21.36,0,5,5,1,1,-1,0.043999999999999984,0.008000000000000007,0.007000000000000006,0.013000000000000012,-0.029000000000000026,4.099999999999994,0.9099999999999999,-11,11,0
2,1,0,-2,0,1,1.5,-1.2000000000000028,2.7399999999999998,3.45,-37.38999999999998,2,3,3,2,1,1,-0.014000000000000012,-0.0030000000000000027,-0.010000000000000009,-0.008000000000000007,-0.027000000000000024,2.5,0.7,11,-11,0
3,11,6,6,1,1,1.4000000000000057,4.700000000000003,-3.33,-3.889999999999999,-7.859999999999999,0,1,1,0,-2,-2,0.009000000000000008,0.009000000000000008,0.02199999999999991,0.014000000000000012,-0.04299999999999993,-0.20000000000000284,-0.57,-4,4,1
4,7,2,2,1,1,2.4000000000000057,-1.2999999999999972,3.79,3.51,13.179999999999978,0,-1,0,-5,1,1,0.018000000000000016,0.0010000000000000009,0.0119999999999999,0.009000000000000008,-0.020000000000000018,-2.8999999999999915,-0.28,11,-11,1
2,8,0,-4,1,0,8.0,-0.5,8.39,7.99,-12.480000000000004,4,5,-1,-2,0,0,0.02799999999999997,0.02100000000000002,0.03500000000000003,0.03599999999999992,0.052000000000000046,-3.0,-0.4,21,-21,1
2,5,0,-4,1,1,5.1000000000000085,-0.8999999999999915,6.209999999999999,5.8500000000000005,16.159999999999982,4,2,-2,-5,1,0,0.015000000000000013,0.006000000000000005,0.018000000000000016,0.016999999999999904,0.0020000000000000018,-3.5,-0.36,6,-6,1
2,11,-4,4,0,1,-6.5,2.700000000000003,-9.01,-8.68,15.680000000000007,-8,-11,-1,-4,0,-1,-0.03899999999999998,-0.018000000000000016,-0.03500000000000003,-0.027999999999999914,0.013000000000000012,-3.3999999999999915,0.33,-18,18,0
1,2,-2,0,1,1,-1.2999999999999972,5.200000000000003,-6.449999999999999,-5.92,-5.799999999999997,-2,-1,2,-1,1,0,0.0020000000000000018,0.004999999999999949,-0.009000000000000008,-0.0030000000000000027,-0.008000000000000007,0.29999999999999716,0.53,-15,15,0
1,2,2,0,1,1,4.800000000000011,5.700000000000003,-0.77,-0.8699999999999997,2.7199999999999847,2,8,6,2,-1,0,0.02400000000000002,0.0030000000000000027,0.027999999999999914,0.015000000000000013,-0.027000000000000024,2.299999999999997,-0.09999999999999999,0,0,1
4,2,-2,0,1,1,1.5,-3.799999999999997,5.24,4.57,5.499999999999986,-2,2,-3,0,-1,-1,0.020999999999999963,0.030000000000000027,0.009000000000000008,0.02300000000000002,-0.02400000000000002,0.0,-0.6699999999999999,14,-14,1
1,1,6,-4,1,0,11.200000000000003,-2.5999999999999943,13.829999999999998,13.21,-16.35000000000001,10,11,-1,0,0,0,0.032999999999999974,0.03500000000000003,0.05799999999999994,0.05399999999999994,0.028000000000000025,0.09999999999999432,-0.62,34,-34,1
3,13,4,0,0,1,0.0,1.3999999999999915,-1.4,-1.83,11.759999999999998,4,2,-3,-1,-1,0,0.024999999999999967,-0.0020000000000000018,0.02200000000000002,0.01200000000000001,0.010000000000000009,1.0999999999999943,-0.42000000000000004,-4,4,0
4,2,0,0,0,1,-7.199999999999989,-1.9000000000000057,-5.12,-5.8500000000000005,8.63000000000001,0,-9,-3,-2,1,1,-0.02300000000000002,-0.059,-0.01200000000000001,-0.03799999999999992,-0.014000000000000012,-1.2000000000000028,-0.73,-8,8,0
3,2,0,0,1,1,2.4000000000000057,2.200000000000003,0.33999999999999986,-0.17999999999999972,30.369999999999997,0,8,5,0,1,1,0.023999999999999966,0.014000000000000012,0.038000000000000034,0.03499999999999992,0.04800000000000004,4.700000000000003,-0.51,-4,4,0
2,1,-4,0,1,1,3.0999999999999943,1.2999999999999972,1.78,1.93,22.120000000000005,-4,3,1,0,0,0,0.02899999999999997,0.021999999999999964,0.025000000000000022,0.027999999999999914,0.008000000000000007,0.4000000000000057,0.15000000000000002,3,-3,1
9,2,-4,0,1,1,1.6000000000000085,3.5999999999999943,-1.87,-1.14,34.94000000000001,-4,-4,-2,-2,-3,0,0.006000000000000005,0.020000000000000018,0.0040000000000000036,0.016000000000000014,0.03500000000000003,-5.5,0.73,-4,4,1
2,2,-2,0,1,1,-2.299999999999997,7.5,-9.9,-8.62,-24.71999999999997,-2,1,0,2,-1,0,-0.01100000000000001,-0.017000000000000015,0.0020000000000000018,-0.008000000000000007,-0.017000000000000015,3.799999999999997,1.28,-20,20,0
9,7,4,-4,1,1,8.600000000000009,-1.8999999999999915,10.33,10.549999999999999,-2.8500000000000085,8,8,2,-3,1,0,0.04899999999999999,0.02699999999999997,0.06300000000000006,0.05599999999999994,0.0020000000000000018,0.0,0.22,31,-31,0
2,1,4,0,1,0,1.5,2.5999999999999943,-1.0699999999999998,-1.8800000000000001,49.43999999999999,4,3,0,-5,0,1,0.03699999999999998,0.0040000000000000036,0.039999999999999925,0.026000000000000023,0.025000000000000022,1.2000000000000028,-0.8,2,-2,1
1,4,0,0,1,1,-6.5,-3.8000000000000114,-2.6,-2.8200000000000003,5.710000000000008,0,-11,-3,-2,2,1,-0.04099999999999998,-0.069,-0.027000000000000024,-0.04799999999999993,0.025000000000000022,-3.200000000000003,-0.21999999999999997,-7,7,0
2,5,0,-2,0,1,1.5,-1.7000000000000028,3.1999999999999993,2.3,22.389999999999986,2,0,-3,-4,0,0,0.0020000000000000018,-0.00599999999999995,0.019000000000000017,0.010999999999999899,0.026000000000000023,-1.6999999999999886,-0.8999999999999999,3,-3,0
10,5,2,4,1,1,3.8999999999999915,-5.1000000000000085,8.629999999999999,7.699999999999999,24.22999999999999,-2,0,-1,0,-1,2,-0.01599999999999996,0.01100000000000001,0.015999999999999903,0.009000000000000008,-0.007000000000000006,-2.5,-0.94,21,-21,0
2,2,0,4,0,1,-1.7999999999999972,6.799999999999997,-8.77,-9.11,-3.989999999999995,-4,-5,1,-2,-2,-2,0.0040000000000000036,-0.0050000000000000044,-0.0010000000000000009,-0.0040000000000000036,-0.018999999999999906,-3.299999999999997,-0.35,-17,17,0
4,2,2,-4,1,1,7.299999999999997,-3.5,10.879999999999999,10.31,13.200000000000003,6,10,4,2,0,0,0.030999999999999972,0.03199999999999997,0.03700000000000003,0.038999999999999924,0.031000000000000028,1.8999999999999915,-0.5700000000000001,21,-21,1
2,8,2,-4,1,0,11.400000000000006,0.20000000000000284,11.0,10.92,-15.41000000000001,6,16,6,5,0,1,0.069,0.03200000000000003,0.06299999999999994,0.051999999999999935,-0.017000000000000015,3.3999999999999915,-0.08,24,-24,1
3,1,-4,2,0,1,-0.7000000000000028,4.900000000000006,-5.64,-6.38,-15.04999999999999,-6,4,7,-3,2,0,0.01699999999999996,0.0050000000000000044,0.03400000000000003,0.025999999999999912,0.03700000000000003,4.0,-0.73,-12,12,0
2,6,-2,-2,1,0,5.0,-1.1000000000000085,6.34,5.96,9.63000000000001,0,2,2,-3,0,1,0.023999999999999966,0.028000000000000025,0.016000000000000014,0.027000000000000024,0.03600000000000003,-2.9000000000000057,-0.37999999999999995,19,-19,1
2,2,4,-4,1,0,4.5,-1.7000000000000028,6.1899999999999995,6.130000000000001,-13.100000000000009,8,5,-3,0,0,1,0.01799999999999996,0.014000000000000012,0.027000000000000024,0.026999999999999913,0.026000000000000023,0.09999999999999432,-0.06000000000000001,14,-14,1
5,7,0,-2,1,1,-1.1000000000000085,-1.5,0.15000000000000036,0.3600000000000003,-17.379999999999995,2,-8,-2,-4,-1,-1,-0.010999999999999954,0.010000000000000009,-0.01100000000000001,0.0,0.0030000000000000027,-6.0,0.21,1,-1,0
12,2,-2,0,1,1,-1.7999999999999972,1.7999999999999972,-3.54,-2.78,-14.759999999999977,-2,0,-2,0,0,1,-0.015000000000000013,-0.024999999999999967,-0.01100000000000001,-0.020999999999999908,-0.029000000000000026,2.5999999999999943,0.76,-1,1,0
1,8,-2,-2,1,1,1.5,-2.5,3.9799999999999995,3.9000000000000004,34.969999999999985,0,-1,-3,-1,0,-1,0.013999999999999957,0.009000000000000008,0.01100000000000001,0.018000000000000016,0.01100000000000001,-1.7000000000000028,-0.07999999999999999,16,-16,1
7,2,4,0,1,0,7.799999999999997,-6.299999999999997,13.77,13.94,-41.33,4,8,1,-2,2,0,0.05199999999999999,0.033999999999999975,0.051000000000000045,0.051999999999999935,0.014000000000000012,-0.09999999999999432,0.16999999999999998,31,-31,1
2,2,-2,2,1,0,2.5999999999999943,0.8999999999999915,1.6199999999999997,1.4699999999999998,-5.939999999999998,-4,0,2,-1,1,-1,0.0,-0.018000000000000016,-0.0020000000000000018,-0.009000000000000008,0.050000000000000044,-2.5999999999999943,-0.15000000000000002,3,-3,1
3,8,-2,2,0,1,-5.1000000000000085,0.0,-5.09,-4.71,32.72000000000001,-4,-7,-6,-2,0,0,-0.027000000000000024,-0.01200000000000001,-0.025999999999999912,-0.02100000000000002,0.0,-0.5999999999999943,0.38,-11,11,0
2,2,2,6,1,1,-2.6000000000000085,-0.6000000000000085,-2.04,-2.41,27.10000000000001,-4,2,2,1,0,1,-0.008000000000000007,0.010000000000000009,0.0010000000000000009,0.0030000000000000027,0.0030000000000000027,4.599999999999994,-0.38,-1,1,0
2,2,2,0,1,0,10.199999999999989,-8.800000000000011,18.54,16.869999999999997,16.559999999999988,2,6,0,2,-2,1,0.010000000000000009,0.02100000000000002,0.052999999999999936,0.038999999999999924,0.04500000000000004,-3.3999999999999915,-1.67,40,-40,1
3,6,6,4,1,1,5.200000000000003,-2.0999999999999943,7.309999999999999,7.130000000000001,-40.92999999999999,2,5,-1,4,-1,-2,0.0030000000000000027,0.015000000000000013,0.013000000000000012,0.013000000000000012,-0.013000000000000012,-0.10000000000000853,-0.17999999999999994,14,-14,0
2,8,-2,-2,1,1,-2.5,-8.600000000000009,6.11,5.59,-15.189999999999984,0,-5,0,3,0,1,-0.009000000000000008,-0.02300000000000002,-0.0040000000000000036,-0.0129999999999999,-0.0050000000000000044,-1.3000000000000114,-0.52,17,-17,1
5,2,-4,4,0,1,-13.5,11.599999999999994,-25.31,-24.84,6.690000000000012,-8,-13,-2,-1,-2,-1,-0.04299999999999998,-0.03899999999999998,-0.040000000000000036,-0.04699999999999993,-0.040999999999999925,0.9000000000000057,0.45999999999999996,-50,50,0
3,2,-2,-4,1,0,2.700000000000003,4.6000000000000085,-2.2299999999999995,-1.5599999999999996,-14.769999999999996,2,7,1,5,-1,0,0.017000000000000015,0.006000000000000005,0.025000000000000022,0.015999999999999903,-0.013000000000000012,3.5999999999999943,0.6699999999999999,-9,9,1
1,7,0,-4,1,1,8.900000000000006,2.700000000000003,6.109999999999999,6.55,-28.33999999999999,4,9,4,-3,0,0,0.04799999999999999,0.03899999999999998,0.05700000000000005,0.05799999999999994,0.027000000000000024,-0.5,0.44,17,-17,1
1,4,-6,0,1,1,-9.799999999999997,7.599999999999994,-17.439999999999998,-17.29,7.660000000000011,-6,-6,-1,0,0,0,-0.029000000000000026,-0.04199999999999998,-0.026000000000000023,-0.041999999999999926,-0.01100000000000001,3.6000000000000085,0.15,-31,31,0
1,5,-2,4,1,1,3.5,1.2000000000000028,2.1999999999999997,1.8599999999999999,0.6200000000000045,-6,0,2,-2,0,-1,0.010000000000000009,0.007000000000000006,0.008000000000000007,0.009000000000000008,0.026000000000000023,-3.0999999999999943,-0.33999999999999997,7,-7,0
7,3,-4,0,1,1,-4.5,3.0999999999999943,-7.59,-7.960000000000001,24.860000000000007,-4,-3,0,-1,-1,-1,0.007000000000000006,-0.016000000000000014,-0.0050000000000000044,-0.014999999999999902,-0.016000000000000014,1.0,-0.36,-18,18,1
8,2,2,0,1,1,-2.4000000000000057,-2.200000000000003,-0.33999999999999986,0.17999999999999972,-30.369999999999997,2,-8,-5,0,-1,-1,-0.023999999999999966,-0.014000000000000012,-0.038000000000000034,-0.03499999999999992,-0.04800000000000004,-4.700000000000003,0.51,4,-4,1
10,5,0,-2,1,1,1.5,-2.5,3.9799999999999995,3.9000000000000004,34.969999999999985,2,-1,-3,-1,0,-1,0.013999999999999957,0.009000000000000008,0.01100000000000001,0.018000000000000016,0.01100000000000001,-1.7000000000000028,-0.07999999999999999,16,-16,0
9,2,-2,0,1,0,1.5999999999999943,-2.6000000000000085,4.1,4.7299999999999995,-28.07999999999997,-2,2,-1,0,1,1,0.01699999999999996,0.006000000000000005,0.01200000000000001,0.013000000000000012,0.006000000000000005,1.2999999999999972,0.63,13,-13,1
4,11,6,4,1,1,-5.200000000000003,2.0999999999999943,-7.309999999999999,-7.130000000000001,40.92999999999999,2,-5,1,-4,1,2,-0.0030000000000000027,-0.015000000000000013,-0.013000000000000012,-0.013000000000000012,0.013000000000000012,0.10000000000000853,0.17999999999999994,-14,14,0
4,2,-2,4,0,1,-8.399999999999991,10.700000000000003,-19.1,-18.99,22.849999999999994,-6,-11,-4,-6,-1,-1,-0.02799999999999997,-0.032999999999999974,-0.02200000000000002,-0.030000000000000027,-0.038999999999999924,-2.5999999999999943,0.1,-44,44,0
17,7,-2,2,1,1,-1.6000000000000085,-3.5999999999999943,1.87,1.14,-34.94000000000001,-4,4,2,2,3,0,-0.006000000000000005,-0.020000000000000018,-0.0040000000000000036,-0.016000000000000014,-0.03500000000000003,5.5,-0.73,4,-4,1
2,2,0,0,0,1,3.6999999999999886,-4.300000000000011,7.869999999999999,6.76,19.430000000000007,0,8,3,3,-1,0,0.01799999999999996,0.020000000000000018,0.038000000000000034,0.03299999999999992,0.05500000000000005,3.700000000000003,-1.1099999999999999,18,-18,0
6,2,0,6,1,0,-0.7999999999999972,-2.799999999999997,2.0,1.54,9.159999999999997,-6,0,-1,-1,-1,1,0.008000000000000007,0.030000000000000027,0.0050000000000000044,0.016000000000000014,-0.05600000000000005,1.0999999999999943,-0.47,8,-8,1
2,2,-2,2,0,1,-5.1000000000000085,0.0,-5.09,-4.71,32.72000000000001,-4,-7,-6,-2,0,0,-0.027000000000000024,-0.01200000000000001,-0.025999999999999912,-0.02100000000000002,0.0,-0.5999999999999943,0.38,-11,11,0
3,2,-2,-4,1,1,3.200000000000003,-1.0999999999999943,4.130000000000001,4.28,-4.810000000000002,2,6,-1,3,0,1,0.013000000000000012,-0.0019999999999999463,0.01200000000000001,0.0030000000000000027,-0.025000000000000022,2.3999999999999915,0.15,10,-10,0
1,11,-2,-2,0,1,-6.599999999999994,3.9000000000000057,-10.33,-9.879999999999999,26.83999999999999,0,-6,-5,-4,1,1,-0.03199999999999997,-0.02799999999999997,-0.02100000000000002,-0.026000000000000023,-0.020000000000000018,0.7000000000000028,0.45,-27,27,0
2,8,-4,2,1,1,-10.099999999999994,3.700000000000003,-13.399999999999999,-12.68,-8.529999999999987,-6,-5,3,0,1,-2,-0.0040000000000000036,-0.020000000000000018,-0.04799999999999993,-0.03799999999999992,-0.051000000000000045,4.0,0.72,-31,31,1
1,6,0,-2,1,1,-0.5,-0.10000000000000853,-0.43000000000000016,-0.42000000000000015,48.900000000000006,2,0,-1,1,-2,0,-0.0020000000000000018,0.009000000000000008,0.0040000000000000036,0.006000000000000005,0.03400000000000003,0.20000000000000284,0.010000000000000009,-1,1,0
1,9,2,0,1,1,6.5,3.8000000000000114,2.6,2.8200000000000003,-5.710000000000008,2,11,3,2,-2,-1,0.04099999999999998,0.069,0.027000000000000024,0.04799999999999993,-0.025000000000000022,3.200000000000003,0.21999999999999997,7,-7,1
4,2,2,-2,1,1,1.5999999999999943,-0.20000000000000284,1.7000000000000002,1.5900000000000003,15.399999999999999,4,0,-3,-2,-1,0,0.017000000000000015,0.013000000000000012,0.017000000000000015,0.020000000000000018,0.025000000000000022,-1.4000000000000057,-0.1,1,-1,0
7,9,0,-2,1,1,-4.3999999999999915,3.9000000000000057,-8.23,-7.85,-27.92,2,-4,1,-1,1,0,-0.02699999999999997,-0.017000000000000015,-0.03400000000000003,-0.030999999999999917,-0.016000000000000014,-0.10000000000000853,0.37999999999999995,-18,18,1
11,2,0,-2,1,1,-3.299999999999997,4.200000000000003,-7.609999999999999,-7.24,-19.95999999999998,2,-8,1,-4,-1,0,-0.013999999999999957,-0.010000000000000009,-0.0050000000000000044,-0.013000000000000012,-0.01200000000000001,-4.0,0.37,-14,14,0
5,6,4,4,1,1,4.6000000000000085,5.200000000000003,-0.6199999999999997,-0.9999999999999996,9.619999999999997,0,7,8,-2,0,0,0.05099999999999999,0.02300000000000002,0.05999999999999994,0.050999999999999934,0.03200000000000003,1.2000000000000028,-0.37,-2,2,0
3,3,0,-4,0,1,3.9000000000000057,3.8000000000000114,-0.23000000000000043,0.5899999999999999,-37.97,4,7,2,0,0,-1,0.02400000000000002,0.010999999999999954,0.041000000000000036,0.030999999999999917,-0.009000000000000008,2.4000000000000057,0.82,-2,2,0
2,2,-2,0,1,1,2.4000000000000057,1.7999999999999972,0.6599999999999999,1.3399999999999999,10.40000000000002,-2,2,0,-1,0,1,0.013999999999999957,-0.0010000000000000009,0.02400000000000002,0.017000000000000015,-0.006000000000000005,1.3999999999999915,0.68,13,-13,1
2,1,-2,-4,1,0,6.599999999999994,-5.5,11.77,11.79,-18.129999999999995,2,8,0,3,1,1,0.044999999999999984,0.029000000000000026,0.03500000000000003,0.03699999999999992,0.010000000000000009,1.0999999999999943,0.01999999999999999,24,-24,1
5,4,4,4,0,1,-1.5,-1.2000000000000028,-0.33000000000000007,0.050000000000000044,-37.67999999999999,0,-1,-3,4,-1,-1,-0.01200000000000001,-0.006000000000000005,-0.017999999999999905,-0.014000000000000012,-0.015000000000000013,-0.10000000000000853,0.38,-6,6,0
3,2,-6,2,0,1,-9.400000000000006,-0.20000000000000284,-9.44,-9.59,0.7599999999999909,-8,-6,-3,1,1,0,-0.03899999999999998,-0.04299999999999998,-0.03700000000000003,-0.04899999999999993,-0.03200000000000003,3.8000000000000114,-0.15000000000000002,-18,18,0
11,2,4,4,1,1,-1.4000000000000057,-4.700000000000003,3.33,3.889999999999999,7.859999999999999,0,-1,-1,0,2,2,-0.009000000000000008,-0.009000000000000008,-0.02199999999999991,-0.014000000000000012,0.04299999999999993,0.20000000000000284,0.57,4,-4,1
2,8,-2,0,1,1,-3.3999999999999915,4.400000000000006,-7.640000000000001,-7.51,13.319999999999993,-2,-2,-1,0,-1,0,-0.03199999999999997,-0.030999999999999972,-0.02300000000000002,-0.03399999999999992,-0.03500000000000003,1.2999999999999972,0.13,-14,14,0
10,1,4,4,1,0,1.4000000000000057,5.400000000000006,-4.029999999999999,-4.39,6.750000000000007,0,2,4,-3,0,-1,0.022999999999999965,0.0040000000000000036,0.03700000000000003,0.028999999999999915,0.06800000000000006,-0.3999999999999915,-0.34,-12,12,1
5,2,0,-2,1,1,11.199999999999989,1.5,9.229999999999999,8.979999999999999,9.359999999999985,2,11,3,3,-2,0,0.017000000000000015,0.04999999999999999,0.03799999999999992,0.040999999999999925,0.02400000000000002,-0.3999999999999915,-0.25,20,-20,1
4,4,0,2,1,1,1.9000000000000057,2.799999999999997,-0.9000000000000004,-1.5600000000000005,-3.019999999999996,-2,2,2,-1,0,-1,0.01799999999999996,-0.008000000000000007,0.013000000000000012,0.0010000000000000009,0.01100000000000001,-0.5999999999999943,-0.66,2,-2,0
13,3,0,2,0,1,-6.400000000000006,-3.0999999999999943,-3.33,-3.8600000000000003,25.359999999999985,-2,-10,-5,-2,0,-1,-0.04099999999999998,-0.009000000000000008,-0.039999999999999925,-0.028000000000000025,0.02100000000000002,-3.5999999999999943,-0.53,-13,13,0
2,6,4,-2,1,0,5.400000000000006,-1.3999999999999915,6.77,6.5200000000000005,-6.540000000000006,6,5,-3,-1,-1,1,0.02799999999999997,0.039000000000000035,0.03700000000000003,0.04499999999999993,0.0020000000000000018,-0.4000000000000057,-0.25,18,-18,1
2,6,0,-2,1,0,-0.7999999999999972,-0.5,-0.08999999999999986,-0.08000000000000007,4.159999999999997,2,-2,0,-3,2,1,-0.0020000000000000018,-0.0030000000000000027,-0.02200000000000002,-0.015999999999999903,-0.020000000000000018,-0.9000000000000057,0.010000000000000009,4,-4,1
2,2,-2,0,1,1,-3.299999999999997,4.200000000000003,-7.609999999999999,-7.24,-19.95999999999998,-2,-8,1,-4,-1,0,-0.013999999999999957,-0.010000000000000009,-0.0050000000000000044,-0.013000000000000012,-0.01200000000000001,-4.0,0.37,-14,14,0
3,3,-2,4,1,0,-5.5,8.5,-14.069999999999999,-13.44,28.38000000000001,-6,-7,-2,-1,-2,-1,-0.0030000000000000027,-0.010000000000000009,-0.007000000000000006,-0.010000000000000009,-0.04899999999999993,-0.7999999999999972,0.62,-29,29,1
2,2,-2,-2,1,1,6.799999999999997,-1.0,7.549999999999999,7.27,-14.379999999999995,0,13,5,0,1,0,0.03999999999999998,0.02799999999999997,0.05700000000000005,0.04799999999999993,0.026000000000000023,5.200000000000003,-0.28,20,-20,0
2,2,0,-4,1,1,7.400000000000006,-1.0999999999999943,8.33,8.4,20.349999999999994,4,8,1,2,0,1,0.04199999999999998,0.02200000000000002,0.04700000000000004,0.040999999999999925,-0.0020000000000000018,1.1999999999999886,0.07,24,-24,1
2,2,2,2,1,1,-1.2000000000000028,-6.200000000000003,4.9,4.279999999999999,-10.54000000000002,0,2,-2,2,1,0,-0.0020000000000000018,-0.016000000000000014,-0.006000000000000005,-0.015000000000000013,-0.03600000000000003,2.700000000000003,-0.62,8,-8,0
1,3,0,0,1,1,6.0,-4.6000000000000085,10.239999999999998,9.69,46.02999999999999,0,-2,-4,0,-3,1,-0.009999999999999953,0.010000000000000009,0.018999999999999906,0.01200000000000001,0.02400000000000002,-6.8999999999999915,-0.5499999999999999,21,-21,0
4,6,4,-4,1,1,4.599999999999994,-3.9000000000000057,8.46,7.97,10.219999999999999,8,7,6,2,0,1,0.033999999999999975,0.02699999999999997,0.030999999999999917,0.031000000000000028,0.009000000000000008,2.5,-0.49000000000000005,26,-26,1
11,8,-2,-6,1,0,8.200000000000003,-7.3999999999999915,15.739999999999998,15.700000000000001,-23.06000000000001,4,6,4,2,1,0,0.01200000000000001,0.02899999999999997,0.009000000000000008,0.02199999999999991,-0.014000000000000012,-2.200000000000003,-0.04999999999999999,30,-30,1
3,2,2,2,0,1,-5.1000000000000085,-0.7000000000000028,-4.539999999999999,-3.66,6.890000000000001,0,-8,-2,-1,0,1,-0.022999999999999965,-0.006000000000000005,-0.03599999999999992,-0.019000000000000017,0.013000000000000012,-2.5,0.88,-15,15,0
2,2,-4,4,1,1,-3.5999999999999943,3.9000000000000057,-7.49,-7.64,20.220000000000006,-8,-3,1,-4,0,0,-0.0050000000000000044,-0.010999999999999954,0.009000000000000008,0.0020000000000000018,0.02400000000000002,0.20000000000000284,-0.14,-16,16,0
2,6,0,-4,1,0,-0.9000000000000057,-4.299999999999997,3.32,2.56,24.569999999999965,4,-3,-3,0,0,-2,0.0,0.010000000000000009,-0.013000000000000012,0.0010000000000000009,0.017000000000000015,-3.0999999999999943,-0.76,3,-3,1
7,2,-2,4,0,1,-10.5,-6.400000000000006,-4.01,-4.67,12.000000000000014,-6,-16,-8,-4,1,1,-0.061,-0.057999999999999996,-0.04499999999999993,-0.05399999999999994,0.0050000000000000044,-3.700000000000003,-0.6599999999999999,-9,9,0
2,1,4,-4,1,0,4.0,-4.799999999999997,8.71,8.41,-20.89999999999999,8,6,3,5,-2,0,0.03199999999999997,0.045999999999999985,0.02300000000000002,0.03500000000000003,-0.030000000000000027,1.8999999999999915,-0.3,24,-24,1
3,2,2,-4,1,0,11.799999999999997,-8.299999999999997,19.98,19.65,-11.070000000000007,6,16,2,4,2,2,0.044999999999999984,0.030000000000000027,0.04400000000000004,0.040999999999999925,0.03199999999999992,3.5999999999999943,-0.32,42,-42,1
4,12,2,0,1,1,-0.8000000000000114,-4.400000000000006,3.4400000000000004,3.3899999999999997,-38.47999999999999,2,0,-1,1,1,0,0.0030000000000000027,0.007000000000000006,-0.01200000000000001,-0.0040000000000000036,0.01200000000000001,-0.09999999999999432,-0.05000000000000002,0,0,1
1,11,-4,-4,1,1,-2.3999999999999915,-0.8999999999999915,-1.42,-0.8399999999999999,-13.63000000000001,0,-7,-5,-2,0,0,-0.019999999999999962,-0.024999999999999967,-0.029000000000000026,-0.029999999999999916,-0.04700000000000004,-4.0,0.5800000000000001,-3,3,1
3,1,4,-6,1,1,9.900000000000006,-2.8999999999999915,12.92,12.72,-13.900000000000006,10,8,2,1,0,-1,0.03899999999999998,0.021999999999999964,0.03600000000000003,0.03599999999999992,0.028000000000000025,-2.700000000000003,-0.19,22,-22,1
13,5,0,0,1,1,-7.5,0.5999999999999943,-7.909999999999999,-8.36,5.890000000000001,0,-9,-1,2,-1,0,-0.04899999999999999,-0.024999999999999967,-0.05300000000000005,-0.04599999999999993,0.013000000000000012,-1.6000000000000085,-0.45,-20,20,1
7,7,4,0,1,1,0.29999999999999716,-2.299999999999997,2.61,3.2399999999999998,-9.350000000000001,4,-2,-3,3,0,0,-0.020999999999999963,-0.009000000000000008,-0.03200000000000003,-0.026999999999999913,-0.03600000000000003,-1.2000000000000028,0.62,8,-8,0
11,3,2,0,1,1,1.1000000000000085,1.5,-0.15000000000000036,-0.3600000000000003,17.379999999999995,2,8,2,4,1,1,0.010999999999999954,-0.010000000000000009,0.01100000000000001,0.0,-0.0030000000000000027,6.0,-0.21,-1,1,1
3,2,0,2,1,1,3.9000000000000057,-1.4000000000000057,5.2299999999999995,5.0,25.019999999999996,-2,-2,-2,-2,-2,-1,0.014000000000000012,0.01100000000000001,0.006000000000000005,0.010000000000000009,0.025000000000000022,-5.8999999999999915,-0.22999999999999998,11,-11,1
8,2,2,4,1,1,5.5,-7.099999999999994,12.54,11.36,-13.79000000000002,-2,8,0,2,1,-1,0.013000000000000012,0.0050000000000000044,0.02499999999999991,0.01200000000000001,-0.03400000000000003,2.700000000000003,-1.18,28,-28,1
2,5,0,0,1,1,-5.599999999999994,0.6000000000000085,-5.81,-4.719999999999999,-33.38999999999999,0,-2,3,1,2,-1,-0.01100000000000001,-0.0040000000000000036,-0.04299999999999993,-0.02300000000000002,-0.03500000000000003,3.0,1.08,-13,13,0
3,3,2,-4,1,0,-0.7999999999999972,-0.5,-0.08999999999999986,-0.08000000000000007,4.159999999999997,6,-2,0,-3,2,1,-0.0020000000000000018,-0.0030000000000000027,-0.02200000000000002,-0.015999999999999903,-0.020000000000000018,-0.9000000000000057,0.010000000000000009,4,-4,1
13,6,-4,0,0,1,-10.0,1.5,-11.21,-10.54,15.060000000000002,-4,-11,-3,-2,0,0,-0.04899999999999999,-0.025000000000000022,-0.04300000000000004,-0.03699999999999992,-0.013000000000000012,-0.29999999999999716,0.67,-25,25,0
2,12,0,-4,1,1,1.7999999999999972,-1.7999999999999972,3.54,2.78,14.759999999999977,4,0,2,0,0,-1,0.015000000000000013,0.024999999999999967,0.01100000000000001,0.020999999999999908,0.029000000000000026,-2.5999999999999943,-0.76,1,-1,0
6,4,-2,-4,1,1,1.0999999999999943,5.200000000000003,-4.17,-3.7,0.8299999999999983,2,6,6,3,-1,-2,0.013000000000000012,0.02999999999999997,-0.010000000000000009,0.0030000000000000027,-0.027000000000000024,3.6000000000000085,0.47,-11,11,1
6,2,4,-6,1,0,8.0,-2.200000000000003,10.120000000000001,10.26,-27.189999999999998,10,11,8,7,-1,0,0.05199999999999999,0.034999999999999976,0.040999999999999925,0.041000000000000036,-0.010000000000000009,2.3999999999999915,0.14,26,-26,1
4,2,-2,-6,1,0,9.100000000000009,-4.3999999999999915,13.66,13.59,24.72999999999999,4,5,1,-1,0,0,0.03999999999999998,0.030999999999999972,0.04300000000000004,0.04699999999999993,0.007000000000000006,-3.3000000000000114,-0.06999999999999998,32,-32,1
1,1,2,-4,1,1,1.0,-5.299999999999997,6.220000000000001,6.67,-26.950000000000003,6,-5,-4,-2,1,0,0.01200000000000001,0.006000000000000005,-0.006000000000000005,0.0040000000000000036,-0.01200000000000001,-5.299999999999997,0.45,11,-11,0
8,2,2,0,1,1,-0.4000000000000057,2.6000000000000085,-3.03,-3.1399999999999997,-24.39999999999999,2,2,4,0,2,0,-0.0040000000000000036,-0.0040000000000000036,0.0020000000000000018,-0.0010000000000000009,0.0010000000000000009,2.799999999999997,-0.11000000000000001,-4,4,0
1,2,-4,2,1,1,-7.700000000000003,-3.5,-4.11,-4.4,5.139999999999986,-6,-9,-3,-2,1,-1,-0.04099999999999998,-0.03400000000000003,-0.041000000000000036,-0.04299999999999993,-0.02300000000000002,-0.6999999999999886,-0.29000000000000004,-10,10,0
5,2,-2,-2,1,1,-1.7999999999999972,4.5,-6.2,-5.890000000000001,29.35000000000001,0,0,-1,0,0,0,0.010999999999999954,-0.013000000000000012,0.007000000000000006,-0.0050000000000000044,-0.019000000000000017,1.9000000000000057,0.31000000000000005,-10,10,0
2,4,2,2,1,0,-6.400000000000006,-1.4000000000000057,-5.029999999999999,-3.8400000000000007,-6.100000000000001,0,-8,-5,3,0,1,-0.035999999999999976,-0.030000000000000027,-0.06299999999999994,-0.05399999999999994,-0.038000000000000034,-1.2000000000000028,1.18,-12,12,1
2,5,2,2,1,0,10.400000000000006,-3.5999999999999943,13.959999999999999,13.89,-17.860000000000014,0,17,4,2,2,1,0.04899999999999999,0.02799999999999997,0.05700000000000005,0.050999999999999934,0.0030000000000000027,5.700000000000003,-0.06999999999999999,29,-29,1
7,1,-2,0,0,1,-5.5,6.5,-11.91,-10.71,-1.4899999999999949,-2,-6,0,-1,2,0,-0.033999999999999975,-0.040000000000000036,-0.04200000000000004,-0.04599999999999993,0.0040000000000000036,-0.20000000000000284,1.2,-27,27,0
3,2,4,-4,1,0,9.099999999999994,-12.900000000000006,22.21,21.21,3.6999999999999886,8,9,1,-1,3,2,0.02799999999999997,0.02400000000000002,0.019000000000000017,0.025000000000000022,0.04499999999999993,0.0,-0.99,51,-51,1
3,7,4,0,1,1,1.7000000000000028,4.5,-2.82,-2.98,9.160000000000004,4,2,-2,-1,-1,-1,0.02699999999999997,-0.007000000000000006,0.027000000000000024,0.014000000000000012,0.04200000000000004,-0.5,-0.14,-8,8,1
2,2,2,0,0,1,-5.5,-0.7999999999999972,-4.449999999999999,-3.4399999999999995,-24.079999999999984,2,-3,-1,-1,2,-1,0.019999999999999962,0.0050000000000000044,-0.020999999999999908,-0.0020000000000000018,-0.0020000000000000018,1.7999999999999972,1.01,-11,11,0
5,4,4,-4,1,1,2.0999999999999943,-2.9000000000000057,4.99,4.13,36.619999999999976,8,3,0,-3,1,0,0.022999999999999965,0.01100000000000001,0.016999999999999904,0.019000000000000017,0.015000000000000013,0.6000000000000085,-0.8600000000000001,16,-16,0
4,2,-4,-2,0,1,-2.299999999999997,-5.1000000000000085,2.86,1.97,1.4000000000000057,-2,-6,-1,-2,1,1,-0.0050000000000000044,-0.02400000000000002,0.006000000000000005,-0.0050000000000000044,0.013000000000000012,-2.700000000000003,-0.8899999999999999,5,-5,0
1,6,0,0,1,1,4.099999999999994,0.9000000000000057,3.16,2.99,-37.5,0,7,1,0,2,1,0.013999999999999957,0.010000000000000009,0.029000000000000026,0.025999999999999912,0.027000000000000024,2.8999999999999915,-0.17000000000000004,10,-10,0
4,8,4,-2,1,0,2.4000000000000057,0.5,1.92,2.0100000000000002,-19.06999999999998,6,5,0,0,-1,1,0.020999999999999963,0.020000000000000018,0.02200000000000002,0.02200000000000002,-0.041000000000000036,3.0999999999999943,0.09000000000000002,11,-11,1
1,3,4,-4,0,1,5.5,-8.5,14.069999999999999,13.44,-28.38000000000001,8,7,2,1,2,1,0.0030000000000000027,0.010000000000000009,0.007000000000000006,0.010000000000000009,0.04899999999999993,0.7999999999999972,-0.62,29,-29,0
2,9,4,4,1,0,3.200000000000003,-0.20000000000000284,3.41,3.39,2.8699999999999903,0,5,4,1,0,1,0.028000000000000025,0.019000000000000017,0.02299999999999991,0.02200000000000002,-0.03600000000000003,1.5999999999999943,-0.03,10,-10,1
2,2,-6,0,1,1,4.400000000000006,1.3000000000000114,3.0999999999999996,3.630000000000001,-10.39,-6,4,1,2,-1,-1,0.015000000000000013,0.014999999999999958,0.02100000000000002,0.02199999999999991,-0.0040000000000000036,-0.9000000000000057,0.53,-1,1,1
3,3,-2,-4,1,0,0.9000000000000057,-3.8999999999999915,4.859999999999999,5.390000000000001,-36.26000000000001,2,-4,0,0,1,0,-0.01899999999999996,-0.0030000000000000027,-0.028000000000000025,-0.017000000000000015,-0.04500000000000004,-4.099999999999994,0.52,9,-9,1
2,1,0,2,1,1,-4.699999999999989,3.6000000000000085,-7.89,-6.829999999999999,14.400000000000006,-2,-3,0,-2,1,-1,0.01699999999999996,-0.0020000000000000018,-0.008999999999999897,0.0020000000000000018,-0.014000000000000012,1.8999999999999915,1.06,-11,11,1
4,1,2,0,0,1,-4.400000000000006,1.8999999999999915,-6.129999999999999,-6.43,28.010000000000005,2,-6,0,2,-1,0,-0.020000000000000018,-0.0030000000000000027,-0.028000000000000025,-0.018000000000000016,0.02100000000000002,-1.2000000000000028,-0.3,-17,17,0
9,2,-6,0,1,1,-9.799999999999997,6.0,-15.77,-15.100000000000001,30.709999999999994,-6,-12,-5,-6,1,1,-0.03699999999999998,-0.04199999999999998,-0.04399999999999993,-0.04400000000000004,0.0040000000000000036,-2.3999999999999915,0.6699999999999999,-40,40,1
2,10,4,4,1,0,7.299999999999997,-6.900000000000006,14.28,13.379999999999999,15.949999999999989,0,12,2,5,0,1,0.02699999999999997,0.020000000000000018,0.038000000000000034,0.03599999999999992,0.03200000000000003,4.200000000000003,-0.8999999999999999,27,-27,1
8,9,-2,2,1,1,-2.0999999999999943,2.9000000000000057,-4.99,-4.13,-36.619999999999976,-4,-3,0,3,-1,0,-0.022999999999999965,-0.01100000000000001,-0.016999999999999904,-0.019000000000000017,-0.015000000000000013,-0.6000000000000085,0.8600000000000001,-16,16,0
7,6,0,4,1,0,-3.3000000000000114,-4.5,1.1099999999999999,1.1800000000000002,3.3700000000000045,-4,-7,-5,-2,0,0,-0.03799999999999998,0.0010000000000000009,-0.03299999999999992,-0.016000000000000014,0.019000000000000017,-2.5,0.06999999999999999,-1,1,1
3,2,-2,0,1,1,-5.799999999999997,4.900000000000006,-10.309999999999999,-9.02,11.360000000000014,-2,-2,-1,-1,1,-1,0.01699999999999996,-0.0040000000000000036,-0.018999999999999906,-0.008000000000000007,-0.029000000000000026,3.5,1.29,-22,22,0
3,2,-4,-4,1,1,-5.0,2.8999999999999915,-7.67,-7.0600000000000005,-9.949999999999974,0,-6,-1,-3,0,0,-0.028000000000000025,-0.02300000000000002,-0.02300000000000002,-0.02399999999999991,-0.0040000000000000036,0.20000000000000284,0.61,-11,11,0
1,1,0,2,1,1,-3.1000000000000085,-3.3000000000000114,0.3200000000000003,-0.5099999999999998,33.81,-2,-5,-2,3,-2,0,-0.02200000000000002,-0.007999999999999952,-0.019000000000000017,-0.015000000000000013,0.029000000000000026,-1.5,-0.83,-2,2,1
2,3,-4,2,1,1,-5.599999999999994,-3.5,-2.02,-2.4299999999999997,12.27000000000001,-6,-11,-3,-3,1,1,-0.030999999999999972,-0.043999999999999984,-0.017000000000000015,-0.029999999999999916,0.0010000000000000009,-3.700000000000003,-0.4099999999999999,-3,3,1
2,2,0,2,1,1,4.099999999999994,0.9000000000000057,3.16,2.99,-37.5,-2,7,1,0,2,1,0.013999999999999957,0.010000000000000009,0.029000000000000026,0.025999999999999912,0.027000000000000024,2.8999999999999915,-0.17000000000000004,10,-10,0
5,7,0,2,0,1,6.400000000000006,1.4000000000000057,5.029999999999999,3.8400000000000007,6.100000000000001,-2,8,5,-3,0,-1,0.035999999999999976,0.030000000000000027,0.06299999999999994,0.05399999999999994,0.038000000000000034,1.2000000000000028,-1.18,12,-12,0
5,2,2,2,1,0,1.7999999999999972,-1.9000000000000057,3.6199999999999997,3.01,3.219999999999999,0,0,1,-2,0,0,0.008000000000000007,0.01200000000000001,0.0030000000000000027,0.007000000000000006,-0.006000000000000005,-1.5,-0.62,11,-11,1
8,4,-4,-4,1,1,2.1999999999999886,-2.6000000000000085,4.67,4.46,-2.9599999999999795,0,8,6,7,-1,0,0.01599999999999996,0.025999999999999968,0.019000000000000017,0.02200000000000002,0.029000000000000026,5.3999999999999915,-0.21000000000000002,15,-15,0
1,3,4,-4,1,0,6.5,-7.400000000000006,14.19,13.3,20.109999999999985,8,10,2,2,2,2,0.024999999999999967,0.017000000000000015,0.016000000000000014,0.020000000000000018,0.01200000000000001,3.299999999999997,-0.8899999999999999,31,-31,1
2,6,0,2,1,1,-0.9000000000000057,-3.0,2.08,2.1100000000000003,-47.79,-2,1,3,3,1,0,-0.02799999999999997,-0.0020000000000000018,-0.03400000000000003,-0.025000000000000022,-0.02100000000000002,1.1000000000000085,0.01999999999999999,-2,2,0
13,2,2,-6,1,0,9.400000000000006,0.20000000000000284,9.44,9.59,-0.7599999999999909,8,6,3,-1,-1,0,0.03899999999999998,0.04299999999999998,0.03700000000000003,0.04899999999999993,0.03200000000000003,-3.8000000000000114,0.15000000000000002,18,-18,1
2,13,2,4,1,1,-0.8000000000000114,-3.1000000000000085,2.18,2.7199999999999998,-9.009999999999991,-2,-3,-1,0,2,0,-0.0040000000000000036,-0.014000000000000012,-0.010000000000000009,-0.009000000000000008,0.04700000000000004,-1.7999999999999972,0.54,2,-2,1
7,9,2,2,0,1,-8.599999999999994,7.200000000000003,-15.85,-15.37,6.260000000000005,0,-10,-3,-1,-2,-1,-0.03199999999999997,-0.03199999999999997,-0.03200000000000003,-0.03799999999999992,-0.05699999999999994,-1.2000000000000028,0.47,-32,32,0
2,2,2,4,1,1,-8.600000000000009,1.8999999999999915,-10.33,-10.549999999999999,2.8500000000000085,-2,-8,-2,3,-1,0,-0.04899999999999999,-0.02699999999999997,-0.06300000000000006,-0.05599999999999994,-0.0020000000000000018,0.0,-0.22,-31,31,0
2,2,-2,0,1,1,6.700000000000003,-0.8999999999999915,7.639999999999999,7.08,-3.25,-2,6,2,0,0,-1,0.015000000000000013,0.02100000000000002,0.030999999999999917,0.027000000000000024,0.0020000000000000018,0.0,-0.5599999999999999,20,-20,1
9,2,2,2,1,1,5.299999999999997,0.29999999999999716,4.6,3.3099999999999996,30.979999999999997,0,2,3,-3,-1,1,0.007000000000000006,0.015000000000000013,0.052999999999999936,0.03799999999999992,0.061000000000000054,-2.8999999999999915,-1.28,9,-9,0
2,2,-6,0,1,1,-8.200000000000003,-0.4000000000000057,-7.59,-7.53,18.28,-6,-11,-2,-4,0,0,-0.04099999999999998,-0.013000000000000012,-0.040000000000000036,-0.029999999999999916,-0.019000000000000017,-1.7999999999999972,0.05,-14,14,0
6,6,-2,-4,1,1,4.099999999999994,3.3000000000000114,0.68,0.8099999999999999,13.359999999999971,2,6,3,2,-1,-2,0.020000000000000018,0.04899999999999999,0.0050000000000000044,0.025999999999999912,0.016000000000000014,0.10000000000000853,0.12999999999999995,-4,4,1
2,10,2,6,1,0,0.7999999999999972,1.2999999999999972,-0.75,-1.2000000000000002,-20.39999999999999,-4,-6,0,-5,-1,-2,0.007000000000000006,0.0020000000000000018,0.0020000000000000018,0.0010000000000000009,0.014000000000000012,-6.599999999999994,-0.45,3,-3,1
6,2,4,2,1,0,0.09999999999999432,-5.1000000000000085,5.14,4.1899999999999995,8.030000000000001,2,1,3,2,-1,-1,0.006000000000000005,0.0010000000000000009,0.0050000000000000044,0.0010000000000000009,-0.006000000000000005,0.6000000000000085,-0.95,9,-9,1
2,2,-4,2,1,0,-5.800000000000011,-0.4000000000000057,-5.45,-5.800000000000001,24.230000000000018,-6,-3,-2,0,0,0,-0.03600000000000003,-0.009000000000000008,-0.02199999999999991,-0.019000000000000017,0.039000000000000035,3.0,-0.35000000000000003,-11,11,1
2,7,0,-2,1,1,2.0,-4.200000000000003,6.13,6.5600000000000005,28.039999999999992,2,-4,-4,-1,-2,0,-0.003999999999999948,0.019000000000000017,-0.007000000000000006,0.009000000000000008,0.014000000000000012,-5.299999999999997,0.43000000000000005,9,-9,1
2,2,-2,-6,1,0,8.0,-3.0999999999999943,11.24,11.4,21.689999999999998,4,6,0,0,0,0,0.03999999999999998,0.02899999999999997,0.03300000000000003,0.03699999999999992,-0.008000000000000007,-1.7000000000000028,0.16000000000000003,21,-21,1
12,2,-4,4,0,1,-4.700000000000003,7.0,-11.82,-10.629999999999999,-5.6499999999999915,-8,-4,0,2,0,-1,-0.03199999999999997,-0.03700000000000003,-0.020000000000000018,-0.030000000000000027,0.02400000000000002,0.7000000000000028,1.19,-31,31,0
2,11,2,2,1,0,1.1000000000000085,9.0,-7.66,-7.39,12.990000000000009,0,1,3,-1,-2,0,-0.0040000000000000036,0.0050000000000000044,0.006000000000000005,0.006000000000000005,0.013000000000000012,-0.4000000000000057,0.27,-14,14,1
4,1,-2,4,1,1,-4.0,3.5,-7.45,-7.74,-8.570000000000007,-6,-3,-3,-4,1,0,-0.024999999999999967,-0.024999999999999967,-0.025000000000000022,-0.030000000000000027,-0.0050000000000000044,-0.19999999999998863,-0.29000000000000004,-26,26,1
3,3,0,-6,1,1,3.799999999999997,-8.700000000000003,12.64,12.07,-12.670000000000009,6,2,3,0,2,1,-0.0030000000000000027,0.014000000000000012,-0.01200000000000001,0.0,-0.010000000000000009,-1.2999999999999972,-0.58,31,-31,1
2,1,2,4,1,0,-4.200000000000003,1.2999999999999972,-5.46,-4.79,4.310000000000002,-2,-5,-2,0,1,0,-0.035999999999999976,-0.044999999999999984,-0.03300000000000003,-0.04299999999999993,0.01200000000000001,-0.5,0.6699999999999999,-12,12,1
2,10,0,-6,1,1,-1.2000000000000028,0.7999999999999972,-1.9999999999999991,-2.1499999999999995,23.200000000000003,6,0,-1,5,-1,1,-0.007000000000000006,-0.004999999999999949,-0.016000000000000014,-0.015000000000000013,-0.0040000000000000036,1.1999999999999886,-0.15,-7,7,0
6,2,2,-2,1,0,1.5,1.2000000000000028,0.33000000000000007,-0.050000000000000044,37.67999999999999,4,1,3,-4,1,1,0.01200000000000001,0.006000000000000005,0.017999999999999905,0.014000000000000012,0.015000000000000013,0.10000000000000853,-0.38,6,-6,1
13,4,-6,4,1,1,-3.700000000000003,4.299999999999997,-8.149999999999999,-7.74,-1.7999999999999972,-10,-3,-4,-1,0,1,-0.019000000000000017,-0.012999999999999956,-0.0040000000000000036,-0.007000000000000006,0.030000000000000027,1.2000000000000028,0.41,-12,12,0
2,6,0,-2,1,1,6.5,-4.5,10.67,10.11,-2.8700000000000188,2,-2,-3,-1,-1,1,-0.007999999999999952,0.0010000000000000009,0.014999999999999902,0.006000000000000005,-0.010000000000000009,-7.099999999999994,-0.5599999999999999,22,-22,1
2,5,0,0,1,1,-8.200000000000003,0.7000000000000028,-8.979999999999999,-8.700000000000001,28.87999999999998,0,-11,-2,-1,0,0,-0.025999999999999968,-0.016000000000000014,-0.04299999999999993,-0.031000000000000028,0.015000000000000013,-3.5999999999999943,0.27999999999999997,-27,27,0
2,2,4,2,1,0,-1.4000000000000057,-1.7000000000000028,0.20999999999999952,-0.38000000000000034,0.3500000000000085,2,-5,-3,-3,0,-1,-0.020000000000000018,-0.007000000000000006,-0.019999999999999907,-0.015000000000000013,0.030000000000000027,-3.0999999999999943,-0.59,1,-1,1
1,2,0,2,1,1,-4.799999999999997,2.0,-6.710000000000001,-6.87,30.059999999999988,-2,-6,-4,-6,1,1,-0.023999999999999966,-0.01599999999999996,-0.018000000000000016,-0.019000000000000017,-0.026000000000000023,-0.7999999999999972,-0.16999999999999998,-16,16,1
9,6,0,0,1,1,-4.3999999999999915,3.9000000000000057,-8.23,-7.85,-27.92,0,-4,1,-1,1,0,-0.02699999999999997,-0.017000000000000015,-0.03400000000000003,-0.030999999999999917,-0.016000000000000014,-0.10000000000000853,0.37999999999999995,-18,18,0
4,2,-2,0,1,1,-0.6999999999999886,6.900000000000006,-7.42,-7.29,3.510000000000005,-2,1,4,0,-1,1,-0.01699999999999996,-0.016000000000000014,0.0010000000000000009,-0.014000000000000012,-0.02300000000000002,1.7999999999999972,0.13,-16,16,0
2,7,4,2,0,1,-0.3999999999999915,7.799999999999997,-8.0,-7.7,6.90000000000002,2,0,2,-1,-1,0,0.009999999999999953,0.0010000000000000009,0.01100000000000001,0.007000000000000006,0.02100000000000002,-0.20000000000000284,0.30000000000000004,-13,13,0
1,3,0,2,1,1,-5.299999999999997,4.200000000000003,-9.57,-9.139999999999999,-16.369999999999997,-2,-7,2,1,-1,-1,-0.030999999999999972,-0.010000000000000009,-0.031000000000000028,-0.025000000000000022,-0.05499999999999994,-1.2999999999999972,0.41000000000000003,-20,20,1
1,2,-6,2,0,1,-9.100000000000009,4.3999999999999915,-13.66,-13.59,-24.72999999999999,-8,-5,-1,1,0,0,-0.03999999999999998,-0.030999999999999972,-0.04300000000000004,-0.04699999999999993,-0.007000000000000006,3.3000000000000114,0.06999999999999998,-32,32,0
3,3,0,-6,1,1,7.1000000000000085,-3.5,10.669999999999998,10.22,21.14999999999999,6,4,-2,0,-2,-1,0.019000000000000017,0.025000000000000022,0.028999999999999915,0.028000000000000025,0.0010000000000000009,-2.799999999999997,-0.44999999999999996,24,-24,1
5,2,4,4,1,1,2.4000000000000057,2.200000000000003,0.33999999999999986,-0.17999999999999972,30.369999999999997,0,8,5,0,1,1,0.023999999999999966,0.014000000000000012,0.038000000000000034,0.03499999999999992,0.04800000000000004,4.700000000000003,-0.51,-4,4,1
3,1,-6,2,1,1,-5.3999999999999915,8.900000000000006,-14.34,-13.66,-2.7299999999999898,-8,-2,0,2,-1,-1,-0.014000000000000012,-0.027000000000000024,-0.0050000000000000044,-0.020000000000000018,-0.015000000000000013,2.700000000000003,0.6799999999999999,-32,32,0
2,3,4,-4,1,0,2.299999999999997,5.1000000000000085,-2.86,-1.97,-1.4000000000000057,8,6,1,2,-1,-1,0.0050000000000000044,0.02400000000000002,-0.006000000000000005,0.0050000000000000044,-0.013000000000000012,2.700000000000003,0.8899999999999999,-5,5,1
2,2,-2,0,0,1,-7.799999999999997,6.299999999999997,-13.77,-13.94,41.33,-2,-8,-1,2,-2,0,-0.05199999999999999,-0.033999999999999975,-0.051000000000000045,-0.051999999999999935,-0.014000000000000012,0.09999999999999432,-0.16999999999999998,-31,31,0
13,2,-2,0,1,1,0.20000000000000284,-2.9000000000000057,3.0999999999999996,2.4699999999999998,-32.99000000000001,-2,2,1,1,0,0,-0.0030000000000000027,-0.0020000000000000018,-0.0020000000000000018,-0.0030000000000000027,0.0040000000000000036,0.5999999999999943,-0.63,5,-5,1
2,2,2,0,0,1,-8.0,2.200000000000003,-10.120000000000001,-10.26,27.189999999999998,2,-11,-8,-7,1,0,-0.05199999999999999,-0.034999999999999976,-0.040999999999999925,-0.041000000000000036,0.010000000000000009,-2.3999999999999915,-0.14,-26,26,0
4,2,4,-2,0,1,-3.5999999999999943,-0.7999999999999972,-2.73,-2.5700000000000003,-11.400000000000006,6,-7,0,-1,0,-1,-0.011999999999999955,-0.019000000000000017,-0.03300000000000003,-0.03199999999999992,-0.061000000000000054,-3.0999999999999943,0.16000000000000003,-9,9,0
2,6,-2,2,0,1,-10.199999999999989,8.800000000000011,-18.54,-16.869999999999997,-16.559999999999988,-4,-6,0,-2,2,-1,-0.010000000000000009,-0.02100000000000002,-0.052999999999999936,-0.038999999999999924,-0.04500000000000004,3.3999999999999915,1.67,-40,40,0
2,3,-4,2,1,1,-1.5,3.799999999999997,-5.24,-4.57,-5.499999999999986,-6,-2,3,0,1,1,-0.020999999999999963,-0.030000000000000027,-0.009000000000000008,-0.02300000000000002,0.02400000000000002,0.0,0.6699999999999999,-14,14,1
2,9,0,2,1,1,-1.2000000000000028,-7.599999999999994,6.3,6.109999999999999,-22.30000000000002,-2,0,1,3,2,0,-0.02699999999999997,-0.014000000000000012,-0.028000000000000025,-0.027000000000000024,-0.04600000000000004,1.6000000000000085,-0.2,12,-12,0
3,2,2,-6,1,1,1.9000000000000057,-1.4000000000000057,3.36,3.09,62.079999999999984,8,-1,-1,-4,-1,1,0.016000000000000014,0.010000000000000009,0.015999999999999903,0.015000000000000013,0.014000000000000012,-2.6999999999999886,-0.27,10,-10,1
2,2,-6,-4,1,0,1.7999999999999972,10.800000000000011,-9.22,-7.81,-11.36,-2,7,3,4,-2,-2,0.009000000000000008,0.03199999999999997,0.007000000000000006,0.017999999999999905,-0.0010000000000000009,3.9000000000000057,1.41,-24,24,1
1,1,-4,0,0,1,-12.600000000000009,0.5999999999999943,-13.0,-13.07,38.610000000000014,-4,-16,-7,0,-1,0,-0.07600000000000001,-0.03699999999999998,-0.07899999999999996,-0.06699999999999995,0.013000000000000012,-2.200000000000003,-0.07,-31,31,0
10,3,2,-4,0,1,6.799999999999997,-5.0,11.620000000000001,11.92,-25.03000000000001,6,9,-2,7,0,1,0.018000000000000016,0.009000000000000008,0.0030000000000000027,0.0010000000000000009,-0.049000000000000044,2.1999999999999886,0.29000000000000004,26,-26,0
5,5,4,-6,1,1,9.799999999999997,-7.599999999999994,17.439999999999998,17.29,-7.660000000000011,10,6,1,0,0,0,0.029000000000000026,0.04199999999999998,0.026000000000000023,0.041999999999999926,0.01100000000000001,-3.6000000000000085,-0.15,31,-31,0
9,3,0,0,1,0,3.5999999999999943,-8.700000000000003,12.389999999999999,12.12,7.209999999999994,0,5,0,0,2,2,0.0040000000000000036,0.017000000000000015,0.0040000000000000036,0.01100000000000001,0.0129999999999999,1.7999999999999972,-0.27,28,-28,1
3,2,4,4,0,1,2.5999999999999943,-0.4000000000000057,2.88,2.1399999999999997,-35.41,0,3,2,0,0,-1,0.007000000000000006,0.0030000000000000027,-0.0040000000000000036,-0.0040000000000000036,0.015000000000000013,-0.8999999999999915,-0.74,1,-1,0
1,7,-2,0,0,1,0.9000000000000057,4.299999999999997,-3.32,-2.56,-24.569999999999965,-2,3,3,0,0,2,0.0,-0.010000000000000009,0.013000000000000012,-0.0010000000000000009,-0.017000000000000015,3.0999999999999943,0.76,-3,3,0
2,1,4,2,1,1,-4.5,-4.599999999999994,0.020000000000000018,-0.1200000000000001,0.3299999999999841,2,-3,-4,1,1,0,-0.02799999999999997,-0.035999999999999976,-0.029000000000000026,-0.039999999999999925,-0.04800000000000004,1.7000000000000028,-0.14,0,0,1
2,2,0,0,1,1,0.9000000000000057,-2.5,3.46,3.56,-24.500000000000014,0,-2,-3,-1,0,0,0.006000000000000005,-0.0050000000000000044,-0.006000000000000005,-0.0050000000000000044,-0.03500000000000003,-3.0,0.1,5,-5,1
3,2,0,0,1,0,6.900000000000006,-3.799999999999997,10.739999999999998,9.55,-36.24000000000001,0,8,3,1,0,-1,0.01200000000000001,0.019000000000000017,0.028999999999999915,0.02400000000000002,0.006000000000000005,0.5999999999999943,-1.19,25,-25,1
2,2,4,2,1,1,-4.599999999999994,4.5,-8.95,-9.24,15.549999999999997,2,-2,4,1,-1,-1,-0.023999999999999966,-0.025000000000000022,-0.027000000000000024,-0.03599999999999992,-0.049000000000000044,2.200000000000003,-0.29,-20,20,1
2,2,2,2,1,1,-8.699999999999989,7.1000000000000085,-15.34,-14.57,5.829999999999998,0,-6,-3,-6,2,-1,-0.008000000000000007,-0.02699999999999997,-0.03399999999999992,-0.028000000000000025,-0.019000000000000017,1.7000000000000028,0.77,-37,37,0
10,6,0,4,0,1,-1.7999999999999972,0.4000000000000057,-2.3699999999999997,-2.67,-14.459999999999994,-4,-6,-2,-4,-2,-1,0.007000000000000006,0.020000000000000018,0.0040000000000000036,0.010000000000000009,-0.03600000000000003,-4.0,-0.3,0,0,0
2,2,-4,-4,0,1,0.5,-2.5,3.33,3.040000000000001,27.58,0,-3,-1,2,-1,0,-0.009000000000000008,0.0040000000000000036,-0.020000000000000018,-0.009000000000000008,0.0050000000000000044,-3.3000000000000114,-0.29,1,-1,0
1,2,0,-6,1,1,0.4000000000000057,-2.6000000000000085,3.03,3.1399999999999997,24.39999999999999,6,-2,-4,0,-2,0,0.0040000000000000036,0.0040000000000000036,-0.0020000000000000018,0.0010000000000000009,-0.0010000000000000009,-2.799999999999997,0.11000000000000001,4,-4,0
2,4,4,2,1,1,3.200000000000003,3.5,-0.41000000000000014,-1.38,9.970000000000006,2,2,5,-5,0,-1,0.030999999999999972,0.016000000000000014,0.040000000000000036,0.03599999999999992,0.062000000000000055,-1.8999999999999915,-0.96,-1,1,1
4,11,4,-2,1,1,3.299999999999997,-4.200000000000003,7.609999999999999,7.24,19.95999999999998,6,8,-1,4,1,0,0.013999999999999957,0.010000000000000009,0.0050000000000000044,0.013000000000000012,0.01200000000000001,4.0,-0.37,14,-14,1
2,2,4,-2,1,1,-0.10000000000000853,-4.700000000000003,4.52,4.57,6.239999999999995,6,-2,-1,-1,0,1,-0.009999999999999953,0.020000000000000018,-0.010000000000000009,0.006000000000000005,-0.017000000000000015,-0.9000000000000057,0.039999999999999994,9,-9,0
2,3,2,-2,1,0,4.3999999999999915,-5.900000000000006,10.389999999999999,10.579999999999998,-1.9500000000000028,4,5,1,1,3,1,-0.0040000000000000036,-0.013000000000000012,-0.0010000000000000009,-0.0050000000000000044,0.06899999999999995,0.7000000000000028,0.19999999999999998,20,-20,1
11,7,0,-4,1,0,9.5,-3.9000000000000057,13.32,12.56,-4.800000000000011,4,11,5,3,-1,0,0.05399999999999999,0.029000000000000026,0.05999999999999994,0.051999999999999935,0.016000000000000014,0.7000000000000028,-0.76,29,-29,1
2,9,-4,4,0,1,-5.299999999999997,6.1000000000000085,-11.57,-10.19,-36.76999999999998,-8,-5,-3,5,-2,-2,-0.033999999999999975,-0.018000000000000016,-0.027999999999999914,-0.026000000000000023,-0.015000000000000013,0.09999999999999432,1.38,-33,33,0
3,2,0,-4,1,0,5.599999999999994,2.1000000000000085,3.42,4.26,-24.03000000000001,4,9,6,4,0,-1,0.006000000000000005,0.045999999999999985,-0.0050000000000000044,0.017999999999999905,-0.01100000000000001,2.6000000000000085,0.83,7,-7,1
2,2,4,2,1,1,-4.5,-4.599999999999994,0.020000000000000018,-0.1200000000000001,0.3299999999999841,2,-3,-4,1,1,0,-0.02799999999999997,-0.035999999999999976,-0.029000000000000026,-0.039999999999999925,-0.04800000000000004,1.7000000000000028,-0.14,0,0,1
2,2,2,2,1,1,1.1000000000000085,1.1000000000000085,0.4299999999999997,0.5300000000000011,-24.879999999999995,0,6,2,0,1,-2,0.02899999999999997,0.015000000000000013,0.010000000000000009,0.016000000000000014,-0.02300000000000002,4.099999999999994,0.09999999999999998,3,-3,0
8,1,-2,0,1,0,-6.799999999999997,5.0,-11.620000000000001,-11.92,25.03000000000001,-2,-9,2,-7,0,-1,-0.018000000000000016,-0.009000000000000008,-0.0030000000000000027,-0.0010000000000000009,0.049000000000000044,-2.1999999999999886,-0.29000000000000004,-26,26,1
2,2,2,0,1,0,-2.8999999999999915,2.200000000000003,-5.03,-5.55,-5.530000000000015,2,-4,-2,-5,1,0,-0.024999999999999967,-0.022999999999999965,-0.015000000000000013,-0.020000000000000018,0.010000000000000009,-1.7999999999999972,-0.52,-15,15,1
2,14,4,4,0,1,-8.0,0.5,-8.39,-7.99,12.480000000000004,0,-5,1,2,0,0,-0.02799999999999997,-0.02100000000000002,-0.03500000000000003,-0.03599999999999992,-0.052000000000000046,3.0,0.4,-21,21,0
8,3,-2,0,1,0,0.5999999999999943,2.6999999999999886,-2.12,-1.9400000000000002,-1.129999999999967,-2,7,3,2,0,1,0.004999999999999949,0.0,0.018000000000000016,0.009000000000000008,0.018000000000000016,6.599999999999994,0.18,2,-2,1
10,3,2,4,1,1,-0.8000000000000114,-4.400000000000006,3.4400000000000004,3.3899999999999997,-38.47999999999999,-2,0,-1,1,1,0,0.0030000000000000027,0.007000000000000006,-0.01200000000000001,-0.0040000000000000036,0.01200000000000001,-0.09999999999999432,-0.05000000000000002,0,0,0
1,1,4,4,1,1,-4.799999999999997,0.4000000000000057,-5.21,-4.35,-26.809999999999988,0,-6,-5,3,-1,-1,-0.03799999999999998,-0.025999999999999968,-0.040999999999999925,-0.038999999999999924,-0.027000000000000024,-1.1000000000000085,0.8600000000000001,-14,14,1
2,2,-4,-4,1,1,-8.600000000000009,3.1999999999999886,-11.59,-11.219999999999999,32.32000000000001,0,-11,-2,2,0,0,-0.055999999999999994,-0.04799999999999999,-0.061000000000000054,-0.06099999999999994,0.03300000000000003,-1.7000000000000028,0.37,-29,29,0
2,7,-2,2,1,1,-6.700000000000003,0.8999999999999915,-7.639999999999999,-7.08,3.25,-4,-6,-2,0,0,1,-0.015000000000000013,-0.02100000000000002,-0.030999999999999917,-0.027000000000000024,-0.0020000000000000018,0.0,0.5599999999999999,-20,20,0
8,2,-4,-2,0,1,0.19999999999998863,-1.5,1.63,1.0400000000000003,-25.460000000000008,-2,4,1,1,2,-1,0.006999999999999951,0.0010000000000000009,0.0010000000000000009,0.0040000000000000036,0.0010000000000000009,3.299999999999997,-0.5900000000000001,6,-6,0
1,2,0,-2,1,1,1.7000000000000028,-3.299999999999997,5.329999999999999,5.19,4.3799999999999955,2,-3,0,-3,0,-1,-0.0020000000000000018,0.008999999999999952,-0.0040000000000000036,0.006000000000000005,0.009000000000000008,-4.5,-0.13999999999999999,8,-8,0
1,1,2,0,0,1,-1.5999999999999943,5.299999999999997,-6.790000000000001,-6.4,1.8300000000000125,2,-1,-3,-5,1,1,-0.01100000000000001,-0.025999999999999968,-0.0010000000000000009,-0.013000000000000012,-0.01100000000000001,1.2000000000000028,0.39,-13,13,0
1,3,2,4,0,1,-7.200000000000003,1.7999999999999972,-9.14,-9.190000000000001,-7.9199999999999875,-2,-11,1,-3,-1,-2,-0.020999999999999963,-0.019000000000000017,-0.03300000000000003,-0.03499999999999992,-0.038000000000000034,-3.5999999999999943,-0.05,-18,18,0
2,3,2,0,1,0,2.5,-4.099999999999994,6.5600000000000005,6.98,-20.860000000000014,2,-4,-3,-2,0,0,-0.0019999999999999463,0.010000000000000009,-0.01100000000000001,0.0030000000000000027,-0.020000000000000018,-5.5,0.42000000000000004,10,-10,1
2,2,2,0,1,0,4.099999999999994,-11.799999999999997,15.87,15.25,-5.930000000000021,2,7,-1,2,3,1,0.0040000000000000036,-0.0040000000000000036,0.0030000000000000027,-0.0020000000000000018,0.008999999999999897,2.9000000000000057,-0.61,32,-32,1
2,14,-4,2,1,1,-3.799999999999997,8.700000000000003,-12.64,-12.07,12.670000000000009,-6,-2,-3,0,-2,-1,0.0030000000000000027,-0.014000000000000012,0.01200000000000001,0.0,0.010000000000000009,1.2999999999999972,0.58,-31,31,1
2,2,0,-6,1,0,9.5,-3.9000000000000057,13.32,12.56,-4.800000000000011,6,11,5,3,-1,0,0.05399999999999999,0.029000000000000026,0.05999999999999994,0.051999999999999935,0.016000000000000014,0.7000000000000028,-0.76,29,-29,1
14,2,-2,-4,0,1,7.299999999999997,6.6000000000000085,0.6,1.2799999999999998,-14.870000000000005,2,11,4,3,-1,-2,0.032999999999999974,0.03899999999999998,0.02200000000000002,0.03199999999999992,0.031000000000000028,2.1000000000000085,0.69,-1,1,0
8,2,4,-2,1,1,5.799999999999997,-4.900000000000006,10.309999999999999,9.02,-11.360000000000014,6,2,1,1,-1,1,-0.01699999999999996,0.0040000000000000036,0.018999999999999906,0.008000000000000007,0.029000000000000026,-3.5,-1.29,22,-22,0
1,2,2,-2,1,1,1.2999999999999972,0.7000000000000028,0.4900000000000002,0.1800000000000006,12.990000000000002,4,0,3,-4,0,0,0.013000000000000012,0.02400000000000002,0.027000000000000024,0.03499999999999992,0.051000000000000045,-1.2999999999999972,-0.30000000000000004,-3,3,1
1,1,2,-2,1,0,10.5,6.400000000000006,4.01,4.67,-12.000000000000014,4,16,8,4,-1,-1,0.061,0.057999999999999996,0.04499999999999993,0.05399999999999994,-0.0050000000000000044,3.700000000000003,0.6599999999999999,9,-9,1
14,1,4,0,1,1,0.9000000000000057,3.0,-2.08,-2.1100000000000003,47.79,4,-1,-3,-3,-1,0,0.02799999999999997,0.0020000000000000018,0.03400000000000003,0.025000000000000022,0.02100000000000002,-1.1000000000000085,-0.01999999999999999,2,-2,1
2,3,4,-2,1,1,-5.0,-1.5,-3.46,-3.25,13.469999999999999,6,-5,-3,-1,0,1,-0.02799999999999997,-0.014999999999999958,-0.028000000000000025,-0.026999999999999913,-0.04400000000000004,0.5999999999999943,0.2,-4,4,1
2,2,0,2,0,1,-1.4000000000000057,-4.0,2.43,3.16,-40.12999999999998,-2,-4,-4,3,0,-1,-0.006000000000000005,0.0050000000000000044,-0.017999999999999905,-0.0050000000000000044,0.008000000000000007,-2.4000000000000057,0.73,0,0,0
2,2,-6,-2,1,0,-7.1000000000000085,-0.6000000000000085,-6.35,-6.6499999999999995,37.81999999999999,-4,-9,-5,2,-1,-1,-0.03500000000000003,-0.01799999999999996,-0.052000000000000046,-0.03799999999999992,0.009000000000000008,-1.7000000000000028,-0.3,-15,15,1
8,2,0,4,0,1,-14.900000000000006,6.8999999999999915,-21.979999999999997,-20.950000000000003,14.550000000000011,-4,-14,-3,-1,0,1,-0.05199999999999999,-0.04799999999999999,-0.061999999999999944,-0.06099999999999994,0.0020000000000000018,1.1000000000000085,1.03,-46,46,0
2,2,-4,-2,1,1,-1.3000000000000114,2.299999999999997,-3.61,-3.5300000000000002,-30.959999999999994,-2,2,4,1,3,0,-0.014000000000000012,-0.029000000000000026,-0.008000000000000007,-0.019000000000000017,0.025000000000000022,3.299999999999997,0.07999999999999996,-8,8,1
2,2,0,2,1,1,-5.0,2.8999999999999915,-7.67,-7.0600000000000005,-9.949999999999974,-2,-6,-1,-3,0,0,-0.028000000000000025,-0.02300000000000002,-0.02300000000000002,-0.02399999999999991,-0.0040000000000000036,0.20000000000000284,0.61,-11,11,1
2,13,-2,0,1,1,3.0999999999999943,-5.1000000000000085,8.13,8.02,-27.459999999999994,-2,6,3,6,-1,0,0.021999999999999964,0.020999999999999963,0.013000000000000012,0.017000000000000015,-0.006000000000000005,2.3999999999999915,-0.11000000000000001,20,-20,1
2,9,2,0,1,0,9.799999999999997,-7.299999999999997,17.16,17.1,-8.490000000000009,2,10,-2,0,2,2,0.023999999999999966,0.026000000000000023,0.03600000000000003,0.039999999999999925,0.07099999999999995,0.29999999999999716,-0.05,38,-38,1
9,10,-2,-2,1,0,5.0,-1.1000000000000085,6.34,5.96,9.63000000000001,0,2,2,-3,0,1,0.023999999999999966,0.028000000000000025,0.016000000000000014,0.027000000000000024,0.03600000000000003,-2.9000000000000057,-0.37999999999999995,19,-19,1
12,2,0,-4,1,1,-0.5,5.200000000000003,-5.71,-5.71,42.34000000000001,4,0,2,-4,0,0,0.023999999999999966,0.01100000000000001,0.03400000000000003,0.029999999999999916,0.03200000000000003,0.6000000000000085,0.010000000000000009,-13,13,1
2,2,4,4,1,0,-0.5999999999999943,0.4000000000000057,-1.01,-0.22999999999999998,-1.6499999999999915,0,-4,-3,2,-1,-1,-0.009000000000000008,-0.0020000000000000018,-0.005999999999999894,-0.0010000000000000009,-0.0040000000000000036,-2.3000000000000114,0.78,0,0,1
14,1,-4,-2,1,0,-5.0,-7.6000000000000085,2.6399999999999997,1.7500000000000002,11.209999999999994,-2,-9,-6,-2,1,0,-0.020000000000000018,-0.03899999999999998,-0.018000000000000016,-0.02499999999999991,0.0010000000000000009,-3.200000000000003,-0.8899999999999999,7,-7,1
1,5,0,-2,1,1,-7.799999999999997,3.3999999999999915,-11.309999999999999,-10.73,35.7,2,-10,-5,-1,-2,0,-0.032999999999999974,-0.022999999999999965,-0.03300000000000003,-0.03299999999999992,0.0030000000000000027,-1.6999999999999886,0.5800000000000001,-22,22,0
4,2,0,0,0,1,-0.9000000000000057,3.8999999999999915,-4.859999999999999,-5.390000000000001,36.26000000000001,0,4,0,0,-1,0,0.01899999999999996,0.0030000000000000027,0.028000000000000025,0.017000000000000015,0.04500000000000004,4.099999999999994,-0.52,-9,9,0
5,10,4,4,0,1,-2.5999999999999943,5.5,-8.02,-7.909999999999999,16.409999999999997,0,1,1,3,-1,0,-0.0030000000000000027,-0.007000000000000006,-0.0030000000000000027,-0.0050000000000000044,-0.03299999999999992,3.299999999999997,0.1,-20,20,0
2,15,2,6,1,1,4.8999999999999915,-3.200000000000003,7.98,7.82,-7.230000000000004,-4,3,2,0,0,0,0.018000000000000016,0.034999999999999976,0.018000000000000016,0.03299999999999992,0.027000000000000024,-1.5,-0.16,13,-13,1
5,4,4,2,0,1,-2.0999999999999943,3.200000000000003,-5.01,-4.6899999999999995,-21.00999999999999,2,0,2,-2,1,-2,0.023999999999999966,0.0010000000000000009,-0.0129999999999999,-0.0020000000000000018,0.0010000000000000009,1.0,0.31999999999999995,-10,10,0
1,7,-2,4,1,1,-3.700000000000003,3.299999999999997,-6.890000000000001,-6.52,10.270000000000024,-6,-7,-3,-3,-1,0,-0.028000000000000025,0.0020000000000000018,-0.02199999999999991,-0.009000000000000008,0.040000000000000036,-2.700000000000003,0.37,-14,14,0
3,3,-2,-6,1,1,6.299999999999997,-3.700000000000003,9.91,9.17,-7.670000000000002,4,6,1,2,-1,-1,0.025999999999999968,0.010000000000000009,0.03700000000000003,0.029999999999999916,0.052000000000000046,-0.8999999999999915,-0.73,19,-19,1
2,1,-2,-2,1,0,3.8999999999999915,-10.100000000000009,14.0,13.35,-3.3599999999999994,0,1,-1,-2,2,1,0.02799999999999997,0.02300000000000002,0.010000000000000009,0.02100000000000002,0.02300000000000002,-2.5,-0.6499999999999999,33,-33,1
2,18,0,-4,1,1,7.700000000000003,-3.5,11.01,10.83,-38.88000000000001,4,11,2,-1,1,0,0.045999999999999985,0.022999999999999965,0.051000000000000045,0.04299999999999993,-0.009000000000000008,2.200000000000003,-0.18000000000000002,25,-25,1
8,2,-6,-2,1,0,4.799999999999997,-4.0,8.8,9.370000000000001,-22.45000000000001,-4,3,-6,3,0,1,-0.0030000000000000027,0.0050000000000000044,-0.0050000000000000044,0.0,-0.010000000000000009,-1.1000000000000085,0.56,22,-22,1
7,2,-4,-2,1,0,4.0,-4.799999999999997,8.71,8.41,-20.89999999999999,-2,6,3,5,-2,0,0.03199999999999997,0.045999999999999985,0.02300000000000002,0.03500000000000003,-0.030000000000000027,1.8999999999999915,-0.3,24,-24,1
6,11,4,2,1,0,5.1000000000000085,0.7000000000000028,4.539999999999999,3.66,-6.890000000000001,2,8,2,1,0,-1,0.022999999999999965,0.006000000000000005,0.03599999999999992,0.019000000000000017,-0.013000000000000012,2.5,-0.88,15,-15,1
2,2,-2,0,1,1,-5.199999999999989,-6.1000000000000085,1.0099999999999998,0.71,36.67,-2,-13,-7,-3,-1,1,-0.02699999999999997,-0.03999999999999998,-0.019000000000000017,-0.028999999999999915,0.0,-6.5,-0.29999999999999993,1,-1,0
2,2,0,-2,0,1,-7.6000000000000085,1.8999999999999915,-9.68,-9.690000000000001,10.239999999999995,2,-6,-4,0,0,-1,-0.026000000000000023,-0.021999999999999964,-0.03200000000000003,-0.028999999999999915,0.0040000000000000036,1.6000000000000085,-0.010000000000000009,-16,16,0
3,1,2,-4,1,1,1.2000000000000028,-0.7999999999999972,1.9999999999999991,2.1499999999999995,-23.200000000000003,6,0,1,-5,1,-1,0.007000000000000006,0.004999999999999949,0.016000000000000014,0.015000000000000013,0.0040000000000000036,-1.1999999999999886,0.15,7,-7,1
12,2,0,4,1,1,-7.099999999999994,1.8000000000000114,-8.549999999999999,-8.17,3.999999999999986,-4,-5,0,-1,1,-2,0.0030000000000000027,-0.0010000000000000009,-0.03299999999999992,-0.015000000000000013,-0.008000000000000007,0.5,0.37999999999999995,-24,24,0
1,2,-2,0,0,1,0.9000000000000057,1.7000000000000028,-0.8199999999999998,-1.44,18.32,-2,2,-3,-2,-2,0,0.034999999999999976,0.02300000000000002,0.03200000000000003,0.030000000000000027,-0.014000000000000012,0.5999999999999943,-0.61,0,0,0
3,2,4,-6,1,0,9.899999999999991,-12.400000000000006,22.299999999999997,21.29,-0.46000000000000796,10,11,1,2,1,1,0.02999999999999997,0.027000000000000024,0.041000000000000036,0.040999999999999925,0.06499999999999995,0.9000000000000057,-1.0,47,-47,1
2,4,0,-2,0,1,-1.9000000000000057,-0.20000000000000284,-1.68,-1.3199999999999998,35.59,2,-2,-2,-1,0,1,0.0010000000000000009,0.007000000000000006,-0.0030000000000000027,0.0010000000000000009,-0.03600000000000003,1.0,0.35000000000000003,-1,1,0
4,2,6,4,1,1,8.200000000000003,1.2999999999999972,6.87,6.640000000000001,-10.600000000000009,2,10,7,2,0,0,0.055999999999999994,0.033999999999999975,0.050999999999999934,0.04899999999999993,0.008000000000000007,1.0,-0.22999999999999998,14,-14,1
6,2,-4,-4,0,1,1.4000000000000057,3.4000000000000057,-1.9400000000000004,-1.8899999999999997,14.359999999999985,0,-1,-6,-6,1,1,-0.0040000000000000036,-0.006999999999999951,0.014000000000000012,0.009999999999999898,0.03200000000000003,-2.299999999999997,0.05,-6,6,0
10,7,2,2,1,1,-2.0,0.0,-1.8699999999999997,-1.91,37.05999999999999,0,1,1,-2,1,2,0.0020000000000000018,-0.0010000000000000009,0.009999999999999898,0.0050000000000000044,-0.01100000000000001,3.200000000000003,-0.040000000000000036,-1,1,0
3,13,-2,2,1,1,-0.9000000000000057,2.5,-3.46,-3.56,24.500000000000014,-4,2,3,1,0,0,-0.006000000000000005,0.0050000000000000044,0.006000000000000005,0.0050000000000000044,0.03500000000000003,3.0,-0.1,-5,5,0
3,6,-2,2,0,1,-1.5,6.299999999999997,-7.85,-7.34,-10.479999999999976,-4,-8,0,-5,-2,-1,-0.0010000000000000009,0.01100000000000001,0.0,0.007000000000000006,0.02400000000000002,-6.200000000000003,0.51,-12,12,0
2,2,4,-2,1,1,4.700000000000003,-5.700000000000003,10.56,9.959999999999999,35.11999999999999,6,1,0,-3,1,1,0.024999999999999967,0.016000000000000014,0.02200000000000002,0.025000000000000022,0.01100000000000001,-2.4000000000000057,-0.6,33,-33,1
6,2,4,-2,1,0,6.199999999999989,-6.1000000000000085,11.87,10.73,20.56999999999998,6,2,-3,1,-1,0,-0.0030000000000000027,0.01100000000000001,0.019999999999999907,0.016000000000000014,0.025000000000000022,-3.5999999999999943,-1.14,27,-27,1
2,2,-2,-4,1,0,2.1000000000000085,-7.0,8.99,8.4,-26.61,2,0,-1,-4,2,1,0.015000000000000013,-0.02100000000000002,0.03400000000000003,0.013000000000000012,-0.008000000000000007,-1.5,-0.59,22,-22,1
2,4,0,0,0,1,-9.700000000000003,4.799999999999997,-14.67,-13.82,-26.37999999999998,0,-9,-4,3,-1,-1,-0.04899999999999999,-0.032999999999999974,-0.04899999999999993,-0.04799999999999993,-0.01100000000000001,1.0,0.8500000000000001,-32,32,0
2,3,4,-4,1,1,-3.4000000000000057,-2.4000000000000057,-0.8799999999999999,-0.6600000000000001,-11.779999999999987,8,-5,2,2,-1,-1,-0.017000000000000015,0.002999999999999947,-0.02200000000000002,-0.010999999999999899,0.007000000000000006,-1.0,0.22,2,-2,1
4,2,2,2,1,1,3.9000000000000057,-1.4000000000000057,5.2299999999999995,5.0,25.019999999999996,0,-2,-2,-2,-2,-1,0.014000000000000012,0.01100000000000001,0.006000000000000005,0.010000000000000009,0.025000000000000022,-5.8999999999999915,-0.22999999999999998,11,-11,1
7,5,-2,4,0,1,-11.200000000000003,2.5999999999999943,-13.829999999999998,-13.21,16.35000000000001,-6,-11,1,0,0,0,-0.032999999999999974,-0.03500000000000003,-0.05799999999999994,-0.05399999999999994,-0.028000000000000025,-0.09999999999999432,0.62,-34,34,0
1,1,-2,2,1,1,-0.9000000000000057,2.5,-3.46,-3.56,24.500000000000014,-4,2,3,1,0,0,-0.006000000000000005,0.0050000000000000044,0.006000000000000005,0.0050000000000000044,0.03500000000000003,3.0,-0.1,-5,5,0
4,5,0,-2,0,1,0.6999999999999886,-1.9000000000000057,2.52,3.0300000000000002,-2.9200000000000017,2,-2,0,0,1,0,-0.01799999999999996,-0.010000000000000009,-0.015000000000000013,-0.010000000000000009,0.039000000000000035,-2.0,0.51,1,-1,0
12,2,-6,0,1,1,-6.299999999999997,3.700000000000003,-9.91,-9.17,7.670000000000002,-6,-6,-1,-2,1,1,-0.025999999999999968,-0.010000000000000009,-0.03700000000000003,-0.029999999999999916,-0.052000000000000046,0.8999999999999915,0.73,-19,19,0
2,5,6,-2,1,0,6.799999999999997,-5.400000000000006,12.309999999999999,12.59,-21.019999999999982,8,10,1,1,2,2,0.01699999999999996,0.007000000000000006,0.02100000000000002,0.017000000000000015,0.027999999999999914,3.799999999999997,0.29000000000000004,31,-31,1
3,7,-4,-4,1,0,-0.9000000000000057,-8.5,7.51,7.52,-19.890000000000022,0,0,-5,5,1,0,-0.022999999999999965,-0.025000000000000022,-0.038000000000000034,-0.041999999999999926,-0.07200000000000006,1.5,0.0,16,-16,1
2,2,6,2,1,1,8.200000000000003,1.2999999999999972,6.87,6.640000000000001,-10.600000000000009,4,10,7,2,0,0,0.055999999999999994,0.033999999999999975,0.050999999999999934,0.04899999999999993,0.008000000000000007,1.0,-0.22999999999999998,14,-14,1
7,8,-2,6,1,1,-4.700000000000003,5.700000000000003,-10.56,-9.959999999999999,-35.11999999999999,-8,-1,0,3,-1,-1,-0.024999999999999967,-0.016000000000000014,-0.02200000000000002,-0.025000000000000022,-0.01100000000000001,2.4000000000000057,0.6,-33,33,1
2,2,-2,0,1,1,-0.20000000000000284,4.299999999999997,-4.5,-4.3,44.75000000000001,-2,0,-4,-2,-1,0,0.02799999999999997,0.0,0.02400000000000002,0.015000000000000013,0.006000000000000005,0.5,0.21000000000000002,-9,9,1
4,1,0,4,1,0,-2.6000000000000085,-2.700000000000003,-0.1899999999999995,0.04999999999999982,-23.469999999999985,-4,-9,-3,-4,0,-1,0.0030000000000000027,0.006000000000000005,-0.006000000000000005,0.0010000000000000009,0.01100000000000001,-5.799999999999997,0.24,2,-2,1
1,1,-2,0,1,1,0.29999999999999716,-0.9000000000000057,1.21,1.4099999999999997,2.4099999999999966,-2,0,-6,2,-1,0,0.0040000000000000036,-0.01100000000000001,-0.010000000000000009,-0.014999999999999902,-0.026000000000000023,-0.10000000000000853,0.2,4,-4,0
1,1,-6,2,1,1,-6.299999999999997,3.700000000000003,-9.91,-9.17,7.670000000000002,-8,-6,-1,-2,1,1,-0.025999999999999968,-0.010000000000000009,-0.03700000000000003,-0.029999999999999916,-0.052000000000000046,0.8999999999999915,0.73,-19,19,1
1,1,0,-2,1,1,1.2999999999999972,3.0999999999999943,-1.76,-0.85,7.360000000000028,2,3,-1,0,0,1,0.013999999999999957,-0.0030000000000000027,0.014000000000000012,0.007000000000000006,-0.02100000000000002,3.0,0.91,2,-2,1
1,5,0,6,1,1,-3.700000000000003,4.0,-7.869999999999999,-7.549999999999999,-0.9699999999999989,-6,-7,-1,-1,-2,-1,-0.013999999999999957,0.0030000000000000027,-0.014000000000000012,-0.0050000000000000044,-0.029999999999999916,-2.700000000000003,0.31,-19,19,1
9,8,0,2,1,1,-1.2000000000000028,1.2999999999999972,-2.6199999999999997,-3.1100000000000003,16.659999999999997,-2,-5,1,-7,0,0,0.009000000000000008,0.0010000000000000009,0.0119999999999999,0.006000000000000005,0.0030000000000000027,-3.3999999999999915,-0.49000000000000005,2,-2,1
9,10,-4,4,1,1,-8.699999999999989,7.1000000000000085,-15.34,-14.57,5.829999999999998,-8,-6,-3,-6,2,-1,-0.008000000000000007,-0.02699999999999997,-0.03399999999999992,-0.028000000000000025,-0.019000000000000017,1.7000000000000028,0.77,-37,37,0
13,14,2,0,1,1,5.199999999999989,6.1000000000000085,-1.0099999999999998,-0.71,-36.67,2,13,7,3,1,-1,0.02699999999999997,0.03999999999999998,0.019000000000000017,0.028999999999999915,0.0,6.5,0.29999999999999993,-1,1,0
8,8,4,4,0,1,-13.200000000000003,3.5999999999999943,-16.65,-15.760000000000002,18.930000000000007,0,-17,-3,-4,0,0,-0.05399999999999999,-0.039000000000000035,-0.06599999999999995,-0.05499999999999994,0.01100000000000001,-3.3999999999999915,0.89,-38,38,0
8,15,2,-4,1,1,4.400000000000006,-1.2999999999999972,5.66,5.42,-23.88000000000001,6,-2,-1,-3,0,-1,0.016000000000000014,0.0020000000000000018,0.0020000000000000018,0.0040000000000000036,-0.009000000000000008,-6.099999999999994,-0.24,12,-12,1
10,7,0,0,1,1,0.8000000000000114,3.1000000000000085,-2.18,-2.7199999999999998,9.009999999999991,0,3,1,0,-2,0,0.0040000000000000036,0.014000000000000012,0.010000000000000009,0.009000000000000008,-0.04700000000000004,1.7999999999999972,-0.54,-2,2,1
8,1,6,-2,1,0,12.600000000000009,-0.5999999999999943,13.0,13.07,-38.610000000000014,8,16,7,0,1,0,0.07600000000000001,0.03699999999999998,0.07899999999999996,0.06699999999999995,-0.013000000000000012,2.200000000000003,0.07,31,-31,1
19,8,-2,-4,1,1,-1.7999999999999972,-2.0999999999999943,0.2400000000000002,0.09999999999999964,-9.480000000000004,2,0,1,1,1,1,-0.012999999999999956,-0.02100000000000002,-0.0050000000000000044,-0.020000000000000018,-0.03600000000000003,2.200000000000003,-0.14,-2,2,1
14,8,0,2,1,1,-4.200000000000003,0.0,-4.2,-4.12,-25.159999999999997,-2,-2,-2,1,0,0,-0.02899999999999997,-0.023999999999999966,-0.03500000000000003,-0.03799999999999992,-0.02300000000000002,1.2000000000000028,0.07999999999999999,-14,14,0
11,10,4,4,1,0,3.200000000000003,-2.0999999999999943,5.4399999999999995,5.220000000000001,-3.8700000000000045,0,6,0,2,0,0,0.0050000000000000044,0.014000000000000012,0.02299999999999991,0.018000000000000016,-0.02400000000000002,3.0999999999999943,-0.21999999999999997,13,-13,1
9,1,2,0,0,1,-8.299999999999997,-3.4000000000000057,-4.97,-5.49,-8.749999999999986,2,-17,-5,-6,0,0,-0.033999999999999975,-0.04899999999999999,-0.02300000000000002,-0.03799999999999992,-0.01100000000000001,-7.200000000000003,-0.52,-7,7,0
9,9,-2,2,0,1,-9.100000000000009,5.699999999999989,-14.92,-14.260000000000002,4.740000000000009,-4,-8,-1,0,1,0,-0.046999999999999986,-0.05199999999999999,-0.041000000000000036,-0.051999999999999935,0.028000000000000025,1.6000000000000085,0.6599999999999999,-30,30,0
9,8,-4,-4,1,1,-3.0,1.8999999999999915,-4.85,-4.510000000000001,-12.529999999999973,0,0,3,1,0,0,-0.007000000000000006,-0.019000000000000017,-0.015000000000000013,-0.02299999999999991,-0.04300000000000004,3.5,0.34,-7,7,0
8,11,-2,2,1,1,-1.2999999999999972,-0.7000000000000028,-0.4900000000000002,-0.1800000000000006,-12.990000000000002,-4,0,-3,4,0,0,-0.013000000000000012,-0.02400000000000002,-0.027000000000000024,-0.03499999999999992,-0.051000000000000045,1.2999999999999972,0.30000000000000004,3,-3,1
1,9,0,2,0,1,-0.5999999999999943,4.1000000000000085,-4.66,-4.18,1.0600000000000165,-2,-2,3,-1,0,1,-0.010999999999999954,-0.0050000000000000044,0.0010000000000000009,-0.0050000000000000044,0.0,-0.5,0.48,-10,10,0
8,11,2,-4,1,1,4.3999999999999915,-3.9000000000000057,8.23,7.85,27.92,6,4,-1,1,-1,0,0.02699999999999997,0.017000000000000015,0.03400000000000003,0.030999999999999917,0.016000000000000014,0.10000000000000853,-0.37999999999999995,18,-18,1
8,8,-2,4,0,1,-9.099999999999994,12.900000000000006,-22.21,-21.21,-3.6999999999999886,-6,-9,-1,1,-3,-2,-0.02799999999999997,-0.02400000000000002,-0.019000000000000017,-0.025000000000000022,-0.04499999999999993,0.0,0.99,-51,51,0
13,8,0,0,1,1,1.7000000000000028,4.5,-2.82,-2.98,9.160000000000004,0,2,-2,-1,-1,-1,0.02699999999999997,-0.007000000000000006,0.027000000000000024,0.014000000000000012,0.04200000000000004,-0.5,-0.14,-8,8,0
10,2,-4,-4,0,1,-2.1000000000000085,-3.700000000000003,1.44,0.7199999999999998,13.959999999999994,0,4,1,3,1,0,-0.008000000000000007,-0.01100000000000001,0.0,-0.010000000000000009,-0.0010000000000000009,5.700000000000003,-0.72,3,-3,0
2,21,-6,2,1,1,3.4000000000000057,2.4000000000000057,0.8799999999999999,0.6600000000000001,11.779999999999987,-8,5,-2,-2,1,1,0.017000000000000015,-0.002999999999999947,0.02200000000000002,0.010999999999999899,-0.007000000000000006,1.0,-0.22,-2,2,0
2,2,6,2,1,1,4.0,1.2999999999999972,2.67,2.5200000000000005,-35.760000000000005,4,8,5,3,0,0,0.027000000000000024,0.010000000000000009,0.015999999999999903,0.01100000000000001,-0.015000000000000013,2.200000000000003,-0.15000000000000002,0,0,0
1,14,-4,0,1,1,-4.099999999999994,9.600000000000009,-13.85,-13.48,10.260000000000012,-4,-2,3,-2,-1,-1,-0.0010000000000000009,-0.0030000000000000027,0.02200000000000002,0.014999999999999902,0.03600000000000003,1.4000000000000057,0.37999999999999995,-35,35,1
2,2,-2,-2,1,0,4.400000000000006,-1.8999999999999915,6.129999999999999,6.43,-28.010000000000005,0,6,0,-2,1,0,0.020000000000000018,0.0030000000000000027,0.028000000000000025,0.018000000000000016,-0.02100000000000002,1.2000000000000028,0.3,17,-17,1
11,2,4,2,1,0,2.0999999999999943,-3.200000000000003,5.01,4.6899999999999995,21.00999999999999,2,0,-2,2,-1,2,-0.023999999999999966,-0.0010000000000000009,0.0129999999999999,0.0020000000000000018,-0.0010000000000000009,-1.0,-0.31999999999999995,10,-10,1
20,17,2,4,1,1,0.20000000000000284,-4.299999999999997,4.5,4.3,-44.75000000000001,-2,0,4,2,1,0,-0.02799999999999997,0.0,-0.02400000000000002,-0.015000000000000013,-0.006000000000000005,-0.5,-0.21000000000000002,9,-9,1
3,3,0,0,1,0,1.4000000000000057,4.0,-2.43,-3.16,40.12999999999998,0,4,4,-3,0,1,0.006000000000000005,-0.0050000000000000044,0.017999999999999905,0.0050000000000000044,-0.008000000000000007,2.4000000000000057,-0.73,0,0,1
3,2,0,4,1,1,-0.4000000000000057,2.6000000000000085,-3.03,-3.1399999999999997,-24.39999999999999,-4,2,4,0,2,0,-0.0040000000000000036,-0.0040000000000000036,0.0020000000000000018,-0.0010000000000000009,0.0010000000000000009,2.799999999999997,-0.11000000000000001,-4,4,0
2,18,0,-4,1,0,2.6000000000000085,-9.5,12.32,11.440000000000001,0.9699999999999989,4,-3,-2,-2,1,1,0.006000000000000005,-0.017000000000000015,0.014000000000000012,0.0040000000000000036,-0.0030000000000000027,-4.800000000000011,-0.8799999999999999,23,-23,1
2,1,-4,-2,1,1,-5.700000000000003,-4.5,-1.29,-1.8500000000000005,2.559999999999988,-2,-3,1,2,1,-1,-0.019999999999999962,-0.030000000000000027,-0.03300000000000003,-0.041999999999999926,-0.062000000000000055,2.6000000000000085,-0.56,-6,6,1
3,2,2,-2,1,0,2.4000000000000057,0.5,1.92,2.0100000000000002,-19.06999999999998,4,5,0,0,-1,1,0.020999999999999963,0.020000000000000018,0.02200000000000002,0.02200000000000002,-0.041000000000000036,3.0999999999999943,0.09000000000000002,11,-11,1
10,11,-4,-2,1,1,-4.0,2.700000000000003,-6.67,-6.14,4.009999999999991,-2,-4,-3,-1,1,-1,-0.013000000000000012,-0.010000000000000009,-0.03300000000000003,-0.02299999999999991,-0.020000000000000018,-0.20000000000000284,0.53,-13,13,1
2,2,6,0,1,0,4.0,-0.7999999999999972,4.6899999999999995,4.0200000000000005,-24.269999999999996,6,0,0,-3,-1,-2,0.01200000000000001,0.016000000000000014,0.02499999999999991,0.019000000000000017,-0.010000000000000009,-3.5,-0.6699999999999999,16,-16,1
10,2,0,4,1,1,-3.700000000000003,4.0,-7.869999999999999,-7.549999999999999,-0.9699999999999989,-4,-7,-1,-1,-2,-1,-0.013999999999999957,0.0030000000000000027,-0.014000000000000012,-0.0050000000000000044,-0.029999999999999916,-2.700000000000003,0.31,-19,19,0
15,1,6,0,1,1,-0.09999999999999432,2.799999999999997,-2.7600000000000002,-3.11,2.4499999999999886,6,3,1,1,-1,0,-0.006000000000000005,-0.01100000000000001,0.0,-0.009000000000000008,-0.02300000000000002,2.299999999999997,-0.35,-6,6,1
1,16,2,4,1,1,-3.4000000000000057,-1.7000000000000028,-1.6600000000000001,-2.29,37.41,-2,-4,-2,-5,1,1,-0.018000000000000016,-0.008000000000000007,-0.010000000000000009,-0.010000000000000009,0.019000000000000017,0.10000000000000853,-0.63,0,0,0
2,4,-6,-6,1,1,-2.1999999999999886,2.6000000000000085,-4.67,-4.46,2.9599999999999795,0,-8,-6,-7,1,0,-0.01599999999999996,-0.025999999999999968,-0.019000000000000017,-0.02200000000000002,-0.029000000000000026,-5.3999999999999915,0.21000000000000002,-15,15,0
3,2,-6,2,1,1,-1.7000000000000028,3.299999999999997,-5.329999999999999,-5.19,-4.3799999999999955,-8,3,0,3,0,1,0.0020000000000000018,-0.008999999999999952,0.0040000000000000036,-0.006000000000000005,-0.009000000000000008,4.5,0.13999999999999999,-8,8,1
1,1,0,-4,1,1,1.0999999999999943,2.799999999999997,-1.69,-1.52,-50.02999999999997,4,7,4,1,2,1,0.006999999999999951,-0.009000000000000008,0.014000000000000012,0.0030000000000000027,-0.016000000000000014,6.3999999999999915,0.16999999999999998,3,-3,1
12,3,4,-2,1,1,3.700000000000003,-4.0,7.869999999999999,7.549999999999999,0.9699999999999989,6,7,1,1,2,1,0.013999999999999957,-0.0030000000000000027,0.014000000000000012,0.0050000000000000044,0.029999999999999916,2.700000000000003,-0.31,19,-19,0
2,12,-2,-2,1,1,-0.5,5.700000000000003,-6.359999999999999,-5.84,-9.959999999999994,0,1,2,2,-1,-1,0.0040000000000000036,0.007999999999999952,0.013000000000000012,0.0129999999999999,0.01200000000000001,1.2000000000000028,0.52,-19,19,0
3,2,0,-4,1,0,9.400000000000006,-0.3999999999999915,9.59,9.68,-41.480000000000004,4,11,3,-1,1,-1,0.04799999999999999,0.01799999999999996,0.05600000000000005,0.04499999999999993,0.02300000000000002,0.6000000000000085,0.1,21,-21,1
2,5,-2,4,1,1,-10.099999999999994,3.700000000000003,-13.399999999999999,-12.68,-8.529999999999987,-6,-5,3,0,1,-2,-0.0040000000000000036,-0.020000000000000018,-0.04799999999999993,-0.03799999999999992,-0.051000000000000045,4.0,0.72,-31,31,0
2,5,2,6,1,1,-12.299999999999997,-2.6000000000000085,-9.659999999999998,-9.51,15.52000000000001,-4,-17,-5,-3,1,2,-0.045999999999999985,-0.065,-0.04799999999999993,-0.05699999999999994,-0.0010000000000000009,-3.700000000000003,0.15000000000000002,-23,23,0
4,4,0,4,1,1,-0.6000000000000085,-2.6000000000000085,2.03,2.8499999999999996,-15.910000000000004,-4,-2,-3,4,1,0,-0.030999999999999972,-0.03400000000000003,-0.04200000000000004,-0.04499999999999993,-0.01200000000000001,-0.7000000000000028,0.81,4,-4,1
17,2,-2,-4,1,0,1.5,-6.299999999999997,7.85,7.34,10.479999999999976,2,8,0,5,2,1,0.0010000000000000009,-0.01100000000000001,0.0,-0.007000000000000006,-0.02400000000000002,6.200000000000003,-0.51,12,-12,1
2,2,-2,-2,1,1,-4.0,2.700000000000003,-6.67,-6.14,4.009999999999991,0,-4,-3,-1,1,-1,-0.013000000000000012,-0.010000000000000009,-0.03300000000000003,-0.02299999999999991,-0.020000000000000018,-0.20000000000000284,0.53,-13,13,1
2,1,4,-4,1,0,7.700000000000003,-4.8999999999999915,12.41,12.66,-50.64000000000001,8,9,5,0,2,0,0.02100000000000002,0.024999999999999967,0.029000000000000026,0.030999999999999917,-0.019000000000000017,1.1000000000000085,0.24,29,-29,1
6,2,2,2,1,1,1.1000000000000085,-1.2999999999999972,2.42,2.19,3.039999999999992,0,-1,1,-1,0,0,0.0,0.0020000000000000018,0.010000000000000009,0.010000000000000009,0.015000000000000013,-1.6000000000000085,-0.23,11,-11,1
2,1,6,6,1,1,-5.599999999999994,2.0,-7.209999999999999,-6.549999999999999,-21.629999999999995,0,0,0,0,1,-1,0.013999999999999957,-0.006000000000000005,-0.020999999999999908,-0.01100000000000001,-0.025000000000000022,4.099999999999994,0.6599999999999999,-17,17,1
2,15,0,-2,1,1,6.0,-0.5,6.52,6.08,24.579999999999984,2,6,0,-4,1,2,0.02999999999999997,0.020000000000000018,0.04499999999999993,0.040999999999999925,0.041000000000000036,0.20000000000000284,-0.44000000000000006,20,-20,1
6,14,0,-6,1,0,6.599999999999994,-3.9000000000000057,10.33,9.879999999999999,-26.83999999999999,6,6,5,4,-1,-1,0.03199999999999997,0.02799999999999997,0.02100000000000002,0.026000000000000023,0.020000000000000018,-0.7000000000000028,-0.45,27,-27,1
2,2,-4,-2,0,1,-4.900000000000006,4.3999999999999915,-9.459999999999999,-9.47,0.4300000000000068,-2,-3,1,0,0,0,-0.01100000000000001,-0.007000000000000006,-0.008000000000000007,-0.009000000000000008,0.016000000000000014,2.1000000000000085,-0.010000000000000009,-18,18,0
6,3,2,2,0,1,-11.799999999999997,8.299999999999997,-19.98,-19.65,11.070000000000007,0,-16,-2,-4,-2,-2,-0.044999999999999984,-0.030000000000000027,-0.04400000000000004,-0.040999999999999925,-0.03199999999999992,-3.5999999999999943,0.32,-42,42,0
16,14,-4,0,1,1,-1.0999999999999943,-2.799999999999997,1.69,1.52,50.02999999999997,-4,-7,-4,-1,-2,-1,-0.006999999999999951,0.009000000000000008,-0.014000000000000012,-0.0030000000000000027,0.016000000000000014,-6.3999999999999915,-0.16999999999999998,-3,3,1
4,2,-4,0,1,1,-1.0,5.299999999999997,-6.220000000000001,-6.67,26.950000000000003,-4,5,4,2,-1,0,-0.01200000000000001,-0.006000000000000005,0.006000000000000005,-0.0040000000000000036,0.01200000000000001,5.299999999999997,-0.45,-11,11,0
2,13,-2,2,0,1,-5.5,4.200000000000003,-9.82,-9.09,3.510000000000005,-4,-4,-1,1,-1,0,-0.023999999999999966,-0.007000000000000006,-0.015000000000000013,-0.014000000000000012,-0.03200000000000003,1.7999999999999972,0.72,-23,23,0
1,1,2,-2,1,1,0.8999999999999915,-6.400000000000006,7.27,7.42,-10.410000000000018,4,0,-6,4,0,-1,-0.010000000000000009,-0.0040000000000000036,-0.03300000000000003,-0.02199999999999991,-0.03600000000000003,-0.7000000000000028,0.14,18,-18,1
2,6,0,4,0,1,-5.599999999999994,-2.1000000000000085,-3.42,-4.26,24.03000000000001,-4,-9,-6,-4,0,1,-0.006000000000000005,-0.045999999999999985,0.0050000000000000044,-0.017999999999999905,0.01100000000000001,-2.6000000000000085,-0.83,-7,7,0
4,3,2,4,1,1,-4.0,-2.5999999999999943,-1.4100000000000001,-1.85,6.290000000000006,-2,-5,-5,-2,-1,0,-0.020000000000000018,0.01100000000000001,-0.017999999999999905,-0.006000000000000005,-0.020000000000000018,-0.5,-0.44,-2,2,1
6,2,0,-4,1,1,7.5,-0.5999999999999943,7.909999999999999,8.36,-5.890000000000001,4,9,1,-2,1,0,0.04899999999999999,0.024999999999999967,0.05300000000000005,0.04599999999999993,-0.013000000000000012,1.6000000000000085,0.45,20,-20,1
16,6,-4,0,1,1,5.799999999999997,-0.6000000000000085,6.43,6.04,5.470000000000013,-4,4,2,0,-2,0,0.025999999999999968,0.031000000000000028,0.038000000000000034,0.04299999999999993,0.05600000000000005,-2.0,-0.38999999999999996,15,-15,0
2,3,2,-2,1,1,-0.6999999999999886,3.200000000000003,-3.7800000000000002,-3.7,32.39,4,-1,0,-1,0,0,0.010999999999999954,-0.01100000000000001,0.017000000000000015,0.0050000000000000044,-0.0040000000000000036,0.29999999999999716,0.08000000000000002,1,-1,1
2,1,6,2,0,1,-4.900000000000006,-2.9000000000000057,-1.9900000000000002,-2.24,-0.269999999999996,4,-5,-5,-1,0,0,-0.030000000000000027,-0.014000000000000012,-0.027999999999999914,-0.02400000000000002,0.0040000000000000036,0.0,-0.25,-6,6,0
4,2,-2,2,0,1,-5.700000000000003,8.200000000000003,-14.0,-14.11,-29.00999999999999,-4,-3,3,0,0,-1,-0.010000000000000009,-0.016000000000000014,-0.007000000000000006,-0.014000000000000012,-0.04399999999999993,2.5999999999999943,-0.12000000000000002,-28,28,0
5,3,4,6,1,1,-1.1000000000000085,-1.1000000000000085,-0.4299999999999997,-0.5300000000000011,24.879999999999995,-2,-6,-2,0,-1,2,-0.02899999999999997,-0.015000000000000013,-0.010000000000000009,-0.016000000000000014,0.02300000000000002,-4.099999999999994,-0.09999999999999998,-3,3,0
2,2,0,0,1,1,-3.200000000000003,1.0999999999999943,-4.130000000000001,-4.28,4.810000000000002,0,-6,1,-3,0,-1,-0.013000000000000012,0.0019999999999999463,-0.01200000000000001,-0.0030000000000000027,0.025000000000000022,-2.3999999999999915,-0.15,-10,10,0
2,16,-2,2,1,1,-3.0,-1.3999999999999915,-1.67,-1.5699999999999998,-12.050000000000011,-4,-6,-3,3,-1,-2,-0.022999999999999965,-0.0010000000000000009,-0.029999999999999916,-0.018000000000000016,0.0020000000000000018,-3.700000000000003,0.10000000000000003,-13,13,1
2,2,-4,-2,1,0,3.5999999999999943,0.7999999999999972,2.73,2.5700000000000003,11.400000000000006,-2,7,0,1,0,1,0.011999999999999955,0.019000000000000017,0.03300000000000003,0.03199999999999992,0.061000000000000054,3.0999999999999943,-0.16000000000000003,9,-9,1
3,5,0,2,0,1,-0.7999999999999972,-1.2999999999999972,0.75,1.2000000000000002,20.39999999999999,-2,6,0,5,1,2,-0.007000000000000006,-0.0020000000000000018,-0.0020000000000000018,-0.0010000000000000009,-0.014000000000000012,6.599999999999994,0.45,-3,3,0
1,1,-4,2,1,1,5.799999999999997,-0.6000000000000085,6.43,6.04,5.470000000000013,-6,4,2,0,-2,0,0.025999999999999968,0.031000000000000028,0.038000000000000034,0.04299999999999993,0.05600000000000005,-2.0,-0.38999999999999996,15,-15,1
2,1,-2,-2,1,1,-5.3999999999999915,8.900000000000006,-14.34,-13.66,-2.7299999999999898,0,-2,0,2,-1,-1,-0.014000000000000012,-0.027000000000000024,-0.0050000000000000044,-0.020000000000000018,-0.015000000000000013,2.700000000000003,0.6799999999999999,-32,32,1
1,2,2,0,1,1,0.8000000000000114,4.400000000000006,-3.4400000000000004,-3.3899999999999997,38.47999999999999,2,0,1,-1,-1,0,-0.0030000000000000027,-0.007000000000000006,0.01200000000000001,0.0040000000000000036,-0.01200000000000001,0.09999999999999432,0.05000000000000002,0,0,1
22,6,-4,-4,0,1,0.5,-2.5,3.33,3.040000000000001,27.58,0,-3,-1,2,-1,0,-0.009000000000000008,0.0040000000000000036,-0.020000000000000018,-0.009000000000000008,0.0050000000000000044,-3.3000000000000114,-0.29,1,-1,0
1,5,4,-2,1,0,6.5,-2.700000000000003,9.01,8.68,-15.680000000000007,6,11,1,4,0,1,0.03899999999999998,0.018000000000000016,0.03500000000000003,0.027999999999999914,-0.013000000000000012,3.3999999999999915,-0.33,18,-18,1
3,3,2,2,0,1,-1.4000000000000057,-5.400000000000006,4.029999999999999,4.39,-6.750000000000007,0,-2,-4,3,0,1,-0.022999999999999965,-0.0040000000000000036,-0.03700000000000003,-0.028999999999999915,-0.06800000000000006,0.3999999999999915,0.34,12,-12,0
1,3,-2,-4,1,1,3.299999999999997,-4.200000000000003,7.609999999999999,7.24,19.95999999999998,2,8,-1,4,1,0,0.013999999999999957,0.010000000000000009,0.0050000000000000044,0.013000000000000012,0.01200000000000001,4.0,-0.37,14,-14,0
5,2,-6,4,1,1,-3.0999999999999943,6.5,-9.530000000000001,-9.85,39.21999999999999,-10,-4,-6,-7,0,0,0.0030000000000000027,-0.022999999999999965,0.009000000000000008,-0.0050000000000000044,0.016000000000000014,-1.2999999999999972,-0.31,-24,24,1
2,4,2,4,0,1,-1.1000000000000085,2.5999999999999943,-3.6799999999999997,-2.8600000000000003,26.430000000000007,-2,-2,-1,0,1,0,-0.007000000000000006,-0.02300000000000002,-0.008000000000000007,-0.015000000000000013,0.020000000000000018,-0.09999999999999432,0.8200000000000001,-9,9,0
2,2,2,2,1,0,0.6999999999999886,-4.900000000000006,5.219999999999999,4.309999999999999,21.36,0,-5,-5,-1,-1,1,-0.043999999999999984,-0.008000000000000007,-0.007000000000000006,-0.013000000000000012,0.029000000000000026,-4.099999999999994,-0.9099999999999999,11,-11,1
7,2,6,2,1,0,10.0,-2.5,12.52,11.48,-14.120000000000005,4,11,4,1,0,-1,0.04099999999999998,0.04099999999999998,0.05399999999999994,0.051999999999999935,0.014000000000000012,1.0,-1.04,28,-28,1
4,6,2,-2,1,1,2.4000000000000057,-1.2999999999999972,3.79,3.51,13.179999999999978,4,-1,0,-5,1,1,0.018000000000000016,0.0010000000000000009,0.0119999999999999,0.009000000000000008,-0.020000000000000018,-2.8999999999999915,-0.28,11,-11,1
2,2,0,2,0,1,-5.0,-1.3999999999999915,-3.5399999999999996,-3.48,25.009999999999977,-2,-5,-2,1,0,0,-0.020999999999999963,-0.0020000000000000018,-0.020000000000000018,-0.013000000000000012,-0.009000000000000008,-0.5,0.06,-14,14,0
3,2,0,-4,1,1,-1.0999999999999943,-5.200000000000003,4.17,3.7,-0.8299999999999983,4,-6,-6,-3,1,2,-0.013000000000000012,-0.02999999999999997,0.010000000000000009,-0.0030000000000000027,0.027000000000000024,-3.6000000000000085,-0.47,11,-11,0
9,2,-2,2,0,1,-5.8999999999999915,9.700000000000003,-15.629999999999999,-15.149999999999999,-3.549999999999983,-4,-7,2,-1,-2,0,-0.01699999999999996,-0.017000000000000015,-0.008000000000000007,-0.018000000000000016,-0.04499999999999993,-0.7000000000000028,0.47,-34,34,0
2,2,-2,2,0,1,0.7999999999999972,0.5,0.08999999999999986,0.08000000000000007,-4.159999999999997,-4,2,0,3,-2,-1,0.0020000000000000018,0.0030000000000000027,0.02200000000000002,0.015999999999999903,0.020000000000000018,0.9000000000000057,-0.010000000000000009,-4,4,0
2,2,-2,-2,0,1,-0.3999999999999915,7.799999999999997,-8.0,-7.7,6.90000000000002,0,0,2,-1,-1,0,0.009999999999999953,0.0010000000000000009,0.01100000000000001,0.007000000000000006,0.02100000000000002,-0.20000000000000284,0.30000000000000004,-13,13,0
2,2,4,-2,1,1,0.8000000000000114,4.400000000000006,-3.4400000000000004,-3.3899999999999997,38.47999999999999,6,0,1,-1,-1,0,-0.0030000000000000027,-0.007000000000000006,0.01200000000000001,0.0040000000000000036,-0.01200000000000001,0.09999999999999432,0.05000000000000002,0,0,1
2,2,-6,4,0,1,-7.700000000000003,4.8999999999999915,-12.41,-12.66,50.64000000000001,-10,-9,-5,0,-2,0,-0.02100000000000002,-0.024999999999999967,-0.029000000000000026,-0.030999999999999917,0.019000000000000017,-1.1000000000000085,-0.24,-29,29,0
2,1,-4,2,1,1,0.20000000000000284,3.5,-3.2500000000000004,-3.62,16.58999999999999,-6,-1,-1,-5,1,0,0.0040000000000000036,-0.0010000000000000009,0.010000000000000009,0.007999999999999896,0.018000000000000016,-1.3999999999999915,-0.37,-12,12,0
1,2,0,-2,1,1,6.700000000000003,-6.199999999999989,13.0,12.25,14.32999999999997,2,3,1,0,0,-1,0.026000000000000023,0.03199999999999997,0.019000000000000017,0.029999999999999916,0.013000000000000012,-4.700000000000003,-0.75,19,-19,1
2,5,-2,-4,1,1,3.1000000000000085,-2.700000000000003,5.9799999999999995,6.2,45.41999999999999,2,4,-2,3,-1,1,0.007000000000000006,0.009000000000000008,0.0040000000000000036,0.009000000000000008,0.01100000000000001,0.7000000000000028,0.22000000000000003,8,-8,0
7,9,4,0,1,1,5.0,-3.299999999999997,8.36,7.7299999999999995,13.96,4,7,4,-3,2,1,0.02699999999999997,0.02100000000000002,0.041000000000000036,0.039999999999999925,0.08099999999999996,1.4000000000000057,-0.61,16,-16,1
2,2,0,2,0,1,-1.9000000000000057,-0.20000000000000284,-1.68,-1.3199999999999998,35.59,-2,-2,-2,-1,0,1,0.0010000000000000009,0.007000000000000006,-0.0030000000000000027,0.0010000000000000009,-0.03600000000000003,1.0,0.35000000000000003,-1,1,0
1,8,-2,4,1,1,-3.799999999999997,7.300000000000011,-11.24,-10.24,0.9100000000000108,-6,-4,0,1,-1,-1,-0.021999999999999964,-0.01200000000000001,-0.010000000000000009,-0.01200000000000001,0.0,0.20000000000000284,1.0,-27,27,0
2,1,2,0,1,1,1.2000000000000028,3.5,-2.28,-3.29,47.029999999999994,2,3,6,-7,1,1,0.032999999999999974,0.015000000000000013,0.04999999999999993,0.040999999999999925,0.051000000000000045,1.3000000000000114,-1.0,-2,2,1
2,2,-2,-2,1,1,-1.0999999999999943,-5.200000000000003,4.17,3.7,-0.8299999999999983,0,-6,-6,-3,1,2,-0.013000000000000012,-0.02999999999999997,0.010000000000000009,-0.0030000000000000027,0.027000000000000024,-3.6000000000000085,-0.47,11,-11,0
4,3,-2,4,1,1,-1.3000000000000114,2.299999999999997,-3.61,-3.5300000000000002,-30.959999999999994,-6,2,4,1,3,0,-0.014000000000000012,-0.029000000000000026,-0.008000000000000007,-0.019000000000000017,0.025000000000000022,3.299999999999997,0.07999999999999996,-8,8,0
6,1,2,4,0,1,3.5,2.5999999999999943,0.7999999999999998,0.029999999999999805,12.380000000000003,-2,2,-1,-3,-1,-1,0.034999999999999976,0.0050000000000000044,0.030000000000000027,0.02100000000000002,0.03600000000000003,-2.0,-0.76,3,-3,0
4,4,-2,6,0,1,-7.6000000000000085,3.3999999999999915,-11.1,-10.64,27.750000000000014,-8,-4,1,1,0,1,-0.02100000000000002,-0.016000000000000014,-0.02499999999999991,-0.02200000000000002,0.03300000000000003,3.0,0.45999999999999996,-25,25,0
9,6,-2,-4,1,0,4.699999999999989,-6.700000000000003,11.23,11.440000000000001,-23.819999999999993,2,4,3,5,-1,0,0.014000000000000012,0.035999999999999976,0.008000000000000007,0.025000000000000022,0.009000000000000008,-0.10000000000000853,0.21,25,-25,1
2,3,-4,-4,1,0,5.900000000000006,1.4000000000000057,4.3500000000000005,4.5,-14.61999999999999,0,9,4,3,0,2,0.028000000000000025,0.013000000000000012,0.03600000000000003,0.02299999999999991,-0.013000000000000012,2.8999999999999915,0.15,8,-8,1
2,2,-2,-4,1,0,1.1000000000000085,9.0,-7.66,-7.39,12.990000000000009,2,1,3,-1,-2,0,-0.0040000000000000036,0.0050000000000000044,0.006000000000000005,0.006000000000000005,0.013000000000000012,-0.4000000000000057,0.27,-14,14,1
2,2,6,2,1,0,5.5,-5.200000000000003,10.65,10.04,30.959999999999994,4,3,0,0,-1,0,0.02699999999999997,0.019000000000000017,0.04400000000000004,0.040999999999999925,0.031000000000000028,-1.5,-0.61,29,-29,1
3,2,2,4,1,0,8.899999999999991,-3.6000000000000085,12.09,10.95,10.759999999999991,-2,5,2,1,-1,1,0.01200000000000001,0.025999999999999968,0.04399999999999993,0.03599999999999992,0.03700000000000003,-3.0999999999999943,-1.14,25,-25,1
2,3,-6,0,0,1,-9.299999999999997,5.099999999999994,-14.11,-14.25,35.24000000000001,-6,-9,-2,2,-1,0,-0.038000000000000034,-0.03799999999999998,-0.04600000000000004,-0.050999999999999934,-0.006000000000000005,0.29999999999999716,-0.13999999999999999,-30,30,0
3,9,6,0,1,1,8.200000000000003,-0.7000000000000028,8.979999999999999,8.700000000000001,-28.87999999999998,6,11,2,1,0,0,0.025999999999999968,0.016000000000000014,0.04299999999999993,0.031000000000000028,-0.015000000000000013,3.5999999999999943,-0.27999999999999997,27,-27,1
7,23,-2,-2,1,1,-4.400000000000006,-1.3000000000000114,-3.0999999999999996,-3.630000000000001,10.39,0,-4,-1,-2,1,1,-0.015000000000000013,-0.014999999999999958,-0.02100000000000002,-0.02199999999999991,0.0040000000000000036,0.9000000000000057,-0.53,1,-1,1
2,3,-2,4,0,1,-2.5999999999999943,5.5,-8.02,-7.909999999999999,16.409999999999997,-6,1,1,3,-1,0,-0.0030000000000000027,-0.007000000000000006,-0.0030000000000000027,-0.0050000000000000044,-0.03299999999999992,3.299999999999997,0.1,-20,20,0
11,2,0,2,1,0,3.200000000000003,-0.20000000000000284,3.41,3.39,2.8699999999999903,-2,5,4,1,0,1,0.028000000000000025,0.019000000000000017,0.02299999999999991,0.02200000000000002,-0.03600000000000003,1.5999999999999943,-0.03,10,-10,1
6,8,4,-2,1,0,1.1000000000000085,-2.5999999999999943,3.6799999999999997,2.8600000000000003,-26.430000000000007,6,2,1,0,-1,0,0.007000000000000006,0.02300000000000002,0.008000000000000007,0.015000000000000013,-0.020000000000000018,0.09999999999999432,-0.8200000000000001,9,-9,1
21,2,-4,4,1,1,0.09999999999999432,-2.799999999999997,2.7600000000000002,3.11,-2.4499999999999886,-8,-3,-1,-1,1,0,0.006000000000000005,0.01100000000000001,0.0,0.009000000000000008,0.02300000000000002,-2.299999999999997,0.35,6,-6,1
2,6,-2,2,1,1,-1.9000000000000057,1.4000000000000057,-3.36,-3.09,-62.079999999999984,-4,1,1,4,1,-1,-0.016000000000000014,-0.010000000000000009,-0.015999999999999903,-0.015000000000000013,-0.014000000000000012,2.6999999999999886,0.27,-10,10,1
1,2,2,-4,1,1,8.699999999999989,-7.1000000000000085,15.34,14.57,-5.829999999999998,6,6,3,6,-2,1,0.008000000000000007,0.02699999999999997,0.03399999999999992,0.028000000000000025,0.019000000000000017,-1.7000000000000028,-0.77,37,-37,1
6,2,-4,4,1,1,-6.5,4.099999999999994,-10.41,-10.51,27.440000000000005,-8,-9,-4,-5,-1,-1,-0.014000000000000012,-0.020000000000000018,-0.013000000000000012,-0.015999999999999903,0.02300000000000002,-2.299999999999997,-0.09,-22,22,0
9,2,2,-2,0,1,-4.8999999999999915,9.100000000000009,-13.94,-13.559999999999999,14.420000000000009,4,-4,3,-5,1,0,-0.0030000000000000027,-0.006000000000000005,0.0,-0.0010000000000000009,0.016000000000000014,0.5,0.38999999999999996,-31,31,0
2,4,6,0,1,0,-2.5999999999999943,0.4000000000000057,-2.88,-2.1399999999999997,35.41,6,-3,-2,0,0,1,-0.007000000000000006,-0.0030000000000000027,0.0040000000000000036,0.0040000000000000036,-0.015000000000000013,0.8999999999999915,0.74,-1,1,1
2,3,-6,6,0,1,-14.400000000000006,4.3999999999999915,-18.65,-17.91,42.13000000000001,-12,-17,-4,1,-1,1,-0.061,-0.043999999999999984,-0.08199999999999996,-0.06999999999999995,0.007000000000000006,-2.200000000000003,0.74,-45,45,0
10,2,0,-4,1,0,-0.7000000000000028,-5.6000000000000085,5.05,4.109999999999999,12.189999999999998,4,-1,3,-1,1,0,0.0040000000000000036,-0.0020000000000000018,-0.017000000000000015,-0.014999999999999902,-0.026000000000000023,-0.29999999999999716,-0.94,13,-13,1
4,12,-4,-4,0,1,-2.9000000000000057,3.0,-6.05,-5.53,11.970000000000013,0,-8,-3,-4,-1,-1,0.0,-0.0030000000000000027,-0.0040000000000000036,-0.0050000000000000044,-0.016000000000000014,-4.099999999999994,0.52,-9,9,0
4,2,0,2,1,1,-3.0999999999999943,1.4000000000000057,-4.4399999999999995,-5.04,21.98999999999998,-2,-3,0,0,0,-1,-0.0030000000000000027,-0.010000000000000009,-0.007000000000000006,-0.01200000000000001,0.0020000000000000018,-1.0999999999999943,-0.6,-12,12,0
4,2,4,2,1,0,8.599999999999994,-7.200000000000003,15.85,15.37,-6.260000000000005,2,10,3,1,2,1,0.03199999999999997,0.03199999999999997,0.03200000000000003,0.03799999999999992,0.05699999999999994,1.2000000000000028,-0.47,32,-32,1
2,10,0,-2,1,1,3.700000000000003,-3.299999999999997,6.890000000000001,6.52,-10.270000000000024,2,7,3,3,1,0,0.028000000000000025,-0.0020000000000000018,0.02199999999999991,0.009000000000000008,-0.040000000000000036,2.700000000000003,-0.37,14,-14,1
11,6,2,-2,1,1,2.299999999999997,-1.0,3.2399999999999998,3.0300000000000002,-3.660000000000011,4,2,-2,1,0,-2,0.012999999999999956,0.0,0.0040000000000000036,0.007000000000000006,0.03200000000000003,-1.0999999999999943,-0.2,6,-6,1
2,1,-2,0,1,0,-3.4000000000000057,-4.0,0.5600000000000005,1.25,-3.069999999999993,-2,-3,-3,1,1,1,-0.0040000000000000036,0.0040000000000000036,-0.008000000000000007,0.0,-0.0030000000000000027,0.7999999999999972,0.69,-1,1,1
1,4,-6,-6,1,1,-1.2000000000000028,0.7999999999999972,-1.9999999999999991,-2.1499999999999995,23.200000000000003,0,0,-1,5,-1,1,-0.007000000000000006,-0.004999999999999949,-0.016000000000000014,-0.015000000000000013,-0.0040000000000000036,1.1999999999999886,-0.15,-7,7,1
7,4,0,0,1,0,4.8999999999999915,-9.100000000000009,13.94,13.559999999999999,-14.420000000000009,0,4,-3,5,-1,0,0.0030000000000000027,0.006000000000000005,0.0,0.0010000000000000009,-0.016000000000000014,-0.5,-0.38999999999999996,31,-31,1
2,2,0,0,1,1,-1.9000000000000057,1.4000000000000057,-3.36,-3.09,-62.079999999999984,0,1,1,4,1,-1,-0.016000000000000014,-0.010000000000000009,-0.015999999999999903,-0.015000000000000013,-0.014000000000000012,2.6999999999999886,0.27,-10,10,1
1,5,0,0,1,1,3.700000000000003,-4.299999999999997,8.149999999999999,7.74,1.7999999999999972,0,3,4,1,0,-1,0.019000000000000017,0.012999999999999956,0.0040000000000000036,0.007000000000000006,-0.030000000000000027,-1.2000000000000028,-0.41,12,-12,0
1,2,0,0,0,1,-0.5999999999999943,-2.6999999999999886,2.12,1.9400000000000002,1.129999999999967,0,-7,-3,-2,0,-1,-0.004999999999999949,0.0,-0.018000000000000016,-0.009000000000000008,-0.018000000000000016,-6.599999999999994,-0.18,-2,2,0
3,16,4,-4,1,1,6.5,3.8000000000000114,2.6,2.8200000000000003,-5.710000000000008,8,11,3,2,-2,-1,0.04099999999999998,0.069,0.027000000000000024,0.04799999999999993,-0.025000000000000022,3.200000000000003,0.21999999999999997,7,-7,0
2,14,2,6,1,1,4.699999999999989,-3.6000000000000085,7.89,6.829999999999999,-14.400000000000006,-4,3,0,2,-1,1,-0.01699999999999996,0.0020000000000000018,0.008999999999999897,-0.0020000000000000018,0.014000000000000012,-1.8999999999999915,-1.06,11,-11,1
11,3,4,2,1,0,0.0,-1.3999999999999915,1.4,1.83,-11.759999999999998,2,-2,3,1,1,0,-0.024999999999999967,0.0020000000000000018,-0.02200000000000002,-0.01200000000000001,-0.010000000000000009,-1.0999999999999943,0.42000000000000004,4,-4,1
2,7,6,2,1,1,0.3999999999999915,-8.5,8.979999999999999,8.729999999999999,4.340000000000003,4,0,-4,-1,2,1,-0.02400000000000002,-0.0020000000000000018,-0.018999999999999906,-0.01100000000000001,0.04899999999999993,0.20000000000000284,-0.24,18,-18,1
2,2,-4,-2,1,1,-1.4000000000000057,-3.299999999999997,1.8,1.8099999999999998,22.44999999999999,-2,0,-3,1,1,0,0.0010000000000000009,-0.014000000000000012,-0.0040000000000000036,-0.01200000000000001,-0.040000000000000036,2.1000000000000085,0.010000000000000009,3,-3,0
1,2,2,6,0,1,-5.799999999999997,1.2000000000000028,-7.059999999999999,-6.69,9.810000000000002,-4,-6,-2,-1,-1,1,-0.0050000000000000044,0.0040000000000000036,-0.020999999999999908,-0.009000000000000008,-0.026000000000000023,-0.5,0.37,-16,16,0
3,2,-2,-2,0,1,-7.299999999999997,6.900000000000006,-14.28,-13.379999999999999,-15.949999999999989,0,-12,-2,-5,0,-1,-0.02699999999999997,-0.020000000000000018,-0.038000000000000034,-0.03599999999999992,-0.03200000000000003,-4.200000000000003,0.8999999999999999,-27,27,0
6,2,-4,-4,1,0,0.7000000000000028,-2.200000000000003,3.1099999999999994,2.2199999999999998,26.549999999999983,0,-2,-3,-7,2,1,0.0,-0.008999999999999952,-0.0030000000000000027,-0.0050000000000000044,0.006000000000000005,-2.5999999999999943,-0.8899999999999999,7,-7,1
5,2,2,-2,1,1,2.1999999999999886,-5.700000000000003,7.76,7.6000000000000005,2.579999999999984,4,0,-3,0,0,-1,0.0030000000000000027,0.020000000000000018,-0.006000000000000005,0.013000000000000012,0.015000000000000013,-2.0,-0.16,15,-15,1
15,1,0,0,0,1,-3.299999999999997,1.6000000000000085,-4.88,-4.4,10.870000000000005,0,-5,-2,-1,0,0,-0.025999999999999968,-0.019999999999999962,-0.02300000000000002,-0.02499999999999991,-0.01200000000000001,-1.0,0.48,-8,8,0
2,4,0,4,1,0,-1.6000000000000085,-5.900000000000006,4.18,4.26,0.15000000000000568,-4,-3,-2,-1,1,1,0.0040000000000000036,0.016000000000000014,-0.0050000000000000044,0.007000000000000006,-0.009000000000000008,-0.7000000000000028,0.06999999999999999,10,-10,1
2,4,0,-2,1,0,2.6999999999999886,-2.5,5.1000000000000005,4.88,-51.859999999999985,2,8,7,6,1,0,0.01799999999999996,0.01699999999999996,0.015000000000000013,0.016000000000000014,-0.0050000000000000044,5.199999999999989,-0.22000000000000003,16,-16,1
2,1,2,-4,1,0,9.399999999999991,-9.300000000000011,18.45,16.79,20.719999999999985,6,4,0,-1,0,2,0.008000000000000007,0.018000000000000016,0.030999999999999917,0.02300000000000002,0.025000000000000022,-4.299999999999997,-1.66,44,-44,1
4,2,-6,4,1,1,-7.400000000000006,1.0999999999999943,-8.33,-8.4,-20.349999999999994,-10,-8,-1,-2,0,-1,-0.04199999999999998,-0.02200000000000002,-0.04700000000000004,-0.040999999999999925,0.0020000000000000018,-1.1999999999999886,-0.07,-24,24,1
2,11,-2,-4,1,1,6.200000000000003,-3.6999999999999886,9.67,9.209999999999999,-13.250000000000028,2,6,2,-2,1,-1,0.03500000000000003,0.02799999999999997,0.039000000000000035,0.038999999999999924,0.008000000000000007,-1.3999999999999915,-0.46,18,-18,0
2,2,0,2,1,1,3.700000000000003,-4.299999999999997,8.149999999999999,7.74,1.7999999999999972,-2,3,4,1,0,-1,0.019000000000000017,0.012999999999999956,0.0040000000000000036,0.007000000000000006,-0.030000000000000027,-1.2000000000000028,-0.41,12,-12,1
6,2,0,0,1,1,-2.4000000000000057,1.2999999999999972,-3.79,-3.51,-13.179999999999978,0,1,0,5,-1,-1,-0.018000000000000016,-0.0010000000000000009,-0.0119999999999999,-0.009000000000000008,0.020000000000000018,2.8999999999999915,0.28,-11,11,1
2,2,0,-4,1,0,5.8999999999999915,1.2000000000000028,4.63,5.67,-21.62000000000001,4,9,0,6,-1,-1,0.010000000000000009,0.034999999999999976,-0.015000000000000013,0.0030000000000000027,-0.03700000000000003,2.5,1.03,11,-11,1
5,1,-2,0,1,0,1.5,-6.299999999999997,7.85,7.34,10.479999999999976,-2,8,0,5,2,1,0.0010000000000000009,-0.01100000000000001,0.0,-0.007000000000000006,-0.02400000000000002,6.200000000000003,-0.51,12,-12,1
1,1,6,0,1,1,0.3999999999999915,-8.5,8.979999999999999,8.729999999999999,4.340000000000003,6,0,-4,-1,2,1,-0.02400000000000002,-0.0020000000000000018,-0.018999999999999906,-0.01100000000000001,0.04899999999999993,0.20000000000000284,-0.24,18,-18,0
6,5,-2,-4,1,1,-0.3999999999999915,1.2000000000000028,-1.5599999999999998,-1.7100000000000002,-31.929999999999993,2,0,4,0,0,1,-0.013999999999999957,-0.007000000000000006,-0.0010000000000000009,-0.008000000000000007,0.0040000000000000036,0.09999999999999432,-0.15000000000000002,-5,5,0
2,3,4,-2,1,0,3.299999999999997,-3.0,6.279999999999999,6.23,-22.630000000000003,6,3,5,2,1,0,0.0010000000000000009,0.021999999999999964,0.0010000000000000009,0.0129999999999999,0.0020000000000000018,-0.09999999999999432,-0.06,12,-12,1
3,3,2,0,0,1,-1.7999999999999972,1.9000000000000057,-3.6199999999999997,-3.01,-3.219999999999999,2,0,-1,2,0,0,-0.008000000000000007,-0.01200000000000001,-0.0030000000000000027,-0.007000000000000006,0.006000000000000005,1.5,0.62,-11,11,0
6,3,6,-4,1,0,13.200000000000003,-3.5999999999999943,16.65,15.760000000000002,-18.930000000000007,10,17,3,4,0,0,0.05399999999999999,0.039000000000000035,0.06599999999999995,0.05499999999999994,-0.01100000000000001,3.3999999999999915,-0.89,38,-38,1
10,1,0,0,1,1,8.200000000000003,-6.0,14.34,13.870000000000001,-11.300000000000011,0,8,1,1,0,0,0.03699999999999998,0.02699999999999997,0.031000000000000028,0.03399999999999992,-0.0040000000000000036,-1.1000000000000085,-0.47,26,-26,1
7,7,-2,2,1,1,0.5999999999999943,0.8999999999999915,-0.25,-0.44000000000000017,31.11999999999999,-4,1,3,-3,2,1,0.0020000000000000018,-0.019000000000000017,0.007999999999999896,-0.0040000000000000036,0.039000000000000035,0.6000000000000085,-0.19000000000000006,2,-2,1
2,7,-4,0,1,1,-4.699999999999989,9.600000000000009,-14.09,-13.43,7.519999999999996,-4,-3,1,-1,0,0,-0.02999999999999997,-0.026000000000000023,-0.03200000000000003,-0.03699999999999992,-0.04300000000000004,1.5999999999999943,0.6599999999999999,-29,29,1
2,4,-4,-2,1,1,-4.699999999999989,-6.0,1.44,1.1300000000000001,-12.230000000000004,-2,-13,-6,-4,1,1,-0.024999999999999967,-0.04899999999999999,-0.02300000000000002,-0.03499999999999992,-0.03400000000000003,-6.700000000000003,-0.30999999999999994,2,-2,0
2,2,2,-2,1,0,7.299999999999997,-0.8999999999999915,7.9799999999999995,7.6899999999999995,-63.28,4,13,6,-1,3,0,0.04199999999999998,0.01899999999999996,0.05300000000000005,0.041999999999999926,-0.008000000000000007,5.0,-0.29000000000000004,21,-21,1
2,7,4,4,0,1,0.29999999999999716,3.5999999999999943,-3.76,-4.42,17.019999999999996,0,-5,-1,0,-3,0,-0.019999999999999962,-0.006000000000000005,0.0119999999999999,-0.0020000000000000018,-0.019999999999999907,-4.299999999999997,-0.6699999999999999,-7,7,0
2,2,2,-2,1,0,-1.4000000000000057,-3.4000000000000057,1.9400000000000004,1.8899999999999997,-14.359999999999985,4,1,6,6,-1,-1,0.0040000000000000036,0.006999999999999951,-0.014000000000000012,-0.009999999999999898,-0.03200000000000003,2.299999999999997,-0.05,6,-6,1
2,1,-4,0,0,1,-1.5999999999999943,2.6000000000000085,-4.1,-4.7299999999999995,28.07999999999997,-4,-2,1,0,-1,-1,-0.01699999999999996,-0.006000000000000005,-0.01200000000000001,-0.013000000000000012,-0.006000000000000005,-1.2999999999999972,-0.63,-13,13,0
2,2,0,0,1,0,-0.9000000000000057,-8.5,7.51,7.52,-19.890000000000022,0,0,-5,5,1,0,-0.022999999999999965,-0.025000000000000022,-0.038000000000000034,-0.041999999999999926,-0.07200000000000006,1.5,0.0,16,-16,1
2,2,0,-6,1,0,6.5,-7.400000000000006,14.19,13.3,20.109999999999985,6,10,2,2,2,2,0.024999999999999967,0.017000000000000015,0.016000000000000014,0.020000000000000018,0.01200000000000001,3.299999999999997,-0.8899999999999999,31,-31,1
2,2,-2,-4,1,1,-0.3999999999999915,1.2000000000000028,-1.5599999999999998,-1.7100000000000002,-31.929999999999993,2,0,4,0,0,1,-0.013999999999999957,-0.007000000000000006,-0.0010000000000000009,-0.008000000000000007,0.0040000000000000036,0.09999999999999432,-0.15000000000000002,-5,5,1
5,5,2,4,0,1,3.3000000000000114,4.5,-1.1099999999999999,-1.1800000000000002,-3.3700000000000045,-2,7,5,2,0,0,0.03799999999999998,-0.0010000000000000009,0.03299999999999992,0.016000000000000014,-0.019000000000000017,2.5,-0.06999999999999999,1,-1,0
3,2,-4,0,0,1,-6.799999999999997,0.4000000000000057,-7.08,-6.26,10.25,-4,-5,-4,1,0,1,-0.035999999999999976,-0.02699999999999997,-0.031000000000000028,-0.03399999999999992,-0.038000000000000034,2.0999999999999943,0.8200000000000001,-15,15,0
2,2,2,0,1,1,8.200000000000003,-6.0,14.34,13.870000000000001,-11.300000000000011,2,8,1,1,0,0,0.03699999999999998,0.02699999999999997,0.031000000000000028,0.03399999999999992,-0.0040000000000000036,-1.1000000000000085,-0.47,26,-26,0
4,3,0,2,1,0,0.0,-1.2999999999999972,1.26,0.6700000000000002,-29.47,-2,3,0,1,-1,0,0.007000000000000006,0.02100000000000002,-0.0020000000000000018,0.0050000000000000044,-0.03500000000000003,1.7000000000000028,-0.59,-2,2,1
3,2,2,-4,1,1,5.599999999999994,-0.20000000000000284,5.550000000000001,5.12,8.820000000000007,6,13,4,5,0,1,0.032999999999999974,0.02300000000000002,0.041000000000000036,0.03299999999999992,0.02200000000000002,6.3999999999999915,-0.43000000000000005,13,-13,1
3,4,4,0,1,1,-1.7000000000000028,-4.5,2.82,2.98,-9.160000000000004,4,-2,2,1,1,1,-0.02699999999999997,0.007000000000000006,-0.027000000000000024,-0.014000000000000012,-0.04200000000000004,0.5,0.14,8,-8,1
2,16,-4,4,1,1,-7.099999999999994,1.8000000000000114,-8.549999999999999,-8.17,3.999999999999986,-8,-5,0,-1,1,-2,0.0030000000000000027,-0.0010000000000000009,-0.03299999999999992,-0.015000000000000013,-0.008000000000000007,0.5,0.37999999999999995,-24,24,0
5,4,-4,0,1,1,-4.599999999999994,3.9000000000000057,-8.46,-7.97,-10.219999999999999,-4,-7,-6,-2,0,-1,-0.033999999999999975,-0.02699999999999997,-0.030999999999999917,-0.031000000000000028,-0.009000000000000008,-2.5,0.49000000000000005,-26,26,0
2,2,4,2,0,1,-0.5,5.400000000000006,-5.79,-6.25,-21.950000000000003,2,5,5,1,1,0,-0.010000000000000009,-0.015000000000000013,0.0020000000000000018,-0.010000000000000009,-0.02200000000000002,5.099999999999994,-0.46,-10,10,0
2,2,2,-4,1,1,0.5,-5.200000000000003,5.71,5.71,-42.34000000000001,6,0,-2,4,0,0,-0.023999999999999966,-0.01100000000000001,-0.03400000000000003,-0.029999999999999916,-0.03200000000000003,-0.6000000000000085,-0.010000000000000009,13,-13,1
2,5,2,6,0,1,-4.0,0.7999999999999972,-4.6899999999999995,-4.0200000000000005,24.269999999999996,-4,0,0,3,1,2,-0.01200000000000001,-0.016000000000000014,-0.02499999999999991,-0.019000000000000017,0.010000000000000009,3.5,0.6699999999999999,-16,16,0
5,1,6,-2,1,0,7.199999999999989,1.9000000000000057,5.12,5.8500000000000005,-8.63000000000001,8,9,3,2,-1,-1,0.02300000000000002,0.059,0.01200000000000001,0.03799999999999992,0.014000000000000012,1.2000000000000028,0.73,8,-8,1
2,2,-2,-2,0,1,7.1000000000000085,0.6000000000000085,6.35,6.6499999999999995,-37.81999999999999,0,9,5,-2,1,1,0.03500000000000003,0.01799999999999996,0.052000000000000046,0.03799999999999992,-0.009000000000000008,1.7000000000000028,0.3,15,-15,0
2,1,0,0,1,1,4.0,1.2999999999999972,2.67,2.5200000000000005,-35.760000000000005,0,8,5,3,0,0,0.027000000000000024,0.010000000000000009,0.015999999999999903,0.01100000000000001,-0.015000000000000013,2.200000000000003,-0.15000000000000002,0,0,1
11,10,-6,4,0,1,0.7000000000000028,5.6000000000000085,-5.05,-4.109999999999999,-12.189999999999998,-10,1,-3,1,-1,0,-0.0040000000000000036,0.0020000000000000018,0.017000000000000015,0.014999999999999902,0.026000000000000023,0.29999999999999716,0.94,-13,13,0
10,1,-2,-2,1,1,-0.5,3.0999999999999943,-3.48,-3.13,13.140000000000015,0,-2,1,-2,-1,1,0.0,0.02100000000000002,0.0010000000000000009,0.013000000000000012,0.0040000000000000036,-1.1000000000000085,0.34,-4,4,1
5,1,-4,4,0,1,-12.099999999999994,4.700000000000003,-16.22,-15.23,-5.949999999999989,-8,-11,-1,-4,1,-2,-0.025000000000000022,-0.02400000000000002,-0.05599999999999994,-0.038999999999999924,-0.01200000000000001,0.7000000000000028,0.99,-35,35,0
2,3,0,4,0,1,-5.299999999999997,5.599999999999994,-10.969999999999999,-10.969999999999999,-4.609999999999999,-4,-5,-1,0,-2,-1,-0.006000000000000005,-0.01200000000000001,-0.009000000000000008,-0.013000000000000012,-0.04499999999999993,-0.20000000000000284,-0.010000000000000009,-24,24,0
1,7,4,2,1,0,1.2000000000000028,-4.799999999999997,6.07,6.8,-33.850000000000016,2,-4,-6,2,0,0,-0.014999999999999958,-0.014000000000000012,-0.038000000000000034,-0.03199999999999992,-0.07100000000000006,-4.200000000000003,0.72,13,-13,1
1,10,2,-6,1,0,4.200000000000003,0.09999999999999432,4.289999999999999,4.68,-4.609999999999985,8,11,2,4,1,2,0.013999999999999957,0.0,0.018000000000000016,0.01200000000000001,-0.0050000000000000044,7.099999999999994,0.39,11,-11,1
2,1,0,0,1,1,-0.5999999999999943,-0.8999999999999915,0.25,0.44000000000000017,-31.11999999999999,0,-1,-3,3,-2,-1,-0.0020000000000000018,0.019000000000000017,-0.007999999999999896,0.0040000000000000036,-0.039000000000000035,-0.6000000000000085,0.19000000000000006,-2,2,1
1,7,-2,-4,1,1,4.0,-2.700000000000003,6.67,6.14,-4.009999999999991,2,4,3,1,-1,1,0.013000000000000012,0.010000000000000009,0.03300000000000003,0.02299999999999991,0.020000000000000018,0.20000000000000284,-0.53,13,-13,1
2,3,6,0,1,0,-3.5,-2.5999999999999943,-0.7999999999999998,-0.029999999999999805,-12.380000000000003,6,-2,1,3,1,1,-0.034999999999999976,-0.0050000000000000044,-0.030000000000000027,-0.02100000000000002,-0.03600000000000003,2.0,0.76,-3,3,1
1,2,2,0,0,1,13.100000000000009,-3.0999999999999943,16.33,16.11,-11.030000000000015,2,13,6,2,0,0,0.067,0.04099999999999998,0.05899999999999994,0.05799999999999994,-0.008000000000000007,-1.1000000000000085,-0.21999999999999997,32,-32,0
7,4,-4,-4,0,1,2.8999999999999915,-2.200000000000003,5.03,5.55,5.530000000000015,0,4,2,5,-1,0,0.024999999999999967,0.022999999999999965,0.015000000000000013,0.020000000000000018,-0.010000000000000009,1.7999999999999972,0.52,15,-15,0
10,4,-2,0,1,1,-0.29999999999999716,-4.599999999999994,4.22,4.0,25.48999999999998,-2,-1,-2,0,1,0,0.0010000000000000009,-0.01200000000000001,0.006000000000000005,-0.0020000000000000018,-0.025000000000000022,0.5,-0.22,14,-14,1
1,13,-4,2,1,1,-6.099999999999994,0.09999999999999432,-5.98,-5.54,40.08,-6,-13,-5,-4,-2,-1,-0.034999999999999976,-0.014000000000000012,-0.03700000000000003,-0.026999999999999913,0.01200000000000001,-6.199999999999989,0.44000000000000006,-14,14,1
5,2,6,-2,1,1,12.299999999999997,2.6000000000000085,9.659999999999998,9.51,-15.52000000000001,8,17,5,3,-1,-2,0.045999999999999985,0.065,0.04799999999999993,0.05699999999999994,0.0010000000000000009,3.700000000000003,-0.15000000000000002,23,-23,0
4,2,-4,4,1,0,1.2000000000000028,-0.09999999999999432,1.31,1.7300000000000004,-2.230000000000004,-8,0,-5,-1,0,1,-0.008000000000000007,-0.00599999999999995,0.0040000000000000036,0.0020000000000000018,0.014000000000000012,-0.9000000000000057,0.42,6,-6,1
2,4,6,-6,1,1,5.3999999999999915,-8.900000000000006,14.34,13.66,2.7299999999999898,12,2,0,-2,1,1,0.014000000000000012,0.027000000000000024,0.0050000000000000044,0.020000000000000018,0.015000000000000013,-2.700000000000003,-0.6799999999999999,32,-32,1
1,1,0,4,0,1,-4.3999999999999915,5.900000000000006,-10.389999999999999,-10.579999999999998,1.9500000000000028,-4,-5,-1,-1,-3,-1,0.0040000000000000036,0.013000000000000012,0.0010000000000000009,0.0050000000000000044,-0.06899999999999995,-0.7000000000000028,-0.19999999999999998,-20,20,0
1,2,2,-6,1,0,8.299999999999997,-8.799999999999997,17.1,16.98,-13.75,8,5,0,0,1,0,0.04299999999999998,0.03799999999999998,0.031000000000000028,0.04299999999999993,0.019000000000000017,-3.4000000000000057,-0.12,32,-32,1
13,2,-2,-6,1,0,5.0,1.3999999999999915,3.5399999999999996,3.48,-25.009999999999977,4,5,2,-1,0,0,0.020999999999999963,0.0020000000000000018,0.020000000000000018,0.013000000000000012,0.009000000000000008,0.5,-0.06,14,-14,1
2,1,6,-2,1,0,3.3999999999999915,-7.400000000000006,10.74,11.26,-36.809999999999995,8,4,0,9,-1,0,0.0010000000000000009,0.011999999999999955,-0.019000000000000017,-0.009999999999999898,-0.04200000000000004,1.1999999999999886,0.51,28,-28,1
1,2,6,-2,0,1,0.09999999999999432,-2.799999999999997,2.77,3.4700000000000006,-34.03999999999999,8,-3,-3,3,-1,-1,-0.019999999999999962,0.009000000000000008,-0.02299999999999991,-0.006000000000000005,0.0,-2.6000000000000085,0.7000000000000001,-1,1,0
4,8,-4,-2,0,1,-4.599999999999994,6.800000000000011,-11.33,-10.32,5.070000000000007,-2,-6,0,-2,1,0,-0.023999999999999966,-0.015000000000000013,-0.03200000000000003,-0.027999999999999914,-0.020000000000000018,-0.7000000000000028,1.01,-23,23,0
2,7,-2,2,0,1,5.0,7.6000000000000085,-2.6399999999999997,-1.7500000000000002,-11.209999999999994,-4,9,6,2,-1,0,0.020000000000000018,0.03899999999999998,0.018000000000000016,0.02499999999999991,-0.0010000000000000009,3.200000000000003,0.8899999999999999,-7,7,0
3,2,-6,2,1,1,-2.8999999999999915,4.800000000000011,-7.779999999999999,-6.68,-23.590000000000003,-8,-6,-3,0,-1,-1,-0.01599999999999996,-0.017000000000000015,-0.016000000000000014,-0.017000000000000015,-0.03500000000000003,-2.799999999999997,1.1,-22,22,0
2,7,6,0,1,1,-4.900000000000006,-4.299999999999997,-0.5900000000000003,-0.41000000000000014,-12.029999999999994,6,-7,-2,0,1,0,-0.05499999999999999,-0.01200000000000001,-0.04999999999999993,-0.03600000000000003,-0.006000000000000005,-1.0999999999999943,0.16999999999999998,-2,2,0
3,1,-2,2,1,1,5.700000000000003,4.5,1.29,1.8500000000000005,-2.559999999999988,-4,3,-1,-2,-1,1,0.019999999999999962,0.030000000000000027,0.03300000000000003,0.041999999999999926,0.062000000000000055,-2.6000000000000085,0.56,6,-6,1
7,8,-4,4,1,1,-1.0,3.200000000000003,-4.369999999999999,-4.21,-23.61999999999999,-8,-6,-1,-3,-1,-2,-0.0010000000000000009,-0.010000000000000009,-0.0010000000000000009,-0.006000000000000005,0.020000000000000018,-5.099999999999994,0.16999999999999998,-8,8,1
10,2,0,2,0,1,-7.299999999999997,0.8999999999999915,-7.9799999999999995,-7.6899999999999995,63.28,-2,-13,-6,1,-3,0,-0.04199999999999998,-0.01899999999999996,-0.05300000000000005,-0.041999999999999926,0.008000000000000007,-5.0,0.29000000000000004,-21,21,0
6,5,4,-2,1,0,12.099999999999994,-4.700000000000003,16.22,15.23,5.949999999999989,6,11,1,4,-1,2,0.025000000000000022,0.02400000000000002,0.05599999999999994,0.038999999999999924,0.01200000000000001,-0.7000000000000028,-0.99,35,-35,1
1,2,-4,2,1,0,4.900000000000006,-4.3999999999999915,9.459999999999999,9.47,-0.4300000000000068,-6,3,-1,0,0,0,0.01100000000000001,0.007000000000000006,0.008000000000000007,0.009000000000000008,-0.016000000000000014,-2.1000000000000085,0.010000000000000009,18,-18,1
1,2,0,-2,0,1,0.0,1.2999999999999972,-1.26,-0.6700000000000002,29.47,2,-3,0,-1,1,0,-0.007000000000000006,-0.02100000000000002,0.0020000000000000018,-0.0050000000000000044,0.03500000000000003,-1.7000000000000028,0.59,2,-2,0
2,4,4,4,1,1,-6.6000000000000085,-1.9000000000000057,-4.879999999999999,-3.9700000000000006,0.8000000000000114,0,-9,-3,-1,1,1,-0.009000000000000008,-0.010000000000000009,-0.030999999999999917,-0.018000000000000016,0.02100000000000002,-2.299999999999997,0.9099999999999999,-14,14,1
8,5,0,-4,1,0,1.7000000000000028,-1.7000000000000028,3.4299999999999997,2.42,4.6899999999999835,4,3,4,-3,1,1,0.009000000000000008,0.0040000000000000036,0.015999999999999903,0.01100000000000001,0.019000000000000017,0.7000000000000028,-1.01,11,-11,1
13,13,0,6,0,1,-5.8999999999999915,-1.2000000000000028,-4.63,-5.67,21.62000000000001,-6,-9,0,-6,1,1,-0.010000000000000009,-0.034999999999999976,0.015000000000000013,-0.0030000000000000027,0.03700000000000003,-2.5,-1.03,-11,11,0
5,2,-6,0,1,1,-1.5,-0.19999999999998863,-1.3399999999999999,-1.6199999999999999,25.62999999999998,-6,-5,0,-1,0,-1,-0.010999999999999954,0.0050000000000000044,-0.01200000000000001,-0.0040000000000000036,0.017000000000000015,-3.5999999999999943,-0.28,-7,7,0
2,4,4,-4,1,1,6.199999999999989,-8.400000000000006,14.43,13.74,-1.4300000000000068,8,4,0,1,-1,0,0.016000000000000014,0.030000000000000027,0.027000000000000024,0.03599999999999992,0.03500000000000003,-1.7999999999999972,-0.69,28,-28,0
9,2,4,-2,1,0,8.399999999999991,-10.700000000000003,19.1,18.99,-22.849999999999994,6,11,4,6,1,1,0.02799999999999997,0.032999999999999974,0.02200000000000002,0.030000000000000027,0.038999999999999924,2.5999999999999943,-0.1,44,-44,1
4,4,-2,0,1,1,-4.099999999999994,2.9000000000000057,-6.859999999999999,-6.04,0.44000000000001194,-2,-2,1,1,0,2,-0.020999999999999963,-0.01200000000000001,-0.007000000000000006,-0.014000000000000012,-0.026000000000000023,2.5999999999999943,0.8200000000000001,-17,17,1
1,11,-2,0,0,1,-3.8999999999999915,10.100000000000009,-14.0,-13.35,3.3599999999999994,-2,-1,1,2,-2,-1,-0.02799999999999997,-0.02300000000000002,-0.010000000000000009,-0.02100000000000002,-0.02300000000000002,2.5,0.6499999999999999,-33,33,0
2,3,4,0,1,1,4.5,-3.0999999999999943,7.59,7.960000000000001,-24.860000000000007,4,3,0,1,1,1,-0.007000000000000006,0.016000000000000014,0.0050000000000000044,0.014999999999999902,0.016000000000000014,-1.0,0.36,18,-18,1
2,2,-2,0,1,1,-4.0,-1.2999999999999972,-2.67,-2.5200000000000005,35.760000000000005,-2,-8,-5,-3,0,0,-0.027000000000000024,-0.010000000000000009,-0.015999999999999903,-0.01100000000000001,0.015000000000000013,-2.200000000000003,0.15000000000000002,0,0,1
2,2,0,4,1,0,2.1000000000000085,3.700000000000003,-1.44,-0.7199999999999998,-13.959999999999994,-4,-4,-1,-3,-1,0,0.008000000000000007,0.01100000000000001,0.0,0.010000000000000009,0.0010000000000000009,-5.700000000000003,0.72,-3,3,1
2,2,-2,2,1,1,-6.0,1.7000000000000028,-7.83,-7.46,-10.149999999999991,-4,-11,-4,-4,-1,-1,-0.02899999999999997,-0.024999999999999967,-0.029000000000000026,-0.03299999999999992,-0.02400000000000002,-4.5,0.37,-12,12,1
2,1,-2,2,1,0,-5.0,4.0,-9.059999999999999,-8.23,0.6500000000000057,-4,-6,-1,0,0,0,-0.013000000000000012,-0.026000000000000023,-0.025999999999999912,-0.025000000000000022,0.030000000000000027,-1.5999999999999943,0.84,-24,24,1
2,1,0,0,1,1,-11.200000000000003,2.299999999999997,-13.209999999999999,-12.69,38.260000000000005,0,-11,-4,3,-1,1,-0.055999999999999994,-0.02999999999999997,-0.05900000000000005,-0.051999999999999935,-0.017000000000000015,0.8999999999999915,0.52,-32,32,1
1,2,2,-2,1,1,8.0,-1.5,9.34,8.63,21.999999999999986,4,12,4,0,1,2,0.05099999999999999,0.02400000000000002,0.052999999999999936,0.041999999999999926,0.0020000000000000018,3.5,-0.7100000000000001,24,-24,1
1,7,4,-2,1,0,-0.9000000000000057,-1.7000000000000028,0.8199999999999998,1.44,-18.32,6,-2,3,2,2,0,-0.034999999999999976,-0.02300000000000002,-0.03200000000000003,-0.030000000000000027,0.014000000000000012,-0.5999999999999943,0.61,0,0,1
1,1,-2,2,1,1,2.6000000000000085,0.6000000000000085,2.04,2.41,-27.10000000000001,-4,-2,-2,-1,0,-1,0.008000000000000007,-0.010000000000000009,-0.0010000000000000009,-0.0030000000000000027,-0.0030000000000000027,-4.599999999999994,0.38,1,-1,0
16,5,-2,0,0,1,-2.6000000000000085,9.5,-12.32,-11.440000000000001,-0.9699999999999989,-2,3,2,2,-1,-1,-0.006000000000000005,0.017000000000000015,-0.014000000000000012,-0.0040000000000000036,0.0030000000000000027,4.800000000000011,0.8799999999999999,-23,23,0
2,2,-6,6,1,1,-1.7999999999999972,2.1000000000000085,-3.9499999999999997,-4.859999999999999,34.97999999999998,-12,-3,3,-4,0,-1,0.010000000000000009,0.014000000000000012,0.020000000000000018,0.02299999999999991,0.05300000000000005,-2.3999999999999915,-0.9,-15,15,0
2,2,2,-2,1,1,6.199999999999989,-8.400000000000006,14.43,13.74,-1.4300000000000068,4,4,0,1,-1,0,0.016000000000000014,0.030000000000000027,0.027000000000000024,0.03599999999999992,0.03500000000000003,-1.7999999999999972,-0.69,28,-28,1
2,5,4,0,1,0,13.0,-9.099999999999994,21.979999999999997,21.799999999999997,-34.27000000000001,4,16,3,-1,3,1,0.05199999999999999,0.034999999999999976,0.06000000000000005,0.05599999999999994,0.03599999999999992,2.4000000000000057,-0.17,49,-49,1
2,2,0,-4,1,1,2.5,-1.0,3.4700000000000006,3.84,-26.399999999999977,4,4,6,5,-1,1,0.01100000000000001,0.01599999999999996,0.014000000000000012,0.01200000000000001,-0.006000000000000005,1.8999999999999915,0.37,10,-10,1
5,2,-4,2,1,1,-0.20000000000000284,2.9000000000000057,-3.0999999999999996,-2.4699999999999998,32.99000000000001,-6,-2,-1,-1,0,0,0.0030000000000000027,0.0020000000000000018,0.0020000000000000018,0.0030000000000000027,-0.0040000000000000036,-0.5999999999999943,0.63,-5,5,1
2,6,-4,4,0,1,-9.399999999999991,9.300000000000011,-18.45,-16.79,-20.719999999999985,-8,-4,0,1,0,-2,-0.008000000000000007,-0.018000000000000016,-0.030999999999999917,-0.02300000000000002,-0.025000000000000022,4.299999999999997,1.66,-44,44,0
2,2,0,0,1,1,-5.5,7.099999999999994,-12.54,-11.36,13.79000000000002,0,-8,0,-2,-1,1,-0.013000000000000012,-0.0050000000000000044,-0.02499999999999991,-0.01200000000000001,0.03400000000000003,-2.700000000000003,1.18,-28,28,1
2,2,0,0,1,1,-8.200000000000003,-1.2999999999999972,-6.87,-6.640000000000001,10.600000000000009,0,-10,-7,-2,0,0,-0.055999999999999994,-0.033999999999999975,-0.050999999999999934,-0.04899999999999993,-0.008000000000000007,-1.0,0.22999999999999998,-14,14,1
3,2,4,0,1,0,-2.6000000000000085,-2.700000000000003,-0.1899999999999995,0.04999999999999982,-23.469999999999985,4,-9,-3,-4,0,-1,0.0030000000000000027,0.006000000000000005,-0.006000000000000005,0.0010000000000000009,0.01100000000000001,-5.799999999999997,0.24,2,-2,1
2,2,4,-4,1,1,8.0,-1.5,9.34,8.63,21.999999999999986,8,12,4,0,1,2,0.05099999999999999,0.02400000000000002,0.052999999999999936,0.041999999999999926,0.0020000000000000018,3.5,-0.7100000000000001,24,-24,1
8,16,2,4,1,1,-0.4000000000000057,4.0,-4.43,-4.97,-12.639999999999993,-2,4,1,-1,1,0,0.020999999999999963,-0.006000000000000005,0.02400000000000002,0.01100000000000001,0.01100000000000001,3.8999999999999915,-0.53,-8,8,1
5,3,0,-2,1,0,11.700000000000003,-4.799999999999997,16.54,15.73,-10.680000000000007,2,8,3,-1,0,-1,0.046999999999999986,0.033999999999999975,0.039000000000000035,0.04299999999999993,0.02200000000000002,-4.200000000000003,-0.81,33,-33,1
2,2,-2,0,0,1,0.7999999999999972,2.799999999999997,-2.0,-1.54,-9.159999999999997,-2,0,1,1,1,-1,-0.008000000000000007,-0.030000000000000027,-0.0050000000000000044,-0.016000000000000014,0.05600000000000005,-1.0999999999999943,0.47,-8,8,0
2,2,0,2,0,1,1.8000000000000114,-0.8999999999999915,2.7800000000000002,3.2800000000000002,11.529999999999987,-2,-5,-3,-3,0,0,0.009000000000000008,-0.0010000000000000009,0.006000000000000005,0.008000000000000007,-0.02400000000000002,-5.200000000000003,0.5,11,-11,0
8,2,0,-2,1,0,4.599999999999994,-6.800000000000011,11.33,10.32,-5.070000000000007,2,6,0,2,-1,0,0.023999999999999966,0.015000000000000013,0.03200000000000003,0.027999999999999914,0.020000000000000018,0.7000000000000028,-1.01,23,-23,1
2,2,-4,-2,0,1,-10.5,8.200000000000003,-18.88,-17.32,4.160000000000011,-2,-10,-2,1,-1,0,-0.03699999999999998,-0.03300000000000003,-0.040999999999999925,-0.039000000000000035,-0.0020000000000000018,0.20000000000000284,1.56,-47,47,0
1,2,2,-4,1,0,2.6999999999999886,-2.5,5.1000000000000005,4.88,-51.859999999999985,6,8,7,6,1,0,0.01799999999999996,0.01699999999999996,0.015000000000000013,0.016000000000000014,-0.0050000000000000044,5.199999999999989,-0.22000000000000003,16,-16,1
2,2,-6,-2,1,1,6.200000000000003,-3.6999999999999886,9.67,9.209999999999999,-13.250000000000028,-4,6,2,-2,1,-1,0.03500000000000003,0.02799999999999997,0.039000000000000035,0.038999999999999924,0.008000000000000007,-1.3999999999999915,-0.46,18,-18,1
11,6,0,2,0,1,-3.9000000000000057,-2.4000000000000057,-1.5300000000000002,-1.9500000000000002,12.039999999999992,-2,-3,0,1,0,-2,-0.007000000000000006,-0.009000000000000008,-0.028000000000000025,-0.02199999999999991,-0.026000000000000023,0.4000000000000057,-0.42,-4,4,0
2,2,2,4,0,1,-8.899999999999991,3.6000000000000085,-12.09,-10.95,-10.759999999999991,-2,-5,-2,-1,1,-1,-0.01200000000000001,-0.025999999999999968,-0.04399999999999993,-0.03599999999999992,-0.03700000000000003,3.0999999999999943,1.14,-25,25,0
6,2,6,-2,1,1,-4.6000000000000085,-5.200000000000003,0.6199999999999997,0.9999999999999996,-9.619999999999997,8,-7,-8,2,0,0,-0.05099999999999999,-0.02300000000000002,-0.05999999999999994,-0.050999999999999934,-0.03200000000000003,-1.2000000000000028,0.37,2,-2,0
2,7,4,4,0,1,-5.200000000000003,2.799999999999997,-8.209999999999999,-7.859999999999999,-7.059999999999988,0,-8,-2,-1,-1,-1,0.0,-0.0010000000000000009,-0.009000000000000008,-0.0040000000000000036,-0.02199999999999991,-2.5,0.33999999999999997,-18,18,0
2,12,4,2,1,0,-0.09999999999999432,2.799999999999997,-2.77,-3.4700000000000006,34.03999999999999,2,3,3,-3,1,1,0.019999999999999962,-0.009000000000000008,0.02299999999999991,0.006000000000000005,0.0,2.6000000000000085,-0.7000000000000001,1,-1,1
5,10,0,0,1,0,-6.5,-5.1000000000000085,-1.3399999999999999,-2.15,-23.75999999999999,0,-8,-3,-1,1,1,-0.033999999999999975,-0.04799999999999999,-0.029000000000000026,-0.04299999999999993,-0.010000000000000009,-1.5,-0.8099999999999999,-9,9,1
3,4,-2,-2,1,1,-3.700000000000003,4.299999999999997,-8.149999999999999,-7.74,-1.7999999999999972,0,-3,-4,-1,0,1,-0.019000000000000017,-0.012999999999999956,-0.0040000000000000036,-0.007000000000000006,0.030000000000000027,1.2000000000000028,0.41,-12,12,0
8,5,-4,-2,1,1,-6.299999999999997,-0.20000000000000284,-5.91,-6.21,-17.310000000000002,-2,-9,0,-3,0,-1,-0.04199999999999998,-0.020000000000000018,-0.03700000000000003,-0.030999999999999917,0.017000000000000015,-2.799999999999997,-0.30000000000000004,-13,13,0
7,1,-4,-4,1,0,-1.5,1.7000000000000028,-3.1999999999999993,-2.3,-22.389999999999986,0,0,3,4,0,0,-0.0020000000000000018,0.00599999999999995,-0.019000000000000017,-0.010999999999999899,-0.026000000000000023,1.6999999999999886,0.8999999999999999,-3,3,1
9,2,0,2,0,1,5.800000000000011,0.4000000000000057,5.45,5.800000000000001,-24.230000000000018,-2,3,2,0,0,0,0.03600000000000003,0.009000000000000008,0.02199999999999991,0.019000000000000017,-0.039000000000000035,-3.0,0.35000000000000003,11,-11,0
3,2,2,2,1,1,0.29999999999999716,5.8999999999999915,-5.48,-4.67,3.980000000000018,0,-2,2,-1,0,0,-0.008000000000000007,-0.009000000000000008,-0.0040000000000000036,-0.0030000000000000027,0.06000000000000005,-2.200000000000003,0.81,-12,12,1
2,1,-2,4,1,1,-3.8999999999999915,5.1000000000000085,-8.629999999999999,-7.699999999999999,-24.22999999999999,-6,0,1,0,1,-2,0.01599999999999996,-0.01100000000000001,-0.015999999999999903,-0.009000000000000008,0.007000000000000006,2.5,0.94,-21,21,0
5,4,-2,2,0,1,-2.1000000000000085,7.0,-8.99,-8.4,26.61,-4,0,1,4,-2,-1,-0.015000000000000013,0.02100000000000002,-0.03400000000000003,-0.013000000000000012,0.008000000000000007,1.5,0.59,-22,22,0
2,2,0,2,1,0,0.5999999999999943,-4.1000000000000085,4.66,4.18,-1.0600000000000165,-2,2,-3,1,0,-1,0.010999999999999954,0.0050000000000000044,-0.0010000000000000009,0.0050000000000000044,0.0,0.5,-0.48,10,-10,1
2,3,-4,2,1,0,-1.5,1.2000000000000028,-2.7399999999999998,-3.45,37.38999999999998,-6,-3,-3,-2,-1,-1,0.014000000000000012,0.0030000000000000027,0.010000000000000009,0.008000000000000007,0.027000000000000024,-2.5,-0.7,-11,11,1
3,1,0,-2,1,1,3.700000000000003,-1.7000000000000028,5.3,4.33,-32.370000000000005,2,2,3,-1,0,-1,0.007000000000000006,0.0050000000000000044,0.006000000000000005,0.006000000000000005,0.030000000000000027,-2.5,-0.97,12,-12,1
2,7,4,2,1,0,0.7000000000000028,-4.900000000000006,5.64,6.38,15.04999999999999,2,-4,-7,3,-2,0,-0.01699999999999996,-0.0050000000000000044,-0.03400000000000003,-0.025999999999999912,-0.03700000000000003,-4.0,0.73,12,-12,1
2,4,-4,-2,0,1,-6.5,7.400000000000006,-14.19,-13.3,-20.109999999999985,-2,-10,-2,-2,-2,-2,-0.024999999999999967,-0.017000000000000015,-0.016000000000000014,-0.020000000000000018,-0.01200000000000001,-3.299999999999997,0.8899999999999999,-31,31,0
2,2,2,-2,0,1,-10.0,2.5,-12.52,-11.48,14.120000000000005,4,-11,-4,-1,0,1,-0.04099999999999998,-0.04099999999999998,-0.05399999999999994,-0.051999999999999935,-0.014000000000000012,-1.0,1.04,-28,28,0
1,2,-2,6,0,1,-3.5999999999999943,8.700000000000003,-12.389999999999999,-12.12,-7.209999999999994,-8,-5,0,0,-2,-2,-0.0040000000000000036,-0.017000000000000015,-0.0040000000000000036,-0.01100000000000001,-0.0129999999999999,-1.7999999999999972,0.27,-28,28,0
12,4,-4,-4,1,1,5.1000000000000085,-0.8999999999999915,6.209999999999999,5.8500000000000005,16.159999999999982,0,2,-2,-5,1,0,0.015000000000000013,0.006000000000000005,0.018000000000000016,0.016999999999999904,0.0020000000000000018,-3.5,-0.36,6,-6,0
2,2,-4,-2,1,1,-2.0,1.0,-2.8200000000000003,-2.55,2.5799999999999983,-2,-6,-4,-4,0,0,-0.02100000000000002,-0.0040000000000000036,-0.008000000000000007,-0.0010000000000000009,0.039000000000000035,-3.299999999999997,0.27,-4,4,0
2,2,4,0,0,1,0.5999999999999943,-0.4000000000000057,1.01,0.22999999999999998,1.6499999999999915,4,4,3,-2,1,1,0.009000000000000008,0.0020000000000000018,0.005999999999999894,0.0010000000000000009,0.0040000000000000036,2.3000000000000114,-0.78,0,0,0
1,12,0,4,0,1,3.4000000000000057,4.0,-0.5600000000000005,-1.25,3.069999999999993,-4,3,3,-1,-1,-1,0.0040000000000000036,-0.0040000000000000036,0.008000000000000007,0.0,0.0030000000000000027,-0.7999999999999972,-0.69,1,-1,0
2,2,-2,0,1,1,4.0,2.5999999999999943,1.4100000000000001,1.85,-6.290000000000006,-2,5,5,2,1,0,0.020000000000000018,-0.01100000000000001,0.017999999999999905,0.006000000000000005,0.020000000000000018,0.5,0.44,2,-2,1
2,2,4,6,0,1,-4.3999999999999915,8.200000000000003,-12.11,-10.829999999999998,-11.089999999999975,-2,-2,2,-2,0,-1,0.01599999999999996,0.010000000000000009,-0.014999999999999902,0.0040000000000000036,0.01100000000000001,1.3999999999999915,1.28,-25,25,0
11,2,-2,2,1,0,7.299999999999997,-5.0,12.299999999999999,11.260000000000002,-4.3100000000000165,-4,8,-1,1,0,-2,0.025999999999999968,0.026000000000000023,0.029999999999999916,0.03200000000000003,0.0020000000000000018,0.5,-1.04,30,-30,1
3,2,2,-2,0,1,-5.3999999999999915,-6.400000000000006,1.08,0.040000000000000036,-20.72,4,-9,-2,-2,1,1,-0.033999999999999975,-0.045999999999999985,-0.019000000000000017,-0.03299999999999992,0.0050000000000000044,-3.1000000000000085,-1.04,2,-2,0
3,10,-4,4,0,1,-9.700000000000003,4.799999999999997,-14.67,-13.82,-26.37999999999998,-8,-9,-4,3,-1,-1,-0.04899999999999999,-0.032999999999999974,-0.04899999999999993,-0.04799999999999993,-0.01100000000000001,1.0,0.8500000000000001,-32,32,0
2,2,-2,0,1,1,-1.0999999999999943,-2.799999999999997,1.69,1.52,50.02999999999997,-2,-7,-4,-1,-2,-1,-0.006999999999999951,0.009000000000000008,-0.014000000000000012,-0.0030000000000000027,0.016000000000000014,-6.3999999999999915,-0.16999999999999998,-3,3,1
14,1,2,0,1,0,-1.8000000000000114,0.8999999999999915,-2.7800000000000002,-3.2800000000000002,-11.529999999999987,2,5,3,3,0,0,-0.009000000000000008,0.0010000000000000009,-0.006000000000000005,-0.008000000000000007,0.02400000000000002,5.200000000000003,-0.5,-11,11,1
6,2,6,-2,1,0,2.5999999999999943,-5.5,8.02,7.909999999999999,-16.409999999999997,8,-1,-1,-3,1,0,0.0030000000000000027,0.007000000000000006,0.0030000000000000027,0.0050000000000000044,0.03299999999999992,-3.299999999999997,-0.1,20,-20,1
2,6,-4,4,1,1,-4.099999999999994,9.600000000000009,-13.85,-13.48,10.260000000000012,-8,-2,3,-2,-1,-1,-0.0010000000000000009,-0.0030000000000000027,0.02200000000000002,0.014999999999999902,0.03600000000000003,1.4000000000000057,0.37999999999999995,-35,35,0
2,17,-2,2,1,1,5.0,1.5,3.46,3.25,-13.469999999999999,-4,5,3,1,0,-1,0.02799999999999997,0.014999999999999958,0.028000000000000025,0.026999999999999913,0.04400000000000004,-0.5999999999999943,-0.2,4,-4,1
3,3,2,0,1,1,-6.700000000000003,0.8999999999999915,-7.639999999999999,-7.08,3.25,2,-6,-2,0,0,1,-0.015000000000000013,-0.02100000000000002,-0.030999999999999917,-0.027000000000000024,-0.0020000000000000018,0.0,0.5599999999999999,-20,20,1
2,2,-4,4,0,1,-6.599999999999994,5.5,-11.77,-11.79,18.129999999999995,-8,-8,0,-3,-1,-1,-0.044999999999999984,-0.029000000000000026,-0.03500000000000003,-0.03699999999999992,-0.010000000000000009,-1.0999999999999943,-0.01999999999999999,-24,24,0
5,5,-2,-4,1,1,3.200000000000003,-1.7999999999999972,4.819999999999999,4.699999999999999,-25.78,2,6,5,-1,1,-1,0.028000000000000025,0.008999999999999952,0.02400000000000002,0.016000000000000014,-0.03500000000000003,2.1000000000000085,-0.12,11,-11,1
12,8,-2,0,0,1,-2.5999999999999943,-0.8999999999999915,-1.6199999999999997,-1.4699999999999998,5.939999999999998,-2,0,-2,1,-1,1,0.0,0.018000000000000016,0.0020000000000000018,0.009000000000000008,-0.050000000000000044,2.5999999999999943,0.15000000000000002,-3,3,0
7,12,0,2,1,0,0.3999999999999915,-7.799999999999997,8.0,7.7,-6.90000000000002,-2,0,-2,1,1,0,-0.009999999999999953,-0.0010000000000000009,-0.01100000000000001,-0.007000000000000006,-0.02100000000000002,0.20000000000000284,-0.30000000000000004,13,-13,1
4,3,-2,0,0,1,-4.599999999999994,8.200000000000003,-12.73,-12.15,16.830000000000005,-2,-4,-3,-3,0,0,0.0010000000000000009,-0.017000000000000015,-0.010000000000000009,-0.015999999999999903,-0.010000000000000009,0.3999999999999915,0.59,-27,27,0
2,12,0,-4,1,0,8.700000000000003,-4.400000000000006,13.23,12.48,-0.6400000000000148,4,9,5,0,1,1,0.05199999999999999,0.026000000000000023,0.03799999999999992,0.03600000000000003,-0.0040000000000000036,-0.20000000000000284,-0.75,33,-33,1
2,15,2,-2,1,0,-7.299999999999997,-6.6000000000000085,-0.6,-1.2799999999999998,14.870000000000005,4,-11,-4,-3,1,2,-0.032999999999999974,-0.03899999999999998,-0.02200000000000002,-0.03199999999999992,-0.031000000000000028,-2.1000000000000085,-0.69,1,-1,1
2,7,-4,-6,1,1,-1.7000000000000028,3.299999999999997,-5.329999999999999,-5.19,-4.3799999999999955,2,3,0,3,0,1,0.0020000000000000018,-0.008999999999999952,0.0040000000000000036,-0.006000000000000005,-0.009000000000000008,4.5,0.13999999999999999,-8,8,0
3,12,-6,0,0,1,-1.5999999999999943,5.299999999999997,-6.790000000000001,-6.4,1.8300000000000125,-6,-1,-3,-5,1,1,-0.01100000000000001,-0.025999999999999968,-0.0010000000000000009,-0.013000000000000012,-0.01100000000000001,1.2000000000000028,0.39,-13,13,0
2,2,4,0,0,1,-0.7000000000000028,-0.4000000000000057,-0.3600000000000001,-1.09,-8.489999999999995,4,4,4,2,0,0,-0.009000000000000008,0.0030000000000000027,0.0040000000000000036,0.0020000000000000018,0.039000000000000035,3.5999999999999943,-0.73,0,0,0
14,2,-2,-2,1,1,1.7999999999999972,-1.7000000000000028,3.63,3.34,-15.010000000000005,0,9,2,5,1,1,0.0,0.0010000000000000009,-0.006000000000000005,-0.0050000000000000044,0.0010000000000000009,5.700000000000003,-0.29000000000000004,-2,2,0
2,2,6,4,1,0,3.799999999999997,-6.799999999999997,10.639999999999999,11.02,-33.06999999999999,2,4,-2,4,1,0,-0.006000000000000005,0.006000000000000005,-0.008999999999999897,-0.0010000000000000009,0.029999999999999916,0.09999999999999432,0.39,18,-18,1
8,3,0,6,0,1,-6.199999999999989,6.1000000000000085,-11.87,-10.73,-20.56999999999998,-6,-2,3,-1,1,0,0.0030000000000000027,-0.01100000000000001,-0.019999999999999907,-0.016000000000000014,-0.025000000000000022,3.5999999999999943,1.14,-27,27,0
3,2,0,4,1,1,6.6000000000000085,1.9000000000000057,4.879999999999999,3.9700000000000006,-0.8000000000000114,-4,9,3,1,-1,-1,0.009000000000000008,0.010000000000000009,0.030999999999999917,0.018000000000000016,-0.02100000000000002,2.299999999999997,-0.9099999999999999,14,-14,1
4,3,0,0,1,0,6.799999999999997,-0.4000000000000057,7.08,6.26,-10.25,0,5,4,-1,0,-1,0.035999999999999976,0.02699999999999997,0.031000000000000028,0.03399999999999992,0.038000000000000034,-2.0999999999999943,-0.8200000000000001,15,-15,1
2,3,-2,0,1,1,1.3000000000000114,-2.299999999999997,3.61,3.5300000000000002,30.959999999999994,-2,-2,-4,-1,-3,0,0.014000000000000012,0.029000000000000026,0.008000000000000007,0.019000000000000017,-0.025000000000000022,-3.299999999999997,-0.07999999999999996,8,-8,0
2,9,0,4,1,1,1.5999999999999943,-1.5999999999999943,3.1,3.4200000000000004,3.6400000000000006,-4,-2,0,-1,0,0,-0.007999999999999952,0.015000000000000013,-0.0050000000000000044,0.008000000000000007,0.015000000000000013,-2.5,0.32,5,-5,1
2,2,-2,-4,1,1,3.1000000000000085,3.3000000000000114,-0.3200000000000003,0.5099999999999998,-33.81,2,5,2,-3,2,0,0.02200000000000002,0.007999999999999952,0.019000000000000017,0.015000000000000013,-0.029000000000000026,1.5,0.83,2,-2,1
1,2,0,0,1,1,-0.5999999999999943,5.5,-6.06,-6.01,12.820000000000014,0,0,0,-2,-1,1,0.014000000000000012,-0.007000000000000006,0.02300000000000002,0.007000000000000006,0.010000000000000009,0.5999999999999943,0.06,-14,14,0
1,4,-6,0,0,1,1.4000000000000057,3.4000000000000057,-1.9400000000000004,-1.8899999999999997,14.359999999999985,-6,-1,-6,-6,1,1,-0.0040000000000000036,-0.006999999999999951,0.014000000000000012,0.009999999999999898,0.03200000000000003,-2.299999999999997,0.05,-6,6,0
4,3,2,4,0,1,0.9000000000000057,8.5,-7.51,-7.52,19.890000000000022,-2,0,5,-5,-1,0,0.022999999999999965,0.025000000000000022,0.038000000000000034,0.041999999999999926,0.07200000000000006,-1.5,0.0,-16,16,0
6,3,-4,-4,1,0,-3.9000000000000057,-3.8000000000000114,0.23000000000000043,-0.5899999999999999,37.97,0,-7,-2,0,0,1,-0.02400000000000002,-0.010999999999999954,-0.041000000000000036,-0.030999999999999917,0.009000000000000008,-2.4000000000000057,-0.82,2,-2,1
5,2,2,-4,1,0,-0.20000000000000284,-1.9000000000000057,1.75,1.1,40.27999999999999,6,1,2,-4,1,2,0.010000000000000009,0.01100000000000001,0.0129999999999999,0.01200000000000001,-0.017000000000000015,1.7000000000000028,-0.66,10,-10,1
2,1,2,2,0,1,-5.699999999999989,-0.7000000000000028,-4.78,-5.54,14.719999999999999,0,-8,-2,-2,0,1,-0.03699999999999998,-0.05499999999999999,-0.017000000000000015,-0.038999999999999924,-0.02200000000000002,-1.4000000000000057,-0.76,-9,9,0
2,2,-4,2,1,1,-6.700000000000003,6.199999999999989,-13.0,-12.25,-14.32999999999997,-6,-3,-1,0,0,1,-0.026000000000000023,-0.03199999999999997,-0.019000000000000017,-0.029999999999999916,-0.013000000000000012,4.700000000000003,0.75,-19,19,0
2,2,-4,6,1,1,-2.8999999999999915,1.9000000000000057,-4.26,-3.4899999999999993,-0.6099999999999994,-10,6,2,3,2,0,0.01699999999999996,-0.0010000000000000009,-0.014999999999999902,-0.0030000000000000027,-0.013000000000000012,7.599999999999994,0.77,-13,13,0
2,7,6,2,1,0,6.200000000000003,-8.099999999999994,14.43,14.53,-19.890000000000015,4,3,-2,-1,2,1,0.01200000000000001,0.007000000000000006,0.0030000000000000027,0.008000000000000007,0.009999999999999898,-2.799999999999997,0.11000000000000001,29,-29,1
10,2,2,-4,1,1,6.299999999999997,0.20000000000000284,5.91,6.21,17.310000000000002,6,9,0,3,0,1,0.04199999999999998,0.020000000000000018,0.03700000000000003,0.030999999999999917,-0.017000000000000015,2.799999999999997,0.30000000000000004,13,-13,0
9,1,-2,4,1,1,0.6000000000000085,3.9000000000000057,-3.29,-3.5199999999999996,45.38,-6,-1,3,-5,0,0,0.023999999999999966,0.013000000000000012,0.04400000000000004,0.039999999999999925,0.04700000000000004,-1.0,-0.22,-2,2,1
9,2,2,-2,0,1,2.8999999999999915,1.0,1.85,1.26,-35.269999999999996,4,7,6,1,2,0,0.021999999999999964,0.01599999999999996,0.025000000000000022,0.02399999999999991,0.013000000000000012,3.799999999999997,-0.5900000000000001,4,-4,0
2,8,2,-6,1,0,6.599999999999994,-3.9000000000000057,10.33,9.879999999999999,-26.83999999999999,8,6,5,4,-1,-1,0.03199999999999997,0.02799999999999997,0.02100000000000002,0.026000000000000023,0.020000000000000018,-0.7000000000000028,-0.45,27,-27,1
3,2,2,2,1,0,3.5999999999999943,0.7999999999999972,2.73,2.5700000000000003,11.400000000000006,0,7,0,1,0,1,0.011999999999999955,0.019000000000000017,0.03300000000000003,0.03199999999999992,0.061000000000000054,3.0999999999999943,-0.16000000000000003,9,-9,1
1,2,-4,2,1,1,2.700000000000003,1.2999999999999972,1.5499999999999998,1.23,32.779999999999994,-6,8,-1,2,0,1,0.02799999999999997,0.0030000000000000027,0.028000000000000025,0.020000000000000018,0.02200000000000002,4.599999999999994,-0.31,0,0,0
2,4,-2,0,1,1,-0.29999999999999716,-5.8999999999999915,5.48,4.67,-3.980000000000018,-2,2,-2,1,0,0,0.008000000000000007,0.009000000000000008,0.0040000000000000036,0.0030000000000000027,-0.06000000000000005,2.200000000000003,-0.81,12,-12,1
4,8,0,0,0,1,3.3000000000000114,4.5,-1.1099999999999999,-1.1800000000000002,-3.3700000000000045,0,7,5,2,0,0,0.03799999999999998,-0.0010000000000000009,0.03299999999999992,0.016000000000000014,-0.019000000000000017,2.5,-0.06999999999999999,1,-1,0
3,5,2,4,1,0,3.200000000000003,-2.0999999999999943,5.4399999999999995,5.220000000000001,-3.8700000000000045,-2,6,0,2,0,0,0.0050000000000000044,0.014000000000000012,0.02299999999999991,0.018000000000000016,-0.02400000000000002,3.0999999999999943,-0.21999999999999997,13,-13,1
2,3,2,-4,1,1,9.200000000000003,-2.299999999999997,11.34,10.78,-1.200000000000017,6,12,5,-5,2,1,0.057999999999999996,0.02899999999999997,0.06899999999999995,0.05699999999999994,0.006000000000000005,2.3000000000000114,-0.56,31,-31,1
2,2,-4,-4,1,1,-9.900000000000006,2.8999999999999915,-12.92,-12.72,13.900000000000006,0,-8,-2,-1,0,1,-0.03899999999999998,-0.021999999999999964,-0.03600000000000003,-0.03599999999999992,-0.028000000000000025,2.700000000000003,0.19,-22,22,1
15,2,6,4,1,1,7.099999999999994,-1.8000000000000114,8.549999999999999,8.17,-3.999999999999986,2,5,0,1,-1,2,-0.0030000000000000027,0.0010000000000000009,0.03299999999999992,0.015000000000000013,0.008000000000000007,-0.5,-0.37999999999999995,24,-24,0
8,2,2,-6,1,1,4.099999999999994,-9.600000000000009,13.85,13.48,-10.260000000000012,8,2,-3,2,1,1,0.0010000000000000009,0.0030000000000000027,-0.02200000000000002,-0.014999999999999902,-0.03600000000000003,-1.4000000000000057,-0.37999999999999995,35,-35,1
2,3,6,2,1,0,5.299999999999997,-5.599999999999994,10.969999999999999,10.969999999999999,4.609999999999999,4,5,1,0,2,1,0.006000000000000005,0.01200000000000001,0.009000000000000008,0.013000000000000012,0.04499999999999993,0.20000000000000284,0.010000000000000009,24,-24,1
2,3,2,0,1,0,0.20000000000000284,0.29999999999999716,-0.07000000000000006,0.6699999999999999,57.39,2,-4,-5,-1,-2,0,0.007000000000000006,0.006000000000000005,0.0,0.0040000000000000036,-0.0050000000000000044,-3.3999999999999915,0.74,-1,1,1
1,6,0,-4,1,1,5.5,-1.2000000000000028,6.65,6.42,-0.7900000000000205,4,7,2,2,0,-1,0.04099999999999998,0.019000000000000017,0.026999999999999913,0.029000000000000026,-0.0040000000000000036,0.5,-0.22999999999999998,16,-16,0
10,10,2,0,1,1,4.699999999999989,-9.600000000000009,14.09,13.43,-7.519999999999996,2,3,-1,1,0,0,0.02999999999999997,0.026000000000000023,0.03200000000000003,0.03699999999999992,0.04300000000000004,-1.5999999999999943,-0.6599999999999999,29,-29,1
1,2,-2,2,0,1,-2.6000000000000085,9.5,-12.32,-11.440000000000001,-0.9699999999999989,-4,3,2,2,-1,-1,-0.006000000000000005,0.017000000000000015,-0.014000000000000012,-0.0040000000000000036,0.0030000000000000027,4.800000000000011,0.8799999999999999,-23,23,0
6,2,-2,2,0,1,-8.099999999999994,4.299999999999997,-12.11,-12.100000000000001,12.040000000000006,-4,-9,-1,-3,0,-1,-0.031000000000000028,-0.03300000000000003,-0.030000000000000027,-0.03599999999999992,-0.0020000000000000018,-0.8999999999999915,0.010000000000000009,-23,23,0
7,7,6,-4,0,1,-4.200000000000003,-0.09999999999999432,-4.289999999999999,-4.68,4.609999999999985,10,-11,-2,-4,-1,-2,-0.013999999999999957,0.0,-0.018000000000000016,-0.01200000000000001,0.0050000000000000044,-7.099999999999994,-0.39,-11,11,0
4,8,-6,-2,0,1,-4.0,4.799999999999997,-8.71,-8.41,20.89999999999999,-4,-6,-3,-5,2,0,-0.03199999999999997,-0.045999999999999985,-0.02300000000000002,-0.03500000000000003,0.030000000000000027,-1.8999999999999915,0.3,-24,24,0
6,2,2,-2,0,1,-1.2000000000000028,0.09999999999999432,-1.31,-1.7300000000000004,2.230000000000004,4,0,5,1,0,-1,0.008000000000000007,0.00599999999999995,-0.0040000000000000036,-0.0020000000000000018,-0.014000000000000012,0.9000000000000057,-0.42,-6,6,0
3,2,0,2,1,1,0.9000000000000057,3.0,-2.08,-2.1100000000000003,47.79,-2,-1,-3,-3,-1,0,0.02799999999999997,0.0020000000000000018,0.03400000000000003,0.025000000000000022,0.02100000000000002,-1.1000000000000085,-0.01999999999999999,2,-2,0
4,2,-4,-4,0,1,-9.400000000000006,0.3999999999999915,-9.59,-9.68,41.480000000000004,0,-11,-3,1,-1,1,-0.04799999999999999,-0.01799999999999996,-0.05600000000000005,-0.04499999999999993,-0.02300000000000002,-0.6000000000000085,-0.1,-21,21,0
2,2,2,-6,1,0,5.299999999999997,-6.1000000000000085,11.57,10.19,36.76999999999998,8,5,3,-5,2,2,0.033999999999999975,0.018000000000000016,0.027999999999999914,0.026000000000000023,0.015000000000000013,-0.09999999999999432,-1.38,33,-33,1
2,3,4,-2,1,0,4.3999999999999915,-8.200000000000003,12.11,10.829999999999998,11.089999999999975,6,2,-2,2,0,1,-0.01599999999999996,-0.010000000000000009,0.014999999999999902,-0.0040000000000000036,-0.01100000000000001,-1.3999999999999915,-1.28,25,-25,1
1,2,2,0,0,1,-4.5,1.7000000000000028,-6.1899999999999995,-6.130000000000001,13.100000000000009,2,-5,3,0,0,-1,-0.01799999999999996,-0.014000000000000012,-0.027000000000000024,-0.026999999999999913,-0.026000000000000023,-0.09999999999999432,0.06000000000000001,-14,14,0
3,1,2,-2,1,1,2.3999999999999915,0.8999999999999915,1.42,0.8399999999999999,13.63000000000001,4,7,5,2,0,0,0.019999999999999962,0.024999999999999967,0.029000000000000026,0.029999999999999916,0.04700000000000004,4.0,-0.5800000000000001,3,-3,1
2,10,2,6,1,1,-5.0,3.299999999999997,-8.36,-7.7299999999999995,-13.96,-4,-7,-4,3,-2,-1,-0.02699999999999997,-0.02100000000000002,-0.041000000000000036,-0.039999999999999925,-0.08099999999999996,-1.4000000000000057,0.61,-16,16,1
3,7,-4,4,0,1,-7.299999999999997,5.0,-12.299999999999999,-11.260000000000002,4.3100000000000165,-8,-8,1,-1,0,2,-0.025999999999999968,-0.026000000000000023,-0.029999999999999916,-0.03200000000000003,-0.0020000000000000018,-0.5,1.04,-30,30,0
15,12,2,0,1,1,-4.900000000000006,-4.299999999999997,-0.5900000000000003,-0.41000000000000014,-12.029999999999994,2,-7,-2,0,1,0,-0.05499999999999999,-0.01200000000000001,-0.04999999999999993,-0.03600000000000003,-0.006000000000000005,-1.0999999999999943,0.16999999999999998,-2,2,1
1,2,0,-2,1,0,5.5,-5.200000000000003,10.65,10.04,30.959999999999994,2,3,0,0,-1,0,0.02699999999999997,0.019000000000000017,0.04400000000000004,0.040999999999999925,0.031000000000000028,-1.5,-0.61,29,-29,1
2,6,2,2,1,1,0.29999999999999716,-5.700000000000003,5.86,5.58,-35.44,0,-1,0,0,1,0,0.0030000000000000027,0.009000000000000008,-0.0020000000000000018,0.006000000000000005,0.027000000000000024,-1.7000000000000028,-0.28,11,-11,1
4,3,-2,2,1,1,-3.9000000000000057,1.4000000000000057,-5.2299999999999995,-5.0,-25.019999999999996,-4,2,2,2,2,1,-0.014000000000000012,-0.01100000000000001,-0.006000000000000005,-0.010000000000000009,-0.025000000000000022,5.8999999999999915,0.22999999999999998,-11,11,0
8,2,2,-2,0,1,-2.700000000000003,0.09999999999999432,-2.9499999999999997,-3.06,-21.019999999999996,4,-6,-2,-3,-1,-1,-0.0030000000000000027,-0.0050000000000000044,-0.006000000000000005,-0.008000000000000007,-0.01200000000000001,-3.5,-0.11000000000000001,-4,4,0
2,2,-6,4,0,1,-4.699999999999989,6.700000000000003,-11.23,-11.440000000000001,23.819999999999993,-10,-4,-3,-5,1,0,-0.014000000000000012,-0.035999999999999976,-0.008000000000000007,-0.025000000000000022,-0.009000000000000008,0.10000000000000853,-0.21,-25,25,0
2,2,4,-2,0,1,-2.4000000000000057,-0.5,-1.92,-2.0100000000000002,19.06999999999998,6,-5,0,0,1,-1,-0.020999999999999963,-0.020000000000000018,-0.02200000000000002,-0.02200000000000002,0.041000000000000036,-3.0999999999999943,-0.09000000000000002,-11,11,0
1,1,4,0,1,1,0.29999999999999716,-5.700000000000003,5.86,5.58,-35.44,4,-1,0,0,1,0,0.0030000000000000027,0.009000000000000008,-0.0020000000000000018,0.006000000000000005,0.027000000000000024,-1.7000000000000028,-0.28,11,-11,1
2,6,-4,2,1,1,-6.799999999999997,1.0,-7.549999999999999,-7.27,14.379999999999995,-6,-13,-5,0,-1,0,-0.03999999999999998,-0.02799999999999997,-0.05700000000000005,-0.04799999999999993,-0.026000000000000023,-5.200000000000003,0.28,-20,20,0
3,5,-2,0,1,1,-2.0,1.0,-2.8200000000000003,-2.55,2.5799999999999983,-2,-6,-4,-4,0,0,-0.02100000000000002,-0.0040000000000000036,-0.008000000000000007,-0.0010000000000000009,0.039000000000000035,-3.299999999999997,0.27,-4,4,0
4,8,4,2,1,1,4.3999999999999915,-7.200000000000003,11.649999999999999,11.25,-31.42,2,8,1,2,2,1,0.0030000000000000027,0.008000000000000007,-0.0030000000000000027,0.0,0.03399999999999992,2.4000000000000057,-0.39,18,-18,0
1,2,-4,-6,1,0,3.3999999999999915,-4.700000000000003,8.21,7.1,-25.310000000000002,2,6,4,-1,3,1,0.01799999999999996,0.008000000000000007,0.01200000000000001,0.01100000000000001,0.0010000000000000009,2.5999999999999943,-1.1099999999999999,23,-23,1
2,11,4,-2,1,0,13.799999999999997,-8.0,21.549999999999997,20.42,10.329999999999984,6,8,1,1,-1,1,0.02300000000000002,0.032999999999999974,0.051999999999999935,0.04499999999999993,0.02100000000000002,-5.200000000000003,-1.13,43,-43,1
4,2,4,-2,0,1,5.0,-4.0,9.059999999999999,8.23,-0.6500000000000057,6,6,1,0,0,0,0.013000000000000012,0.026000000000000023,0.025999999999999912,0.025000000000000022,-0.030000000000000027,1.5999999999999943,-0.84,24,-24,0
12,4,-2,-4,1,1,-2.700000000000003,-2.5,-0.2200000000000002,-0.21999999999999975,9.809999999999988,2,-3,-5,0,0,-1,-0.015000000000000013,-0.014999999999999958,-0.02400000000000002,-0.019999999999999907,-0.01200000000000001,-0.5,0.0,2,-2,1
5,2,2,-4,1,0,2.299999999999997,-5.0,7.1,6.14,-9.920000000000016,6,2,0,0,1,-1,0.008000000000000007,-0.009000000000000008,0.0020000000000000018,-0.006000000000000005,-0.010000000000000009,-0.3999999999999915,-0.96,15,-15,1
2,3,-2,-4,0,1,1.0,10.300000000000011,-9.31,-7.89,-7.200000000000003,2,5,3,1,0,-1,0.007000000000000006,0.02899999999999997,-0.015000000000000013,0.0020000000000000018,-0.02100000000000002,3.0,1.42,-20,20,0
4,8,-2,2,1,1,3.4000000000000057,1.7000000000000028,1.6600000000000001,2.29,-37.41,-4,4,2,5,-1,-1,0.018000000000000016,0.008000000000000007,0.010000000000000009,0.010000000000000009,-0.019000000000000017,-0.10000000000000853,0.63,0,0,0
2,6,4,4,1,1,-0.29999999999999716,0.9000000000000057,-1.21,-1.4099999999999997,-2.4099999999999966,0,0,6,-2,1,0,-0.0040000000000000036,0.01100000000000001,0.010000000000000009,0.014999999999999902,0.026000000000000023,0.10000000000000853,-0.2,-4,4,0
2,1,0,0,1,1,-1.7000000000000028,-3.1000000000000085,1.42,1.15,2.5999999999999943,0,0,-1,0,0,1,-0.0020000000000000018,0.0050000000000000044,-0.0050000000000000044,-0.0020000000000000018,-0.03200000000000003,1.5999999999999943,-0.28,4,-4,0
2,6,2,-6,1,0,1.5999999999999943,-5.299999999999997,6.790000000000001,6.4,-1.8300000000000125,8,1,3,5,-1,-1,0.01100000000000001,0.025999999999999968,0.0010000000000000009,0.013000000000000012,0.01100000000000001,-1.2000000000000028,-0.39,13,-13,1
2,3,-4,-2,0,1,-10.400000000000006,3.5999999999999943,-13.959999999999999,-13.89,17.860000000000014,-2,-17,-4,-2,-2,-1,-0.04899999999999999,-0.02799999999999997,-0.05700000000000005,-0.050999999999999934,-0.0030000000000000027,-5.700000000000003,0.06999999999999999,-29,29,0
2,2,2,2,1,0,7.6000000000000085,-3.3999999999999915,11.1,10.64,-27.750000000000014,0,4,-1,-1,0,-1,0.02100000000000002,0.016000000000000014,0.02499999999999991,0.02200000000000002,-0.03300000000000003,-3.0,-0.45999999999999996,25,-25,1
4,2,4,-4,1,0,9.700000000000003,-4.799999999999997,14.67,13.82,26.37999999999998,8,9,4,-3,1,1,0.04899999999999999,0.032999999999999974,0.04899999999999993,0.04799999999999993,0.01100000000000001,-1.0,-0.8500000000000001,32,-32,1
8,6,2,-2,1,1,-5.199999999999989,-6.1000000000000085,1.0099999999999998,0.71,36.67,4,-13,-7,-3,-1,1,-0.02699999999999997,-0.03999999999999998,-0.019000000000000017,-0.028999999999999915,0.0,-6.5,-0.29999999999999993,1,-1,1
2,4,-2,-2,1,0,-1.9000000000000057,-4.1000000000000085,2.3199999999999994,1.6399999999999997,10.61,0,-5,-1,-2,-1,-1,-0.015000000000000013,-0.0030000000000000027,-0.0030000000000000027,0.0,0.03300000000000003,-2.6999999999999886,-0.6799999999999999,5,-5,1
2,8,4,4,0,1,-2.0999999999999943,3.200000000000003,-5.01,-4.6899999999999995,-21.00999999999999,0,0,2,-2,1,-2,0.023999999999999966,0.0010000000000000009,-0.0129999999999999,-0.0020000000000000018,0.0010000000000000009,1.0,0.31999999999999995,-10,10,0
7,3,2,4,1,0,-0.6999999999999886,1.9000000000000057,-2.52,-3.0300000000000002,2.9200000000000017,-2,2,0,0,-1,0,0.01799999999999996,0.010000000000000009,0.015000000000000013,0.010000000000000009,-0.039000000000000035,2.0,-0.51,-1,1,1
2,2,2,2,1,1,4.3999999999999915,-7.200000000000003,11.649999999999999,11.25,-31.42,0,8,1,2,2,1,0.0030000000000000027,0.008000000000000007,-0.0030000000000000027,0.0,0.03399999999999992,2.4000000000000057,-0.39,18,-18,1
9,5,-6,4,1,1,1.2000000000000028,7.599999999999994,-6.3,-6.109999999999999,22.30000000000002,-10,0,-1,-3,-2,0,0.02699999999999997,0.014000000000000012,0.028000000000000025,0.027000000000000024,0.04600000000000004,-1.6000000000000085,0.2,-12,12,0
3,2,4,-4,1,1,0.6999999999999886,-6.900000000000006,7.42,7.29,-3.510000000000005,8,-1,-4,0,1,-1,0.01699999999999996,0.016000000000000014,-0.0010000000000000009,0.014000000000000012,0.02300000000000002,-1.7999999999999972,-0.13,16,-16,1
1,1,2,4,1,1,-11.199999999999989,-1.5,-9.229999999999999,-8.979999999999999,-9.359999999999985,-2,-11,-3,-3,2,0,-0.017000000000000015,-0.04999999999999999,-0.03799999999999992,-0.040999999999999925,-0.02400000000000002,0.3999999999999915,0.25,-20,20,1
6,2,-4,-6,1,1,-5.1000000000000085,0.8999999999999915,-6.209999999999999,-5.8500000000000005,-16.159999999999982,2,-2,2,5,-1,0,-0.015000000000000013,-0.006000000000000005,-0.018000000000000016,-0.016999999999999904,-0.0020000000000000018,3.5,0.36,-6,6,0
5,7,0,-4,1,1,3.200000000000003,-1.7999999999999972,4.819999999999999,4.699999999999999,-25.78,4,6,5,-1,1,-1,0.028000000000000025,0.008999999999999952,0.02400000000000002,0.016000000000000014,-0.03500000000000003,2.1000000000000085,-0.12,11,-11,1
7,1,0,2,1,1,-1.1000000000000085,1.2999999999999972,-2.42,-2.19,-3.039999999999992,-2,1,-1,1,0,0,0.0,-0.0020000000000000018,-0.010000000000000009,-0.010000000000000009,-0.015000000000000013,1.6000000000000085,0.23,-11,11,0
5,7,0,2,1,0,0.5999999999999943,2.6999999999999886,-2.12,-1.9400000000000002,-1.129999999999967,-2,7,3,2,0,1,0.004999999999999949,0.0,0.018000000000000016,0.009000000000000008,0.018000000000000016,6.599999999999994,0.18,2,-2,1
2,2,4,-4,1,0,5.5,-6.5,11.91,10.71,1.4899999999999949,8,6,0,1,-2,0,0.033999999999999975,0.040000000000000036,0.04200000000000004,0.04599999999999993,-0.0040000000000000036,0.20000000000000284,-1.2,27,-27,1
13,5,-6,0,1,1,-0.5,5.700000000000003,-6.359999999999999,-5.84,-9.959999999999994,-6,1,2,2,-1,-1,0.0040000000000000036,0.007999999999999952,0.013000000000000012,0.0129999999999999,0.01200000000000001,1.2000000000000028,0.52,-19,19,1
3,1,4,-4,1,1,0.5999999999999943,-5.5,6.06,6.01,-12.820000000000014,8,0,0,2,1,-1,-0.014000000000000012,0.007000000000000006,-0.02300000000000002,-0.007000000000000006,-0.010000000000000009,-0.5999999999999943,-0.06,14,-14,0
1,5,-6,2,0,1,-4.099999999999994,11.799999999999997,-15.87,-15.25,5.930000000000021,-8,-7,1,-2,-3,-1,-0.0040000000000000036,0.0040000000000000036,-0.0030000000000000027,0.0020000000000000018,-0.008999999999999897,-2.9000000000000057,0.61,-32,32,0
13,5,0,-2,0,1,-3.200000000000003,0.20000000000000284,-3.41,-3.39,-2.8699999999999903,2,-5,-4,-1,0,-1,-0.028000000000000025,-0.019000000000000017,-0.02299999999999991,-0.02200000000000002,0.03600000000000003,-1.5999999999999943,0.03,-10,10,0
1,3,4,4,1,1,-0.20000000000000284,-0.5,0.15000000000000036,-0.1299999999999999,6.900000000000013,0,-1,2,-4,1,0,0.02699999999999997,0.020000000000000018,0.03200000000000003,0.03599999999999992,0.05900000000000005,-1.0999999999999943,-0.27,-2,2,1
3,5,-2,2,1,1,-3.5,-1.2000000000000028,-2.1999999999999997,-1.8599999999999999,-0.6200000000000045,-4,0,-2,2,0,1,-0.010000000000000009,-0.007000000000000006,-0.008000000000000007,-0.009000000000000008,-0.026000000000000023,3.0999999999999943,0.33999999999999997,-7,7,1
2,6,4,2,1,1,-5.200000000000003,2.0999999999999943,-7.309999999999999,-7.130000000000001,40.92999999999999,2,-5,1,-4,1,2,-0.0030000000000000027,-0.015000000000000013,-0.013000000000000012,-0.013000000000000012,0.013000000000000012,0.10000000000000853,0.17999999999999994,-14,14,1
2,2,0,-2,1,1,-6.099999999999994,0.09999999999999432,-5.98,-5.54,40.08,2,-13,-5,-4,-2,-1,-0.034999999999999976,-0.014000000000000012,-0.03700000000000003,-0.026999999999999913,0.01200000000000001,-6.199999999999989,0.44000000000000006,-14,14,0
9,2,0,4,1,1,1.1000000000000085,1.5,-0.15000000000000036,-0.3600000000000003,17.379999999999995,-4,8,2,4,1,1,0.010999999999999954,-0.010000000000000009,0.01100000000000001,0.0,-0.0030000000000000027,6.0,-0.21,-1,1,0
1,5,-2,6,0,1,-0.9000000000000057,-0.30000000000001137,-0.5800000000000001,-0.3900000000000001,-6.560000000000002,-8,0,0,1,1,0,-0.010000000000000009,-0.025000000000000022,-0.010000000000000009,-0.018000000000000016,0.02400000000000002,0.5,0.18999999999999997,-4,4,0
1,8,6,4,1,1,7.099999999999994,4.700000000000003,2.35,2.38,25.409999999999982,2,12,6,-1,0,0,0.04299999999999998,0.04999999999999999,0.03499999999999992,0.04399999999999993,0.014000000000000012,3.8000000000000114,0.029999999999999916,9,-9,0
6,1,-4,-2,0,1,-2.6999999999999886,2.5,-5.1000000000000005,-4.88,51.859999999999985,-2,-8,-7,-6,-1,0,-0.01799999999999996,-0.01699999999999996,-0.015000000000000013,-0.016000000000000014,0.0050000000000000044,-5.199999999999989,0.22000000000000003,-16,16,0
5,2,2,-4,1,0,13.299999999999997,-5.5,18.22,17.38,-17.250000000000014,6,11,2,-1,0,1,0.03200000000000003,0.02899999999999997,0.07199999999999995,0.05399999999999994,0.016000000000000014,-1.8999999999999915,-0.84,42,-42,1
3,1,0,2,0,1,-3.200000000000003,2.0999999999999943,-5.4399999999999995,-5.220000000000001,3.8700000000000045,-2,-6,0,-2,0,0,-0.0050000000000000044,-0.014000000000000012,-0.02299999999999991,-0.018000000000000016,0.02400000000000002,-3.0999999999999943,0.21999999999999997,-13,13,0
2,3,2,-4,1,1,7.299999999999997,-3.5,10.879999999999999,10.31,13.200000000000003,6,10,4,2,0,0,0.030999999999999972,0.03199999999999997,0.03700000000000003,0.038999999999999924,0.031000000000000028,1.8999999999999915,-0.5700000000000001,21,-21,1
5,2,-4,0,0,1,-3.0999999999999943,7.0,-9.99,-8.7,-20.559999999999974,-4,-1,0,-1,1,1,-0.013000000000000012,-0.020000000000000018,-0.020000000000000018,-0.02399999999999991,-0.03700000000000003,2.8999999999999915,1.29,-16,16,0
2,5,-2,0,1,0,4.299999999999997,1.2000000000000028,3.09,3.66,19.89,-2,3,-4,-1,0,1,0.020999999999999963,0.016000000000000014,0.029000000000000026,0.029999999999999916,0.02200000000000002,-0.5,0.5700000000000001,9,-9,1
12,11,4,0,1,0,8.099999999999994,-4.299999999999997,12.11,12.100000000000001,-12.040000000000006,4,9,1,3,0,1,0.031000000000000028,0.03300000000000003,0.030000000000000027,0.03599999999999992,0.0020000000000000018,0.8999999999999915,-0.010000000000000009,23,-23,1
5,3,-2,0,1,1,2.200000000000003,3.0,-0.9599999999999995,-0.8199999999999998,-20.75,-2,-1,3,-2,-1,-1,0.027000000000000024,0.009000000000000008,0.02199999999999991,0.016000000000000014,-0.016000000000000014,-3.5,0.14,2,-2,1
2,2,-4,2,0,1,-9.099999999999994,12.900000000000006,-22.21,-21.21,-3.6999999999999886,-6,-9,-1,1,-3,-2,-0.02799999999999997,-0.02400000000000002,-0.019000000000000017,-0.025000000000000022,-0.04499999999999993,0.0,0.99,-51,51,0
2,2,-6,-2,1,1,1.7999999999999972,2.0999999999999943,-0.2400000000000002,-0.09999999999999964,9.480000000000004,-4,0,-1,-1,-1,-1,0.012999999999999956,0.02100000000000002,0.0050000000000000044,0.020000000000000018,0.03600000000000003,-2.200000000000003,0.14,2,-2,1
5,3,0,2,0,1,-3.299999999999997,3.0,-6.279999999999999,-6.23,22.630000000000003,-2,-3,-5,-2,-1,0,-0.0010000000000000009,-0.021999999999999964,-0.0010000000000000009,-0.0129999999999999,-0.0020000000000000018,0.09999999999999432,0.06,-12,12,0
2,11,0,6,0,1,1.6000000000000085,5.900000000000006,-4.18,-4.26,-0.15000000000000568,-6,3,2,1,-1,-1,-0.0040000000000000036,-0.016000000000000014,0.0050000000000000044,-0.007000000000000006,0.009000000000000008,0.7000000000000028,-0.06999999999999999,-10,10,0
7,2,2,2,1,1,0.6000000000000085,3.9000000000000057,-3.29,-3.5199999999999996,45.38,0,-1,3,-5,0,0,0.023999999999999966,0.013000000000000012,0.04400000000000004,0.039999999999999925,0.04700000000000004,-1.0,-0.22,-2,2,1
7,2,0,4,1,1,5.199999999999989,6.1000000000000085,-1.0099999999999998,-0.71,-36.67,-4,13,7,3,1,-1,0.02699999999999997,0.03999999999999998,0.019000000000000017,0.028999999999999915,0.0,6.5,0.29999999999999993,-1,1,1
2,2,2,-6,1,0,13.299999999999997,-5.5,18.22,17.38,-17.250000000000014,8,11,2,-1,0,1,0.03200000000000003,0.02899999999999997,0.07199999999999995,0.05399999999999994,0.016000000000000014,-1.8999999999999915,-0.84,42,-42,1
3,3,-2,-2,0,1,-10.0,1.5,-11.21,-10.54,15.060000000000002,0,-11,-3,-2,0,0,-0.04899999999999999,-0.025000000000000022,-0.04300000000000004,-0.03699999999999992,-0.013000000000000012,-0.29999999999999716,0.67,-25,25,0
5,7,2,4,1,1,5.200000000000003,-2.0999999999999943,7.309999999999999,7.130000000000001,-40.92999999999999,-2,5,-1,4,-1,-2,0.0030000000000000027,0.015000000000000013,0.013000000000000012,0.013000000000000012,-0.013000000000000012,-0.10000000000000853,-0.17999999999999994,14,-14,0
6,2,0,-4,1,1,6.700000000000003,-6.199999999999989,13.0,12.25,14.32999999999997,4,3,1,0,0,-1,0.026000000000000023,0.03199999999999997,0.019000000000000017,0.029999999999999916,0.013000000000000012,-4.700000000000003,-0.75,19,-19,0
2,5,-4,4,1,1,-2.1999999999999886,2.6000000000000085,-4.67,-4.46,2.9599999999999795,-8,-8,-6,-7,1,0,-0.01599999999999996,-0.025999999999999968,-0.019000000000000017,-0.02200000000000002,-0.029000000000000026,-5.3999999999999915,0.21000000000000002,-15,15,0
3,9,6,-2,1,0,0.9000000000000057,0.30000000000001137,0.5800000000000001,0.3900000000000001,6.560000000000002,8,0,0,-1,-1,0,0.010000000000000009,0.025000000000000022,0.010000000000000009,0.018000000000000016,-0.02400000000000002,-0.5,-0.18999999999999997,4,-4,1
9,4,0,-2,1,1,-4.6000000000000085,-5.200000000000003,0.6199999999999997,0.9999999999999996,-9.619999999999997,2,-7,-8,2,0,0,-0.05099999999999999,-0.02300000000000002,-0.05999999999999994,-0.050999999999999934,-0.03200000000000003,-1.2000000000000028,0.37,2,-2,0
3,8,0,-2,1,0,2.9000000000000057,-3.0,6.05,5.53,-11.970000000000013,2,8,3,4,1,1,0.0,0.0030000000000000027,0.0040000000000000036,0.0050000000000000044,0.016000000000000014,4.099999999999994,-0.52,9,-9,1
2,7,4,-4,1,1,5.3999999999999915,-8.900000000000006,14.34,13.66,2.7299999999999898,8,2,0,-2,1,1,0.014000000000000012,0.027000000000000024,0.0050000000000000044,0.020000000000000018,0.015000000000000013,-2.700000000000003,-0.6799999999999999,32,-32,1
2,2,-6,2,0,1,-9.899999999999991,12.400000000000006,-22.299999999999997,-21.29,0.46000000000000796,-8,-11,-1,-2,-1,-1,-0.02999999999999997,-0.027000000000000024,-0.041000000000000036,-0.040999999999999925,-0.06499999999999995,-0.9000000000000057,1.0,-47,47,0
9,2,-2,-2,1,0,3.9000000000000057,2.4000000000000057,1.5300000000000002,1.9500000000000002,-12.039999999999992,0,3,0,-1,0,2,0.007000000000000006,0.009000000000000008,0.028000000000000025,0.02199999999999991,0.026000000000000023,-0.4000000000000057,0.42,4,-4,1
4,2,2,6,0,1,-0.09999999999999432,1.4000000000000057,-1.3600000000000003,-1.2799999999999998,-9.31000000000001,-4,1,4,2,0,0,-0.030999999999999972,-0.009000000000000008,-0.02200000000000002,-0.02100000000000002,-0.03300000000000003,1.2000000000000028,0.07,-2,2,0
2,4,0,2,1,1,-4.200000000000003,0.0,-4.2,-4.12,-25.159999999999997,-2,-2,-2,1,0,0,-0.02899999999999997,-0.023999999999999966,-0.03500000000000003,-0.03799999999999992,-0.02300000000000002,1.2000000000000028,0.07999999999999999,-14,14,1
2,7,0,-4,1,1,0.5,-3.0999999999999943,3.48,3.13,-13.140000000000015,4,2,-1,2,1,-1,0.0,-0.02100000000000002,-0.0010000000000000009,-0.013000000000000012,-0.0040000000000000036,1.1000000000000085,-0.34,4,-4,1
